ID,Artist,Song,Dialect,Lyrics
0000,Ragheb Alama,نسيني الدنيا (Nassini El Donia),Egyptian,نسيني الدنيا نسيني العالم دَّوِبني حبيبي وسبني أقوللك أحلى كلام لو ألِّف الدنيا لو ألِّف العالم مش ممكن زي غرامك إنت ألاقي غرام لو أقُلك إني بحبك الحب شوية عليك لو ثانية أنا بأبعد عنك بأرجع مشتاق لعينيك ضمني خليك ويايا دَّوِبني ودوب في هوايا تعالى نعيش أجمل أيام كان أجمل يوم في حياتي يوم ما قابلتك يا حياتي مقدرتش أتحمل من غير ما أفكر لحظة لقِتني بدوب في هواك خدتني من كل الناس عشت في أجمل إحساس ونسيت يا حبيبي الدنيا معاك لو أقُلك إني بحبك الحب شوية عليك لو ثانية أنا بأبعد عنك بارجع مشتاق لعينيك ضمني خليك ويايا دَّوِبني ودوب في هوايا تعالى نعيش أجمل أيام أنا شايلك جوه عينيا والدنيا دي شاهدة عليا أنا جنبك وبحبك مش ممكن أقدر يا حبيبي في يوم أنساك بتمنى العمر يطول وأفضل أحبك على طول دا أنا ياما حلمت أكون وياك لو أقُلك إني بحبك الحب شوية عليك لو ثانية أنا ببعد عنك بارجع مشتاق لعينيك ضمني خليك ويايا دَّوِبني ودوب في هوايا تعالى نعيش أجمل أيام
0001,Mahmoud El-Lithy,سطلانة (Satalana),Egyptian,[الليثي] يا دكتور ... شوفلي تصريفة أبوس إيدك إكتبلي روشتة أنا جوايا حتة نضيفة خُدها إرميها في أي حتة أنا نفسي أقطعها ... نفسي أقلعها زي ما بأقلع الجاكِتة جيت أبيع حب ما حدش نَفَّعّْني قَفَلْت الدُكانة [كورس] أوووووه سطلانة سطلانة لانة سطلانة [عبد الباسط] كنكة بُن تِفَوقّني ما فُقّتِش رشة مَيّة تِفَتَحني ما فَتَحْتِش راكب دماغي و دايس مزاجي فى الطالع خالص أسرع من صواريخ ناسا الواحد ياما قاسي هابعد بعيد لأتعِدي من الناس العَيَّانة [كورس] أوووووه سطلانة سطلانة لانة سطلانة [حمدي باتشان] و النبي تديني يا شيف حبة دلع في رغيف علشان أشبع من الفرحة و أوَفَّر المصاريف و النبي تديني يا شيف حبة دلع في رغيف علشان أشبع من الفرحة و أوَفَّر المصاريف عمالة الدنيا تلِف تلِف و مرَقَصّانا [كورس] أوووووه سطلانة سطلانة لانة سطلانة [عبد الباسط حمودة و حمدي باتشان] كنكة بُن تِفَوقّني ما فُقّتِش رشة مَيّة تِفَتَحني ما فَتَحْتِش راكب دماغي و دايس مزاجي فى الطالع خالص أسرع من صواريخ ناسا الواحد ياما قاسي هابعد بعيد لأتعِدي من الناس العَيَّانة [كورس] أوووووه سطلانة سطلانة لانة سطلانة [الخلعي] يا نفسي ... خليكي في نفسِك يا إمّا هتبقي الغلطانة و يا إحساساتي هفضل حابسك أحسن تِجري ع اللي أذانا خدت العلاجات و ما خَفِتشِ أعصابي تَلفانة [كورس] أوووووه سطلانة سطلانة لانة سطلانة [الليثي] يا بِت يا حب الحب يا قلب القلب يا نني العين بحبك أكتر من الفاكهة و من شنطة فيها ملايين نفسي أشوفك لأدلُق عليكي و عَلَّيا شوية بنزين أيوة أنا مجنون في حبك و دماغي تعبانة [كورس] أوووووه سطلانة (أااااه) سطلانة لانة سطلانة أوووووه سطلانة (الناس العَيَّانة) سطلانة لانة (من الناااااااااااس) سطلانة من الناس العَيَّانة
0002,Elissa,أجمل إحساس (Agmal Ehsas),Egyptian,أجمل إحساس فى الكون، إنك تعشق بجنون و ده حالى معاك خلتنى اعيش ايام، مليانة بشوق و غرام دوبنى هواك أجمل إحساس فى الكون، إنك تعشق بجنون و ده حالى معاك خلتنى اعيش ايام، مليانة بشوق و غرام دوبنى هواك عاشقاك بجنون روحى انا قلبى المفتون كله منى وياك بيعيش أحلى هنا، حبيبى أنا، يا روحى أنا عاشقاك بجنون روحى انا قلبى المفتون كله منى وياك بيعيش أحلى هنا، حبيبى أنا، يا روحى أنا يا ويلى يا ناري قولى إزاى أدارى شوقى و لهفة قلبى فى قربك حتى و احنا سوا بتنور سنينى و بيكبر حنينى قرب منى تعالى فى حضنى و املى حياتى هوى يا ويلى يا ناري قولى إزاى أدارى شوقى و لهفة قلبى فى قربك حتى و احنا سوا بتنور سنينى و بيكبر حنينى قرب منى تعالى فى حضنى و املى حياتى هوى عاشقاك بجنون روحى انا قلبى المفتون كله منى وياك بيعيش أحلى هنا، حبيبى أنا، يا روحى أنا عاشقاك بجنون روحى انا قلبى المفتون كله منى وياك بيعيش أحلى هنا، حبيبى أنا، يا روحى أنا غيرنى بثوانى إحساسى اللى جانى اول مرة احس بالدنيا حلوة فى عينى كدة ايه اتمنى تانى فيه كل الأمانى دة انت مليت الدنيا علىَّ بإلأشواق و الهنا عاشقاك بجنون روحى انا قلبى المفتون كله منى وياك بيعيش أحلى هنا، حبيبى أنا، يا روحى أنا عاشقاك بجنون روحى انا قلبى المفتون كله منى وياك بيعيش أحلى هنا، حبيبى أنا، يا روحى أنا أجمل إحساس فى الكون، إنك تعشق بجنون و ده حالى معاك خلتنى اعيش ايام، مليانة بشوق و غرام دوبنى هواك أجمل إحساس فى الكون، إنك تعشق بجنون و ده حالى معاك خلتنى اعيش ايام، مليانة بشوق و غرام دوبنى هواك
0003,Sabah,يانا يانا (Yana Yana),Egyptian,يانا يانا يانا يانا يانا يانا فى حبيبي اموت انا فى حبيبي اموت انا بلهيبي يا عذابي وحبيبي وحبيبي ما داري بي وعلشانه اموت انا يا نا يانا يا تعبني يانا يانا يا سايبني للعذاب يسهر عليا والسهر يتسلى بيا لو صحيح مش داري بيا ليه بتتلفت عليا واما بتقابلك عنيا ليه بتهرب من عنيا اموت انا بلهيبي يا عذابي وحبيبي وحبيبي ما داري بي وعلشانه اموت انا يا نا يانا يا تعبني يانا يانا يا سايبني للعذاب يسهر عليا والسهر يتسلى بيا لو صحيح مش داري بيا ليه بتتلفت عليا واما بتقابلك عنيا ليه بتهرب من عنيا اموت انا بلهيبي يا عذابي وحبيبي وحبيبي ما داري بي وعلشانه اموت انا لو تشرق او تغرب مهما بتعد راح تقرب راح تجرب ناري ديه يا جميل تصعب عليا نار تخلي التلج يغلي راح تصرخ منها قبلي واللى هينجيك عنيا يا جميل تصعب عليا اموت انا بلهيبي يا عذابي وحبيبي وحبيبي ما داري بي وعلشانه اموت انا انت خايف من رموشي ما بيجرحوشي دول حبايبك يا حبيبي ولا خايف حبي ياخدك بحر تغرق فيه لوحدك لا ده انا معاك يا حبيبي ولا اقولك طب وحبك غصب عنك راح تحب ذنبك ايه ذنبك بحبك هو بعد الحب ذنب وعلشانه اموت انا
0004,Hassan Shakosh,حبيبتي (Habibty),Egyptian,[حسن شاكوش:] حبيبتي، أفتحي شباكك أنا جيت أنا واقف تحت البيت مش هعمل زيطه وسيط، وحشتيني بتلفي وتدوري عليا ليه مش عايزه تحني ليه طب بصي يا بنت الإيه، مش هحلك بلاغيكي، قولتلك بهوايا لو مش جايه معايا هعمل ألف جنايه هقلب زومبي أنا جايلك، وبقولك وحشاني إنتي النص التاني وبقيتي بالنسبالي أم عيالي اسم الله، محروسه من العين ما شاء الله يا غزال بيطل الطله كعبك مرسوم بالحنه، يا أميره شغلاني، ومن العالم وخداني حضنك لاقيته مكاني لو غيبتي عني بعاني، يا روح قلبي بالعافيه، أنا جوه في منطقتك واقف تحت بيتيك وبسمع حتتك، أنتي تخصيني من الآخر، اللي يقربلها أو يجي يوم عندها هخطفه في وقتها، أنا دمي حامي روحي، أفديكي بروحي بس أوعي تروحي أنا كل طموحي دبلة خطوبه قلبي، أنتي نبض قلبي وحياتي أنتي يا بطل منطقتي، يا جميله كتكوته، يا كريمه على بسكوته جرينوڤ ومش مقروطه قمر، چيلي وقطوطه، يا عسليه مملكتي، والباقي كله جواري أنتي اللي جوه خيالي أخدتي كل حناني، يا نن العين [ياسمين رئيس:] ما يصحش، في الرايحه وفي الجايه عينك تيجي عليا مش هاجي بالملاغيه والمرزايه بتعاكس، طب بردك مش هاجي معجب كلم دادي لو وافق يا حياتي هديك عينيا [حسن شاكوش:] أنا جايلك، وبقولك وحشاني أنتي النص التاني وبقيتي بالنسبالي أم عيالي
0005,Abdel Halim Hafez,زي الهوا (Zay El Hawa),Egyptian,زي الهوا يا حبيبي زي الهوا وآه من الهوى يا حبيبي آه من الهوى وخذتني من إيدي يا حبيبي ومشينا تحت القمر غنينا وسهرنا وحكينا وفي عز الكلام سكت الكلام وأتاريني ماسك الهوا بإيدية وآه من الهوى يا حبيبي وخذتني ومشينا والفرح يضمنا ونسينا يا حبيبي مين إنت ومين أنا حسيت إن هوانا ح يعيش مليون سنة وبقيت وانت معايا الدنيا ملك إيديا أأمر على هوايا تقول أمرك يا عينية وفي عز الكلام سكت الكلام وأتاريني ماسك الهوا بإيدية وآه من الهوى يا حبيبي خايف ومشيت وأنا خايف .. إيدي في إيدك وأنا خايف خايف على فرحة قلبي .. خايف على شوقي وحبي وياما قلت لك أنا .. واحنا في عز الهنا قلت لك يا حبيبي لا أنا قد الفرحة ديا .. وحلاوة الفرحة ديا خايف لا في يوم وليلة ماألاقكش بين إيديا تروح وتغيب عليّ يا حبيبي وقلت لي يا حبيبي ساعتها دي دنيتي إنت اللي ملتها وفي عز الكلام سكت الكلام وأتاريني ماسك الهوا بإيدية وآه من الهوى يا حبيبي وخذتني يا حبيبي ورحت طاير طاير وفتني يا حبيبي وقلبي حاير حاير وقلت لي راجع بكرة أنا راجع وفضلت مستني بآمالي ومالي البيت بالورد بالشوق بالحب بالأغاني يا حبيبي يا حبيبي بشمع قايد بأحلى كلمة فوق لساني كان ده حالي يا حبيبي لما جيت رددنا الغنوة الحلوة سوا ودبنا مع نور الشمع .. دبنا سوى ودقنا حلاوة الحب .. دقناها سوى وفي لحظة لقيتك يا حبيبي زي دوامة هوا رميت الورد طفيت الشمع يا حبيبي والغنوة الحلوة ملاها الدمع يا حبيبي وفي عز الأمان ضاع مني الأمان وأتاريني ماسك الهوا في إيدية وآه من الهوى يا حبيبي
0006,Amr Diab,قمرين (Amarain),Egyptian,والله ما كان على بالي يا هوا والله ما كان على بالي يا هوا قمرين، قمرين دول ولا عينيك قلبي بيسألني عليك أتاريني بفكر فيك يا قلبي يانا من حبه يانا يا شوق أمانة تملى الليالي غرام أهين يا عمري يا كل عمري سلمته أمري وعينيك قالت لي كلام والله ما كان على بالي يا هوا والله ما كان على بالي يا هوا قمرين، قمرين دول ولا عينيك قلبي بيسألني عليك أتاريني بفكر فيك طال انشغالي وياك ياغالي وأنا ايه جرالي خلاني أدوب فى هواك اشمعنى انت حبيتك انت ازاي وامتى شغلت روحي معاك والله ما كان على بالي يا هوا والله ما كان على بالي يا هوا قمرين، قمرين دول ولا عينيك قلبي بيسألني عليك أتاريني بفكر فيك
0007,Oum Kalthoum,دارت الأيام (Daret El Ayam),Egyptian,ودارت الأيام، ومرت الأيام ما بين بعاد وخصام وقابلته نسيت إني خصمته ونسيت الليل اللي سهرته وسامحت عذاب قلبي وحيرته ما اعرفش إزاي إزاي إزاي أنا كلمته ما اقدرش على بعد حبيبي أنا ليا مين أنا ليا مين إلا حبيبي قابلني والأشواق في عنيه سلم وخد ايدي في ايديه وهمس لي قاللي الحق عليه نسيت ساعتها بعدنا ليه فين دموع عيني اللي ما نامت ليالي بابتسامه من عيونوا نسّاهالي أمرّ عذاب، واحلى عذاب، عذاب الحب للأحباب ما اقدرتش اصبر يوم على بعده ده الصبر عايز عايز صبر لوحده ما اقدرش على بعد حبيبي وصفولي الصبر لقيته خيال وكلام في الحب يا دوب ينقال واهرب من قلبي اروح على فين ليالينا الحلوة في كل مكان مليناها حب احنا الأثنين وملينا الدنيا أمل، أمل وحنان عيني عيني على العاشقين حيارى مظلومين، عالصبر مش قادرين ما اقدرتش اصبر يوم على بعده ده الصبر عايز عايز صبر لوحده ما اقدرش على بعد حبيبي وهل الفجر بعد الهجر بلونه الوردي بيصبح ونور الصبح صحى الفرح وقال للحب قوم نفرح من فرحتي تهت مع الفرحه من فرحتي لا بنام ولا بصحى ولقيتني معاك بعيش معاك بعيش في ربيع ما فيش كده بين شوق ما ينتهيش، وشوق ثاني ابتدى ما اقدرتش اصبر يوم على بعده ده الصبر عايز عايز صبر لوحده ما اقدرش على بعد حبيبي
0008,Ragheb Alama,حبيب قلبى (Habib Albi),Egyptian,حبيب قلبي يا غالي يا مسهرني الليالي اسمك دايما ع بالي وبقلبي ليل نهار ارجوك قربني منك ما فيي ابعد عنك والعالم قالوا انك اجمل ما قلبي اختار انت عيوني فرحة جنوني بحلم حبيبي نكمل المشوار مهما لاموني يا نور عيوني بحلم حبيبي نكمل المشوار بحلم حبيبي نكمل المشوار بغيابك عني بشتقلك يا حبي الوحيد قلبي على طول بيندهلك لو كنت بعيد انت بروحي وكياني ورود الربيع من خوفي لحظة تنساني عمري بيضيع انت عيوني فرحة جنوني بحلم حبيبي نكمل المشوار مهما لاموني يا نور عيوني بحلم حبيبي نكمل المشوار بحلم حبيبي نكمل المشوار ياللي غرامك جنني يا اجمل غرام لو تبعد يا حبيبي عني ابدا ما بنام سحرني بعيونك بعيونك خليني دوب عمري من دونك من دونك لا مش محسوب انت عيوني فرحة جنوني بحلم حبيبي نكمل المشوار مهما لاموني يا نور عيوني بحلم حبيبي نكمل المشوار بحلم حبيبي نكمل المشوار يا حبيب قلبي يا غالي يا مسهرني الليالي اسمك دايما ع بالي وبقلبي ليل نهار ارجوك قربني منك ما فيي ابعد عنك والعالم قالوا انك اجمل ما قلبي اختار
0009,Cairokee,تلك قضية (Telk Qadeya),Egyptian,ينقذ في سلاحف بحرية يقتل حيوانات بشرية تلك قضية وتلك قضية كيف تكون ملاكا أبيض؟ يبقى ضميرك نص ضمير تنصف حركات الحرية وتنسف حركات التحرير وتوزع عطفك وحنانك ع المقتول حسب الجنسية وتلك قضية وتلك قضية كيف تكون إنساناً راقي؟ ومطابق للإشتراطات كل كلامك لابس واقي وبتحضن كل الشجرات بتقول ع البواب الحارس وجنبك جيش بيهد مدارس واما بتقفش نفسك لابس دم.. تقول الكل ضحية وتلك قضية وتلك قضية كيف أصدق هذا العالم لما بيحكي عن الإنسان؟ شايف أم بتبكي ضناها علشان مات في الغارة جعان ويساوي المقتول بالقاتل بشرف ونزاهة وحيادية وتلك قضية وتلك قضية كيف أنامَ قريرَ العينِ؟ وأضع سدادة أذنين والعيلة المدفونة ف بيتها ممنوع حد يخش يغيتها وكأن الارض اللي فوقيهم مش تبع الكورة الأرضية وتلك قضية وتلك قضية كيف تعيش في سجنٍ واسع؟ زنازينه من نار ورماد وتقوم من تحت الأنقاض تتشعلق ف رقاب القاتل تجمع اشلائك وتقاتل وتوري الدنيا الكدابة كيف يسير قانون الغابة من اين طريق الحرية ومن أين تؤتى الدبابة مش فارقة العالم يتكلم موت حر وما تعيشٌ مسلّم تلهم جيل ورا جيل يتعلم كيف يعيش ويموت لقضية بننادي على عالم مين علشان يستنكر ويدين دن كما شئت فأي إدانة لما يجري جوا السلخانة مش هتخف بارود الدانة ولا قادرة ترجع له صباح تلك قضية وهذا كفاح
0010,Maher Zain,محمد (ص) [واحشنا] (Muhammad (Pbuh) [Waheshna]),Egyptian,شُفت ياما ناس مُناها تعيش العمر جنبك، برضه ما يكفيش أحلى دنيا عندي ما تساويش إلا معاك يا رسول الله واحشنا يا رسول الله يا سيدنا، شوقنا زاد والله و مهما تِطَّوِل الغياب محمد، مشتاق إليك والله محمد، قلبي عليك صلّى طال سؤالي قوللي إزاي كده؟ عاشقة عيوننا حد مش شايفاه؟ لو حقيقي هو غالي عليك إرضيه، في الجنة تبقى معاه واحشنا يا رسول الله يا سيدنا شوقنا زاد والله ومهما تِطَّوِل الغياب محمد، مشتاق إليك والله محمد، قلبي عليك صلّى ده أنا زاد في قلبي حنين و دموعي مالية العين طمعان بقالي سنين إني أزور المصطفي مرة إني أزور المصطفي مرة واحشنا يا رسول الله يا سيدنا شوقنا زاد والله ومهما تِطَّوِل الغياب محمد، مشتاق إليك والله محمد، قلبي عليك صلّى
0011,Tangled (OST),أخيرا شفت النور [I See The Light] (Akhiran shuft en-nor),Egyptian,طول عمري من البُرج شايفة الدنيا من شباكي بعيد طول الوقت، عمري ما كنت أعرف شكل أفراح العيد بره البرج شايفة كل نجمة برى البرج فجأة حسيت بجو جميل وبألف دليل !إن الخلا هو البيت وأخيراً شفت النور... والسما من فوقي صافية وأخيراً شفت النور والسما مليانة نجوم والقلب إتملى بسرور والهوا بالفرحة الدافية فجأة لقيت الحياة مُختلفة !لما شُفت عنيك !أنا جبتلك حاجة برضو كان لازم أديهالك من الأول بس أنا أصلي كنت خايفة. !ودلوقتي .. أنا مبقتش أخاف فاهم قصدي؟! إبتديت أفهم طول العمر عايش في أحلامي باجري وانا مقطوع الأنفاس وطول الوقت، عمري ما شفت الدنيا بجد بعين الناس دلوقتي هي قدام عيني دلوقتي القلب يقول !وياها .. ومعاها، وطريقي مش مجهول !وأخيراً شُفت النور !والسما من فوقي صافية وأخيراً شُفت النور !والسما مليانة نجوم والقلب إتملى بسرور !والهوا بالفرحة الدافية فجأة لقيت الحياة مُختلفة !لما شُفت عنيك !لما شُفت .. عنيك
0012,Aladdin (OST),دى دنيا فوق [A Whole New World] (Di dunya fu'),Egyptian,هاتي إيدك حنشوف دنيا جديدة بتلمع يا أميرة إمتى قلبك كان ليكِ يوم دليل سيبي قلبك ليا ويشوف دنيا عجيبة دنيا بعيدة وقريبة عالبساط السحري نطير دي دنيا فوق ده عالم تاني مش معروف مانحسش فيه بخوف وفيه نشوف الحلم يبقى حقيقة دي دنيا فوق ده عالم تاني ماعرفوش وأنا وياك بعيد أكيد أكيد بقيت في عالم تاني ماعرفوش وأنا في عالم  تاني ماعرفوش دنيا ماتقولش حلم و حلم و انت اهو صاحي فوقي و تحتي و حوليا  بشوف سماء صافيه ما لها حدود دي دنيا فوق بس ما تغمضيش نفسي اشوف حاجات كتير لسه ياما هتشوفي طايره بلا جناح قلبي مرتاح مش عاوز يرجع تاني يبقي اسير دي دنيا فوق دي دنيا تانيه مش أحلام حضنيني حوالكي يا عيني ما تناميش خلينا نعيش ما تخليش ولا لحظه تضيع و تفوت دي دنيا فوق فيها هنعيش ده حلم كبير مفروش بحرير و فيه هنعيش
0013,Fadel Chaker,أحلى رسمة (Ahla Rasma),Egyptian,إلا و أنا معاك بحس بروحي طايرة مافيش و لا دمعة حايرة و بألاقيني معاك إلا و أنا معاك و إلا و أنا معاك بأحس بصدق الكلمة و دمعة حنين و بسمة ماتعديش أي نسمة إلا و أنا معاك إلا و أنا معاك نسيتني القسوة ديّه طلعت الحلو فيّا مفيش أجمل يا عينيا من الحلو اللي جواك إلا و أنا معاك نسيتني القسوة ديّه طلعت الحلو فيّا مفيش أجمل يا عينيا من الحلو اللي جواك إلا و أنا معاك مابقتش أخاف من بكرة و الماضي كله ذكرى ولقيت أماني معاك إلا و أنا معاك إلا و أنا معاك ألوان الدنيا خدتني أحلى رسمة رسمتني نجمة بليلك ضَّوِتني عرفت الحب معاك إلا و أنا معاك نسيتني القسوة ديّه طلعت الحلو فيّا مفيش أجمل يا عينيا من الحلو اللي جواك إلا و أنا معاك نسيتني القسوة ديّه طلعت الحلو فيا مفيش أجمل يا عينيا من الحلو اللي جواك (رووح الله..) إلا و أنا معاك بحس بروحي طايرة مافيش و لا دمعة حايرة و بألاقيني معاك إلا و أنا معاك
0014,Ruby (Egypt),ليه بيداري (Leih Beydary Keda),Egyptian,آآآهين آآآهين آآآهين آآآهين آآآهين آآآهين آآآهين آآآهين بقالي ليالي بنادي حبيبي ما جالي لا ريحلي بالي و لا داري باللي جرالي وانا اعمل ايه في اللي بحبه يا ويلي يا ناري و انا شايف صورته اوصاد عيني يابا طول ليلي و نهاري وانا اعمل ايه في اللي بحبه يا ويلي يا ناري و انا شايف صورته اوصاد عيني يابا وانا مالي يابا هيه طب ليه بيداري كدا و لاهو داري كده و لا نادالي كدا و لا نده ليه حيرني و ليه بيهجرني انا و لا بجيش على باله كدا آآآهين آآآهين آآآهين آآآهين آآآهين آآآهين آآآهين آآآهين بقالي ليالي بنادي حبيبي ما جالي لا ريحلي بالي و لا داري باللي جرالي وانا اعمل ايه في اللي بحبه يا ويلي يا ناري و انا شايف صورته اوصاد عيني يابا طول ليلي و نهاري وانا اعمل ايه في اللي بحبه يا ويلي يا ناري و انا شايف صورته اوصاد عيني يابا وانا مالي يابا هيه طب ليه بيداري كدا و لاهو داري كده و لا نادالي كدا و لا نده ليه حيرني و ليه بيهجرني انا و لا بجيش على باله كدا
0015,Tarzan (OST),أنا غريب [Strangers Like Me] (Ana ghareeb),Egyptian,"رح أكون تلميذ شاطر نبيه وروني الدنيا دي ماشيا ازاي دي معاني كتير, لكني معرفهاش جبل المعرفة أنا شايفه رهيب العلم عجيب و بعيد وقريب أنا وسط الناس أنا واحد منهم و لأول مره أعرف وافهم أسرارهم أيوا أنا هو..عليموني عايز اعرف كل شيء عن الأغراب أنا غريب..علموني مش حاسس غربة و أنا وياكو يا أغراب كل لفته, كل نظرة بعينها قلبي ينبض إحساس جديد إحساس غريب, مش عارف ليه شدتني ليها آه, قلبي بيرقص جوايه سعيد عالم تاني جديد شايفه من بعيد ورا الأشجار فوق السحاب شايف دنيا تانية بتفتح بابها أيوا أنا هو..عليموني عايز اعرف كل شيء عن الأغراب بوصي معاية شوفي الجمال دي جنة أحلا من الخيال حسه إحساسي الجميل؟ حسيه, عشيه خديني عرفيني الدنيا هناك أيوا أنا هو..عليموني عايز اعرف كل شيء عن الأغراب أنا غريب..علموني مش حاسس غربة و أنا وياكو يا أغراب أيوا أنا هو"
0016,Cairokee,بسرح واتوه (Basrah w Atoh),Egyptian,بسرح واتوه ف الذكريات وبعيش حياة ويا اللي فات اشخاص اماكن كل شيء حاجة توديني لحاجات حكايات مواقف كلها ف الماضي دي انا عشتها كل لما اغمض عيني اروح لسنين سابتني وسيبتها لية بحبها مهي ماضي عدى وانتهى وإن سيبتها تمشي بترجع وحدها وساعات انا بشتاقلها فاندهلها ليه بحن ليها واعيش عليها مفيش اجابة عرفتها انا عمري كام علشان تكونلي الذكرى أسلوب حياة دماغي فيها مليون شريط ماضي قديم من دا ودا ده انا كنت عيل من يومين ودخلت أنام صحيت لقيت العمر عدى مخدنيش معاه بسرح واتوه ف الذكريات وبعيش حياة ويا اللي فات اشخاص اماكن كل شيء حاجة توديني لحاجات وف السنين انا مش كبير وشعري اسود زي ليل والليل مبيعديش طويل مفهوش هروب م الذكريات ليه مليش ف بكرة وليه بتوه ليه مليش ف حلم بترسموه بسرح ف الاقي الذكرى بس وفيها بلقى انا يومي أمس غير يومكوا ده اللي بتعيشوه الذكرى واخداني لمكان ايام زمان وقت الفرح وقت الهنا انا وسط بكرة مليش وجود ف الذكرى بس بكون انا برجع ف غمضه عين سنه وسنه ف سنه انا ببقى انا عيل بيهوى الدندنة احلامه سهلة وممكنة وعشان كدة انا من هناك انا بنتمي للذكريات ومليش مكان بينكم هنا بسرح واتوه ف الذكريات وبعيش حياة ويا اللي فات اشخاص اماكن كل شيء حاجة توديني لحاجات
0017,Cairokee,كان لك معايا (Kan Lak Ma'aya),Egyptian,اصوات كتيرة حلوة لكن دماغ مفيش بيغنوا ويطربوا لكن معاني متلقيش نجوم بعيد عنك بتقولك ازاي تعيش مأساتك سبوبة بياكلوا منها عيش اللي يقولك احنا بنتفائل دة بكرة احلي اوعي في يوم تسلم ،كمل بسيطة سهلة انت جامد انت تقدر دنيا حلوة عبي غنوة اعمل فلوس اعمل فيوز احلم وطرمخ ع الكابوس بيبعولك الهوا بيحطوا السم في الدوا انت واحد ، هما سوا نجوم بعيد في السما باصين عليك من فوق جعانين فلوس وشهرة وضوء يدولك مليون امارة وانت تاخد بالذوق يديلك مليون امارة وحلول كل المشاكل يرمولك طُعم في صنارة تاكل تتشد تتاكل في اغنية او اعلان ويفوت 60 عام والعمر يجري اوام ، يفضلوا يقولو بكرة احلي طب ياخي اخي احلي ليه زعلان كان لك معايا، اجمل حكاية، في العمر كله كان لك معايا، اجمل حكاية، في العمر كله الامل في بوقهم زي اللبانة كل حاجة اشتغالة والحقيقة بقت رزالة عاوزينك دايما ساكن وعقلك هو الزنزانة زيهم زي الدبانة شغالين زن زن زن صحوك من احلي نومة فوق يلا احلم اوعك تفكر او تهتم متزودهاش اتلم ف مخليك متفائل وبلاش غم حياتك البائسة بالنسبالهم غذا بياكلوا في احلامك الجريئة المتحمسة انت لقمة اتاكل وانت ساكت معرفتهم علشان تنجح لازم تبقي ساقط فنك يبقي هابط صوتك يبقي خافت او مش مسموع كان لك معايا، اجمل حكاية، في العمر كله كان لك معايا، اجمل حكاية، في العمر كله مهما ترسم ع الحيطان الف باب لسه الحيطان حيطان، والرسمة باب كداب مهما تفرش طريق اخره لامع بالاضواء يفيد بإيه النور لما يكون سراب يكتبوا علي قبرك كان راجل طيب عاش ومات من سكاات﻿
0018,Cairokee,أنا نجم (Ana Negm),Egyptian,وبعدين كل ما اخد خطوة ارجع اتنين العمر بيجري سابق السنين انا شاب لكن من جوة عجوز عند جناحات بس محبوس مجروح بنزف طموح بدمي بكتب كلامي وابوح بسرح بتخيل بروح بغني ترد فيا الروح يمكن دا مش مكاني او الزمان دا مش زماني او انا موهوم يمكن خيالي وداني لدنيا او لعالم تاني او انا مجنون او يمكن انا نجم بس ما فيش سما عندي جناحات بس ما فيش هوا انا نجم بس ما فيش سما عندي جناحات بس ما فيش هوا وبعدين سامع جوه مني صوتين صوت سابقني والتاني قديم صوت يدل وصوت يضل صوت يحرر وصوت يشل وبعدين اروح لمين بحلم ببكرة انا طول الليل يجي النهار واصطبح كل اللي حلمته بيتمسح اوقات بحس اني سابق انتوا عايشين في الماضي وانا معاه بتخانق مكاني انا شايفه مش هنا احلامي اقوى مني ومكمله انا نجم بس ما فيش سما عندي جناحات بس ما فيش هوا انا نجم بس ما فيش سما عندي جناحات بس ما فيش هوا انا نجم بس ما فيش سما عندي جناحات بس ما فيش هوا شايف لبعيد بس مافيش طريق عندي حكايات احكيها لمين وانا وحيد
0019,Amr Diab,بابا (Baba),Egyptian,رمش خطاف والسحر أصناف وأنا قلبي يتخاف عليه يا بابا ورد يتشال ولونه قتال شغلني وأزال ما فات يا بابا رسمة العين، ده ربنا يعين كل اللي والعين منهم يا بابا ماس على ياقوت، هأموت عليها موت من رقة الصوت آهين يا بابا آهي آهي آهي آهي آهي آه من رقة الصوت آهين يا بابا آهي آهي آهي آهي آهي آه من رقة الصوت آهين يا بابا خد وَنّاس و ضيُّه كالماس عايزله حراس عليه يا بابا العيون سود وقلبي معقود سكر وعنقود عنب يا بابا الدلال قال في الضحكة موال وحسنها إغتال قلوب يا بابا ماس على ياقوت، هأموت عليها موت من رقة الصوت آهين يا بابا آهي آهي آهي آهي آهي آه من رقة الصوت آهين يا بابا آهي آهي آهي آهي آهي آه من رقة الصوت آهين يا بابا آهي آهي آهي آهي آهي آه من رقة الصوت آهين يا بابا آهي آهي آهي آهي آهي آه من رقة الصوت آهين يا بابا
0020,Tarzan (OST),هتعيش هنا في القلب [You'll Be In My Heart] (Hat'eesh hna fil alb),Egyptian,يا روحي تبكي دنيتنا بخير هات يلا إيديك يلا نعيش قلبي نور يحميك من الخوف و الليل أنا وياك ما تبكيش يا ضي العين محتاج لحنان و أنا حضني كبير مليان دفى و أمان أم و ابنها دايماً حنعيش أنا وياك ما تبكيش حتعيش هنا في القلب حتعيش هنا في القلب من اليوم ده حكون وياك ومعاك على طول حب يعيش في القلب مهما قالوا كلام حب يعيش هنا في القلب دايماً دايماً
0021,Fadel Chaker,الحب و بس (Elhob W Bass),Egyptian,مكسوف و تِداري و أنا قايدة ناري قَرَّب و أنا شاري يا إنت أنا و الحب و بس ياما حكايات قالوهالنا زمان كان حب و كان لكن اللي في قلبي و لا مرة إتحَّس مكسوف و تِداري و أنا قايدة ناري قَرَّب و أنا شاري يا إنت أنا و الحب و بس ياما حكايات قالوهالنا زمان كان حب و كان لكن اللي في قلبي و لا مرة إتحَّس تايه من نفسي و ضعت كتير و لقيتك إنت شايف الدنيا بحالها في كوم و التاني إنت مابقتش أتحمل وجع و لوم داويني إنت غرقان يا حبيبي ماليش في العوم رسيني إنت تايه من نفسي و ضعت كتير و لقيتك إنت شايف الدنيا بحالها في كوم و التاني إنت مابقتش أتحمل وجع و لوم داويني إنت غرقان يا حبيبي ماليش في العوم رسيني إنت مكسوف و تِداري و أنا قايدة ناري قَرَّب و أنا شاري يا إنت أنا و الحب و بس ياما حكايات قالوهالنا زمان كان حب و كان لكن اللي في قلبي و لا مرة إتحَّس يا نصي التاني أبو ضحكة رماني من حبه سقاني و ضِحِك لي زماني و بقلبي حس الدنيا تَلّاقي غني يا أشواقي زيك ما بألاقي و عمري الباقي معاك إنت وبس تايه من نفسي و ضعت كتير و لقيتك إنت شايف الدنيا بحالها في كوم و التاني إنت مابقتش أتحمل وجع و لوم داويني إنت غرقان يا حبيبي ماليش في العوم رسيني إنت تايه من نفسي و ضعت كتير و لقيتك إنت شايف الدنيا بحالها في كوم و التاني إنت مابقتش أتحمل وجع و لوم داويني إنت غرقان يا حبيبي ماليش في العوم رسيني إنت مكسوف و تِداري و أنا قايدة ناري قَرَّب و أنا شاري يا إنت أنا و الحب و بس ياما حكايات قالوهالنا زمان كان حب و كان لكن اللي في قلبي و لا مرة إتحَّس
0022,Nancy Ajram,يا قلبو‎ (Ya Albo),Egyptian,ضحك وضحكتلو دلع انا ياما اتدلعتلو فاضل ايه تاني وانا اعملو مانا عملت اللي عليّا غمز وغمزتلو وكلام حلو انا ياما قولتلو ده تاعب قلبي معاه وبهدلو وبرضو مش حاسس بيّا ياقلبو حس انى بحبو أكتر من حبايبو ومش هسيبو أنا في حالو ياقلبو حس إني بحبو طول الوقت جنبو وهو مش واخد بالو سهر وسهرتلو خدت الليل انا من أولو زى القمر اسهر ابصلو واشيلو انا جوه عينيا ياما لمحتلو ياما قولتلو إني ارتاحتلو لو بالهدايا أنا ياما جبتلو وبرضو مش حاسس بيّا ياقلبو حس إني بحبو أكتر من حبايبو ومش هسيبو أنا في حالو ياقلبو حس إني بحبو
0023,Cairokee,حكمة الأيام (Hekmet El Ayam),Egyptian,في نهاية كل رواية دايرة بتدور جوة الرواية رواية مكتوبة بين السطور عن بطل كان مغمور ومحدش فيه سائل حلمه ما شافش النور لكنه مات بيحاول فيه كلام جوايا متشرحش كان نفسي أقوله بس الوقت مسمحش كان نفسي أكون معاكي وأدلك على الطريق في ضهرك افضل واقف وأكون ليكي صديق ودي حكمة الأيام أكون في حياتك بس ماليش مكان أشوفك وتشوفيني في الخيال فراق قبل اللقا ودي حكمة الأيام أكون في حياتك بس ماليش مكان أشوفك وتشوفيني في الخيال فراق قبل اللقا عيني جت في عينيكي مرة ومش هتفتكري كنت في الدنيا تايه وكان لازم أجري أنا لو وقفت أموت بتطاردني الذكريات عن أقرب ناس ليا اتكتب علينا الفراق ببعد عشان حبيتك وشفت فيكي أمل مفيش في الدنيا نهاية طول ما فيه الزمن الساعة بتلف والشمس بتشرق كل يوم لو النهاردة مش يومنا يمكن بكرة يكون ودي حكمة الأيام أكون في حياتك بس ماليش مكان أشوفك وتشوفيني في الخيال فراق قبل اللقا ودي حكمة الأيام أكون في حياتك بس ماليش مكان أشوفك وتشوفيني في الخيال فراق قبل اللقا
0024,Cinderella (OST),بيبيدي بوبيدي بو [Bibbidi Bobbidi Boo],Egyptian,:الكلمة السحرية هي سلاجادولا منشي كابولا بيبيدي بوبيدي بو كلمة سحرية هنقولها و نشوف بيبيدي بوبيدي بو سلاجادولا منشي كابولا بيبيدي بوبيدي بو السحر يتحقق قداما و نشوف بيبيدي بوبيدي بو و سلاجادولا يعني منشي كابولا انه في أمور متدارية في الكلمة السحرية دي بيبيدي بوبيدي بو سلاجادولا منشي كابولا بيبيدي بوبيدي بو كلمة سحرية هنقولها و نشوف بيبيدي بوبيدي بيبيدي بوبيدي بيبيدي بوبيدي بو
0025,Hercules (OST),مش هقول عشقاه [I Won't Say It (I'm In Love)] (Mush ha'ul 'ash'aah),Egyptian,لو كان في جايزة للعباطة انا خدت الجايزة دي مرات ما فيش راجل يستاهل حبي ده حكاية قديمة بزيادة حكاية انتي بتخدعلي قلبك روحك فيه على مين رح تخفي؟ مهما تداري في حبك شايفين قلبك ده واللي فيه مهما تخبي يا حلوة عارفين معنى الغنوة دي واللي شاغلك ميين؟ اااااه كلام احلام لا مش هنطق لا لا تناهيد هيام قلب بيعشق يا حلوة كلام احلام ... لا مش هنطق انا لاااا خلاص الدرس ده تعلمته وده الحب في بدايته عقلي بيصرخ انسى اللي حلمته ما في حلم الا ومخيف في نهايته ليه مصرة تكابري؟ وانتي عيونك أهي معترفة مهما يا روحي تخبي احنا قلوبنا شايفة وعارفة واجهي الامر بحكمة وانطقي يللا الكلمة وقولي اه اه فعلا ااااه كلام احلام لا مش هنطق لالا هوه .. ده الحب ! بسمتك بتقول عشقاه اوهام .. لالا مش هقول عشقاه لااا هيمانة فيه بتحبيه ورايداه كلام تخريف مش هنطقها لا (ايوه انتي عشقاه) بلاش تأليف مش هنطقها لااا ما تخافيش لا ده الغرام يا ما احلاااه اااااه بيني وبينكو انا دايبه في هوااااه
0026,Ruby (Egypt),غاوي (Ghawy),Egyptian,ليه غاوي تفارق ليه وتبعد ليه ليالي غاوي تخاصم ليه وتهجر ليه يا غالي مالك حبيبي غيري ولا غيرك حبيبي غاوي تقيد ناري ولا داري بحالي ليه غاوي تفارق ليه وتبعد ليه ليالي غاوي تخاصم ليه وتهجر ليه يا غالي مالك حبيبي غيري ولا غيرك حبيبي غاوي تقيد ناري ولا داري بحالي عمري مش هعيش ولا ليله من عمري مش هعيش مع غيرك عمري مش هسلم غيرك أمري دنا عمري مش هعيش ولا ليله من عمري مش هعيش مع غيرك عمري مش هسلم غيرك أمري أي والله بحبك آه أي والله حبيبي أي والله بحبك آه أي والله حبيبي انت يالي قلبي أنا عشقاك شوف بحبك أنا من امتى مش هعيش مع غيرك انت انت يالي قلبي أنا عشقاك شوف بحبك أنا من امتى مش هعيش مع غيرك انت أي والله بحبك آه أي والله حبيبي أي والله بحبك آه أي والله حبيبي قرب ياللي غايب كده عن عيني نفسي مره تحن تجيني دانتا بعدك كان على عيني قرب ياللي غايب كده عن عيني نفسي مره تحن تجيني دانتا بعدك كان على عيني ليه غاوي تفارق ليه وتبعد ليه ليالي غاوي تخاصم ليه وتهجر ليه يا غالي مالك حبيبي غيري ولا غيرك حبيبي غاوي تقيد ناري ولا داري بحالي
0027,Beauty and the Beast (OST),الجميلة والوحش [Beauty and the Beast] (Aljamilat walwahsh),Egyptian,من عمر الأيام حدوته في قلبين حتى مش أصحاب و لأهون أسباب تلقى ده مع دي في تغيير بسيط لو قاسي ماتلمحش الإتنين خايفين مش مصدقين جميلتنا و الوحش هي كده يا بلاش قصة الاندهاش نفس حكاية الخوف و القلب الملهوف من الحلم ما يصحاش من عمر الأيام لحن في قلب القلب القلب الي مال للسحر الحلال من العيون ينصاب زي طلوع الشمس و إزاي ما تطلعش؟ حدوته يا سلام من عمر الأيام عن جميلة و وحش حدوته يا سلام من عمر الأيام عن جميلة و وحش
0028,Tarzan (OST),يا ابن الحياة [Son Of Man] (Ya ebnil hayah),Egyptian,"إفهم أسرار الحياة عشها بحكمة و إنتباه وياك أيام تتحرك قدام ياما حتشوف, ياما حتلاقي أسئلة حتدور جواك بكره تجاوب إنت عليها !يا سلام بكره عليك يا إنسان, يا ابن الحياة يا إنسان , ممكن تطير بكره تمشي راسك فوق يا إنسان, قوام حتكون كبير وسط الغابات من يدلك؟ مافيش وياك إنسان و بإمانك بالإرادة بكره تبقى زينة الرجال يا إنسان, يا ابن الحياة يا إنسان , ممكن تطير بكره تمشي راسك فوق يا إنسان, قوام حتكون كبير رح تتعلم قوام و تعلمهم إنت كمان دايماً أحبابك تتجمع وياك كل الي عشته في خيالك كل الي حلمت به في القوام اليوم يتحقق و يكون ما بين إيديك يا إنسان, يا ابن الحياة يا إنسان , ممكن تطير بكره تمشي راسك فوق يا إنسان, قوام حتكون كبير يا إنسان يا إنسان آآآه يا زينة الرجال"
0029,Ruby (Egypt),انت عارف ليه (Enta 3aref leih),Egyptian,انت عارف ليه بحبك ليه وحبك ليه بيحلالي ليه بسهر ليك وادوب في عنيك واحبك تبقى طوالي حيران على طول آه كده ومشغول وحالك يبقى من حاالي علشان بتكون عاشق مجنون وحبك ليا مالي الكون وبتبقى بريء ساعات وجريء ولا قلبي عليك بيهون يا حبيب قلبي يا غالي على عيني وقلبي ومالي غنا عن حبك يوم يا سيدي أنا أنا بناديك تعالى هنا طب أنا عندي كلام وكلام وكلي حنين وشوق وغرام وشوقي اليك ولا بينام ولا بينام
0030,Nancy Ajram,سيدي يا سيدي (Sidi Ya Sidi),Egyptian,اللي يسيب يسيب وده مايسبش ايدي واللي يغيب يغيب ويفضل ده في وريدي ده اللي معاه قديمي وده اللي معاه جديدي ومن بين كلّ الناس يا ناس وده بس اللّي سيدي سيدي يا سيدي يا سيدي انت اللي سيدي يا سيدي سيدي يا سيدي يا سيدي ده مش بإيدي يا سيدي سيدي يا سيدي يا سيدي خد من رصيدي يا سيدي اه يا سيدي .. اللي عدّى عدّى وم الّلي جاي يا ويلي بنسى نفسي واهدى لمّا بيناديني ده اللي جاب وودّى وده اللي هدّ حيلي كل الناس بتقول يا صبح وانا اللي اقول يا ليلي ليلي يا ليلي يا ليلي بدرك ناداني يا ليلي ليلي يا ليلي يا ليلي بردك عياني يا ليلي ليلي يا ليلي يا ليلي النوم جافاني يا ليلي اه يا ليلي اللي ينسى ينسى حبيبي مش ناسيني واللي يقسى يقسى حبيبي بيراضيني واللي عاجبه عاجبه مش عاجبه يشتكيني كل الناس في عينيا صغروا وده اللي مالي عيني عيني يا عيني يا عيني زغللي عيني يا عيني عيني يا عيني يا عيني سهرلي عيني يا عيني عيني يا عيني يا عيني صعبان عليهم يا عيني اه يا عيني اللي يمشي يمشي واللي ييجي ييجي منه مانحرمشي قسمتي ونصيبي لو كل الناس عادتني ده يفضل حبيبي ويكبر مهما يكبر مش هقوله غير يا بيبي بيبي يا بيبي يا بيبي قوللي يا بيبي يا بيبي بيبي يا بيبي يا بيبي انا قلبي ده بيبي يا بيبي بيبي يا بيبي يا بيبي ده انت حبيبي يا بيبي
0031,Boles Malak,الناس لما شافوكي (El Nas Lama Shafouki),Egyptian,الناس لما شافوكي على القبة عرفوكي هتفوا وقالوا يا مريم علشان بيحبوكي هتفوا وقالوا يا مريم علشان بيحبوكي آدي الناس بدأت تتجمع من الفرحة عيونهم بتدمع آدي الناس بدأت تتجمع من الفرحة عيونهم بتدمع شافوا النور قالوا ظهور شافوا النور قالوا ظهور رنموا ومدحوكي رنموا ومدحوكي الناس لما شافوكي على القبة عرفوكي هتفوا وقالوا يا مريم علشان بيحبوكي هتفوا وقالوا يا مريم علشان بيحبوكي أصل يسوع ملك السموات ده إله أحياء مش أموات أصل يسوع ملك السموات ده إله أحياء مش أموات وانتي في مجده فرحانة عنده وانتي في مجده فرحانة عنده ملائكة بيخدموكي ملائكة بيخدموكي الناس لما شافوكي على القبة عرفوكي هتفوا وقالوا يا مريم علشان بيحبوكي هتفوا وقالوا يا مريم علشان بيحبوكي طالبين شفاعاتك يا معينة في الشدة حني علينا طالبين شفاعاتك يا معينة في الشدة حني علينا ده احنا خطاة قلبنا تاه ده احنا خطاة قلبنا تاه وبنتشفع بيكي وبنتشفع بيكي الناس لما شافوكي على القبة عرفوكي هتفوا وقالوا يا مريم علشان بيحبوكي هتفوا وقالوا يا مريم علشان بيحبوكي
0032,Mulan (OST),منكم هعمل رجال [I'll Make a Man Out of You] (Menkom ha'mel regal),Egyptian,قدامنا مشوار طويل لازم نبدأ نجهز، للقضاء عالهون هل بعتولي نسوان، مش رجال شرسون انتم أسوء من شاهدت في يوم، ولكن على العموم منكم هعمل رجال مهما يكون في هدوء الغابة، بس القلب، فيه نار بالتركيز و الحكمة، يجي الانتصار الأمل فيكم، يبان معدوم و لكن، على العموم منكم هعمل رجال، مهما يكون اليوم ده باين له نحس وداعا يا إخواني من البايخ اللي اداني في سناني مش عيب عليك و انته شحط يا ريته ما يكنش كشفني ليه لازم أبقى أنا الأولاني (( بالإصرار )) كالنهر الهادر في اندفاعه (( بالإصرار)) كالريح العاصف بيهز الكون (( بالإصرار)) بكل ثورة النار القايدة، بتدمر اللي قصدها مهما يكون ساعة الصفر جايه، لقتال الهون مش هنلحق نجهز، يبقى الموت مضمون انتم أضعف من ويلات الحرب و انكتب بين النجوم مستحيل، يوم رجال، منكو يكون (( بالإصرار )) كالنهر الهادر في اندفاعه (( بالإصرار )) كالريح العاصف بيهز الكون (( بالإصرار )) بكل ثورة النار القايدة، بتدمر اللي قصدها مهما يكون (( بالإصرار )) كالنهر الهادر في اندفاعه (( بإصرار  )) كالريح العاصف بيهز الكون (( بإصرار  )) بكل ثورة النار القايدة، بتدمر اللي قصدها مهما يكون
0033,Myriam Fares,نفسي أقولهالك (Nifsi Aoulhalak),Egyptian,بكلمة حب من حرفين وفيها معاند الدنيا لمسني هواك بنظرة عين لقيتني باغيب عن الدنيا انا قلبي بيتكلم ده انا قلبي خلاص سلم وبان الحب في عنيا انا قلبي بيتكلم ده انا قلبي خلاص سلم وبان الحب في عنيا نفسي اقولهالك اقولهالك حبيبي وانا قدامي عنيك نفسي اقولهالك اقولهالك حبيبي وانا قدامي عنيك باشوفك انسى نفسي انا مين وغير صوتك ولا سامعة يقولوا شمال يقولوا يمين انا وياك ومش راجعة ولا كلمة ولا همسة انا لغيرك ولاحاسة ولا دارية اللي حواليا ولا كلمة ولا همسة انا لغيرك ولاحاسة ولا دارية اللي حواليا نفسي اقولهالك اقولهالك حبيبي وانا قدامي عنيك نفسي اقولهالك اقولهالك حبيبي وانا قدامي عنيك
0034,Tamer Ashour,هيجيلي موجوع (Haygely Mawgow3),Egyptian,هيجيلي موجوع .. دموعه ف عينه تعبان هدّيله أسبوع .. هيجي بعديها ندمان هيجيلي ويشوف .. ساعتها أنا ناوي على إيه هيجيلي بالخوف .. باين ف كلامه وعينيه هيشوف وش تاني منّي ياريت مايشوفوش معقول لما يجي بعد أذاه ما أوجعوش ده أنا ناوي لو فاق .. ماسيبش كلام ماقولهوش هيغيب يروح فين .. فيه مين ناس راحو وماجوش مسكين و غلبان .. قالولي بعديك خلاص ضاع أه ياعيني عشمان .. قولوله خلصانة ب وداع وهيجي ويروح .. لكن ع الفاضي ومفيش الصورة بوضوح .. بقت بيموت وأنا بعيش
0035,Hercules (OST),من القاع للقمة [Zero to Hero] (Mil qa' lel qimma ),Egyptian,ابن الإيه عيني باردة عليه هيرق ده نجم الموسم راجل قيمة وسيما وبيه واد فنان فينه من زمان يدي الوحش الخبطة ينزل كفته بين رجليه كان ولا حاجة زيرو زيرو بقى ولا عنتر بجماهيره بلغ القمة وفاز بمتين كاس من القاع للقمة حصان نفاث من القاع للقمة في ثانية يا ناس ببسمة منه بنات يغنو ويقولو آآه سلطانية على زهرية اسمها فازه بقى نجم كبير وفلوسه كتير بتمطر فوقه فلوس بقى مليونير و مشهور ووشه ف كل الفازات منقوش قولو يعيش ده ما بيجليش بطل مبيعرفش هزيمة ف اي مسابقة زيه مفيش وأدي الناس واقفين طوابير وآدي تفاصيل عضلاته وهي بترقص عالصفافير هيرق بيقسم لا بيبدع خلى الجمهور عقله يودع عنده الشجاعة وعنده العقل من القاع للقمة وحلو بشكل من القاع للقمة وحلو بشكل مين اللي بدع فن الفروسية؟ هيرق أكيد وملاحم سيفه كنوز أدبية؟ هيرق أكيد أما جريء !جريء مين زيه أما لذيذ !وقال أطعم منه هيرق أكيد هيرق أكيد هيرق أكيد هيرق أكيد هيرق أكيد هيرق أكيد ابن الإيه عيني باردة عليه لاهزيمة واصل فوق وفي منتهى الذوق حاجة عظيمة كان ولا حاجة زيرو زيرو بقى ولا عنتر بجماهيره وصل للقمة حصان نفاث من القاع للقمة وصل للقمة وفوق عالقمة هي دي الحكاية
0036,Khaled Selim,الكلام في الحب (El Kalam Fe El-Hob),Egyptian,الكلام فى الحب واحد نفسى اقولك بس خايف تقول كلام واللى بينا حاجات كتيرة اكتر كتير من اى معنى فى الغرام حاجات كتير معشتهاش غير بين ايديك حاجات لايمكن احسها غير بس ليك حب ملهوش تانى ابدا حب مش ممكن يكون غير بس واحد الحياة بلاقيها حلوة وانت جمبى بس قيمة عمرى ايه يعنى قبل ماتبقى ليه كنت مش عارف اعيش الدنيا ليه حاجات كتير معشتهاش غير بين ايديك حاجات لايمكن احسها غير بس ليك حب ملهوش تانى ابدا حب مش ممكن يكون غير بس واحد
0037,Cairokee,نفسي أحبك (Nefsy Ahbek),Egyptian,نفسي أحبك حب زمان زي العيال وما أعرفش أنام أشوفك أتهته في الكلام وفي بُعدك أفضل أعد وأحسب الأيام وتفضلي دايمًا على بالي أسرح فيكي وأفكر طول الليالي أسمع أغاني وأفضل أعيدها تاني أحفظها وأغنيهالك وصورتك تفضل قدامي أنا نفسي أحبك حب زمان زي العيال وما أعرفش أنام أشوفك أتهته في الكلام وفي بُعدك أفضل أعد وأحسب الأيام أنا نبغيك، نبغيك حب حر نتواعد ونبقى واحد طول العمر وتثق فيا إني نقدر نحارب الدنيا على ودك ومستحيل نخسر ما بغيتش نحبك حب عاقل اللي فيه مفروض ولازم وندير لحساب ونخاف نعيش أنا بغيتك تبقى دايمًا جنبي طول العمر وفي قلبي ونغنيلك كل الكلام نفسي نبغيك حب چا لزمان كيف كنا صغار ما نقدش ننام نشوفك نتمتم في الكلام وفراقك نضل نحسب في الإيام أنا نفسي أحبك زي موج البحر حب ما ينتهيش غير ع البر ولما الريح تقوى علينا تشد مع بعض نقوى ونعلى أكتر من أي وقت أنا نبغيك، نبغيك كمواج لبحر حب ما يساريش غير على البر ومنين الريح يقوى ويشد نبقى أنا وياك أقوى من أي وقت أنا نفسي أحبك (نفسي نبغيك) حب زمان (حب چا لزمان) زي العيال (كيف كنا صغار) وما أعرفش أنام (ما نقدش نام) أشوفك أتهته (نشوفك نتمتم) في الكلام (في الكلام) وفي بُعدك أفضل أعد (وفراقك نضل نحسب) وأحسب في الأيام (في الأيام)
0038,Mulan (OST),ترفعي راسنا بين الناس [Honor To Us All] (Terfa'i rasna ben el nas),Egyptian,هي دي بسلامتها بنتك؟ ياما شوفت من ده كتير. انا هعملها عروسة. تصلح لأمير. دي متلجة. كانت هتبقى سخنة لو جيتي فالمعاد فم حموم. فم كمان. من الرجلين لحد شعر الراس. نقطة عطر من الازازة عشان ترفعي راسنا بين الناس مولان ايه ده؟ مراجعة عشان لو نسيت حاجة. امسكي داحنا محتاجين معجزة. هتشوفي التغيير. العرسان هييجوا بالطوابير. كحل و احمر و تسريحة جنان. ترفعي راسنا بين الناس. البنت ممكن تشرف عيلتها في الجواز. لو جيه طلبها عريس ملو هدومه وممتاز. البنات لابد تكون. هادية مطيعة وزي الطيف بالأوصاف دي و بوسط نحيف. ترفعي راسنا بين الناس. واجب علينا خدمته امبراطور الصين. الرجالة في الحرب. واحنا نخلف ملايين. العريس، عينى عليه قدام حسنك ده هيعمل ايه مش هيعرف راسه من رجليه. ترفعي راسنا بين الناس. كده انتي جاهزة. لأ لسه تفاحة تهديكي وتميمة تطمنك. عقد ملون تحفة. تلبسيه اوام. معانا شىء لاجل الحظ وكله هيبقى تمام اجدادي ساعدوني. في المقابلة دي وادعولي. اقدر اشرف والدي ويفرحلي. وارفع اسمه بين الناس. اصعب يوم في حياة الواحدة يوم ما تروح تشوفها الخاطبة. حياتنا في اديكو يارب يحقق امانيكوا راعيناكو زي اللولي عشان يوم ما تفوزوا بعرسان نرفع راسكو بين الناس نرفع راسكو بين الناس نرفع راسكو بين الناس نرفع راسكو بين الناس
0039,Mohamed Mounir,بكار [مقدمة] (Bakkar [Intro]),Egyptian,من صغره و صغر سنه و عارف معنى إنه من قلبه و روحه مصري و النيل جواه بيسري تاريخ أرضه و بلاده بيجري جوه دمه من قلبه و روحه مصري و النيل جواه بيسري من قلبه و روحه مصري و النيل جواه بيسري من قلبه و روحه مصري و النيل جواه بيسري أصحابه كتير كتير قَدُّه و قَدُّهُم طابور الصبح تِضرب أجراسه تِلِمُهُم أصحابه كتير كتير قَدُّه و قَدُّهُم طابور الصبح تضرب أجراسه تِلِمُهُم و موسيقى نشيد بلادي بِتِجري في دمهم من قلبه و روحه مصري و النيل جواه بيسري من قلبه و روحه مصري و النيل جواه بيسري تمرين أول و تاني و سؤال في عنينا تاني يا بلادي أنا إمتى هأكبر و أطول النخل و أقدر تمرين أول و تاني و سؤال في عنينا تاني يا بلادي أنا إمتى هأكبر و أطول النخل و أقدر و أقطف من ورد توشكى و أعمل لِك عقد مرمر من قلبه و روحه مصري (بكار) و النيل جواه بيسري من قلبه و روحه مصري (بكار) و النيل جواه بيسري من صغره و صغر سنه و عارف معنى إنه من قلبه و روحه مصري و النيل جواه بيسري تاريخ أرضه و بلاده بيجري جوه دمه من قلبه و روحه مصري و النيل جواه بيسري يا بلادي أنا إمتى هأكبر و أطول النخل و أقدر يا بلادي أنا إمتى هأكبر و أطول النخل و أقدر
0040,Hercules (OST),الطريق حامشيه  [Go The Distance] (El Taree' Hamsheeh),Egyptian,يامه يامه حلمت بالمكان البعيد الي فيه حضن دافي في انتظاري سعيد و هتاف جماهير لما وشي يبان مع صوت بردد ده مكاني الوحيد الطريق حمشيه مهما طال عليا و المكان حلاقيه مهما لأجله شقيت حتى لو 100 ميل برضو صبري جميل لازم امشي سنوات عشان اوصل البيت الطريق بمشيه مهما طال عليا حتى لو كانت إيه حلقاني اهتديت حتى لو 100 ميل برضو صبري جميل لازم امشي سنوات عشان اوصل البيت
0041,Elissa,كنت في سيرتك (Kont Fe Sertak),Egyptian,[الشاب مامي] ويلي ويلي يابا ويلي يابا يابا ويلي ويلي يابا ويلي يابا يابا ويلي ويلي يابا ويلي يابا يابا ويلي ويلي يابا ويلي يابا يابا أنا كنت بسيرتك مبارح مع قلبي وحنيني ليك شافوني الناس و أنا سارح و مداري جوايا بأندهلك تيجي لو سامع تحضني بدفا عينيك فرحني وقللي أنا راجع حليلي دنيايا [إليسا] أنا كنت في سيرتك البارح مع قلبي وحنيني ليك وشافوني الناس و أنا سارح و مداري جوايا بأندهلك تيجي لو سامع تحضني بدفا عينيك فرحني وقللي أنا راجع حليلي دنيايا [الشاب مامي] ويلي ويلي يابا ويلي يابا يابا ويلي ويلي يابا ويلي يابا يابا [إليسا] يا حبيبي القلب محتاجك أنا برضه اللي بناديك زودت عذابه في غيابك البعد له نهاية حلفتك تيجي يا عيني ليه ناسيني إنت كده ليه خليك على طول قصاد عيني يرضيني و كفاية [الشاب مامي] يا حبيب القلب محتاجك ده أنا برضه اللي بناديك زودت عذابي في غيابك و البعد له نهاية حلفتك تيجي يا عيني ليه ناسيني إنت كده ليه خليك على طول قصاد عيني يرضيني وكفاية ويلي ويلي يابا ويلي يابا يابا ويلي ويلي يابا ويلي يابا يابا ويلي ويلي يابا ويلي يابا يابا ويلي ويلي يابا ويلي يابا يابا ويلي ويلي يابا ويلي يابا يابا ويلي ويلي يابا ويلي يابا يابا ويلي ويلي يابا ويلي يابا يابا ويلي ويلي يابا ويلي يابا يابا ويلي ويلي يابا ويلي يابا يابا ويلي ويلي يابا ويلي يابا يابا
0042,Hussein Al Jasmi,فستانك الأبيض (Fostanek El Abyad),Egyptian,خطوه ورا خطوه بتمشيهـا دي اللحظه اللي انا مستنيها والارض اللي بتمشي فوقيها مفيش قدك يا حبيبتي عليها خطوة ورا خطوة بقربلك جايلك علشان افرح قلبك وعمري اللي فات قبل م اقابلك مش بحسب ايامه من قبلك فستانك الابيض اللي هياخد منك حتــــه وعشان اليوم ده رسمت عملت انا مليون خطه والناس بتغني و الدنيا بتعزف زفة والمزيكا تعلى ومعاها بتعلى السقفه والناس بتغني و الدنيا بتعزف زفة والمزيكا تعلى ومعاها بتعلى السقفه حبيبتي و عمري و اميرتي ..يا بكرة اللي ماددلي ايديه يا قصري و بيتي و جزيرتي .. وحلم قدرت اوصل ليه و قالوا الشعر عن رنا .. و كتبوا في سحرها دواوين و انا و رنا بقينا لبعض .. في دنيتنا سوا عايشين فستانك الابيض اللي هياخد منك حتــــه وعشان اليوم ده رسمت عملت انا مليون خطه والناس بتغني و الدنيا بتعزف زفة والمزيكا تعلى ومعاها بتعلى السقفه والناس بتغني و الدنيا بتعزف زفة والمزيكا تعلى ومعاها بتعلى السقفه خطوه ورا خطوه بنمشيها دي اللحظه اللي انا مستنيه
0043,Nancy Ajram,قلبي يا محتاس (Alby Ya Mehtas),Egyptian,قلبي يا محتاس طمنّي على الإحساس لسه بنفس الإخلاص بتحب و تعشق و تدوب دي الدنيا يومين يوم غُلْب و دمعة عين يوم فوق السما طايرين بِتْحَدِّف ورد و طوب و أنا هأعمل إيه ما أنا يعني لازم ... لازم أعيش و هأسيب القلب براحته يدق و ما يخَبْيش تيجي مرة كده تيجي مرة كده يمكن تظبط مني فى مرة و ماتجَلّيش الحب جميل و إحنا بتوع التفاصيل طبطبة أو حضن طويل يستاهلوا مننا مجهود و أنا عمري ما أَمِّل ولا أسيب اللهفة تِقِّل تتعقد مني أحِل و أعدي بلاد و حدود و أنا هأعمل إيه ما أنا يعني لازم ... لازم أعيش و هأسيب القلب براحته يدق و ما يخَبْيش تيجي مرة كده تيجي مرة كده يمكن تظبط مني فى مرة و ماتجَلّيش
0044,Abdel Halim Hafez,سواح (Swa7),Egyptian,ﺳﻮﺍﺡ ﻭﻣﺎﺷﻲ ﻓﻲ ﺍﻟﺒﻼﺩ ﺳﻮﺍﺡ ﻭﺍﻟﺨﻄﻮﺓ ﺑﻴﻨﻲ ﻭﺑﻴﻦ ﺣﺒﻴﺒﻲ ﺑﺮﺍﺡ ﻣﺸﻮﺍﺭ ﺑﻌﻴﺪ ﻭﺍﻧﺎ ﻓﻴﻪ ﻏﺮﻳﺐ ﻭﺍﻟﻠﻴﻞ ﻳﻘﺮﺏ ﻭﺍﻟﻨﻬﺎﺭ ﺭﻭﺍﺡ ﻭﺍﻥ ﻟﻘﺎﻛﻢ ﺣﺒﻴﺒﻲ ﺳﻠﻤﻮﻟﻲ ﻋﻠﻴﻪ ﻃﻤﻨﻮﻧﻲ ﺍﻻﺳﻤﺮﺍﻧﻲ ﻋﺎﻣﻠﺔ ﺍﻳﻪ ﺍﻟﻐﺮﺑﺔ ﻓﻴﻪ ﺳﻮﺍﺡ ﻭﺍﻧﺎ ﻣﺎﺷﻲ ﻟﻴﺎﻟﻲ ﺳﻮﺍﺡ ﻭﻻ ﺩﺍﺭﻱ ﺑﺤﺎﻟﻲ ﺳﻮﺍﺡ ﻣﻦ ﺍﻟﻔﺮﻗﺔ ﻳﺎ ﻏﺎﻟﻲ ﺳﻮﺍﺡ ﺍﻳﻪ ﺍﻟﻠﻲ ﺟﺮﺍﻟﻲ ﺳﻮﺍﺡ ﻭﺳﻨﻴﻦ ﻭﺍﻧﺎ ﺩﺍﻳﺐ ﺷﻮﻕ ﻭﺣﻨﻴﻦ ﻋﺎﻳﺰ ﺍﻋﺮﻑ ﺑﺲ ﻃﺮﻳﻘﻪ ﻣﻨﻴﻦ ﻳﺎ ﻋﻴﻮﻧﻲ ﺁﻩ ﻳﺎ ﻋﻴﻮﻧﻲ ﺍﻳﻪ ﺟﺮﺍﻟﻚ ﻓﻴﻦ ﺍﻧﺖ ﻭﺑﺘﻌﻤﻞ ﻳﻪ ﻳﺎ ﻇﻨﻮﻧﻲ ﺁﻩ ﻳﺎ ﻇﻨﻮﻧﻲ ﻣﺎ ﺗﺴﻴﺒﻮﻧﻲ ﻣﺶ ﻧﺎﻗﺺ ﺍﻧﺎ ﺣﻴﺮﺓ ﻋﻠﻴﻪ ﻻ ﺍﻧﺎ ﻋﺎﺭﻑ ﺃﺭﺗﺎﺡ ﻭﺍﻧﺎ ﺗﺎﻳﻪ ﺳﻮﺍﺡ ﻭﺳﻨﻴﻦ ﻭﺍﻧﺎ ﺩﺍﻳﺐ ﺷﻮﻕ ﻭﺣﻨﻴﻦ ﻋﺎﻳﺰ ﺍﻋﺮﻑ ﺑﺲ ﻃﺮﻳﻘﻪ ﻣﻨﻴﻦ ﻭﺍﻥ ﻟﻘﺎﻛﻢ ﺣﺒﻴﺒﻲ ﺳﻠﻤﻮﻟﻲ ﻋﻠﻴﻪ ﻃﻤﻨﻮﻧﻲ ﺍﻻﺳﻤﺮﺍﻧﻲ ﻋﺎﻣﻠﺔ ﺍﻳﻪ ﺍﻟﻐﺮﺑﺔ ﻓﻴﻪ ﻳﺎ ﻗﻤﺮ ﻳﺎ ﻧﺎﺳﻴﻨﻲ ﺭﺳﻴﻨﻲ ﻉ ﺍﻟﻠﻲ ﻏﺎﻳﺐ ﻧﻮﺭﻟﻲ ﻭﺭﻳﻨﻲ ﺳﻜﺔ ﺍﻟﺤﺒﺎﻳﺐ ﻭﺻﻴﺘﻚ ﻭﺻﻴﺔ ﻳﺎ ﺷﺎﻫﺪ ﻋﻠﻴﺎ ﺗﺤﻜﻴﻠﻪ ﻉ ﺍﻟﻠﻲ ﺑﻴﺎ ﻭﺍﻟﻠﻲ ﻗﺎﺳﻴﺘﻪ ﻓﻲ ﻟﻴﺎﻟﻴﺎ
0045,Samar Tarek,صفر (Sifr),Egyptian,هتمشي في طريقك وغيرك يقابلك وغيرك يسيبك فتعود في نفس الليلة وتقول ع الخيبة تقيلة فتغيب والغيبة طويلة الزُهد مُصادفَه بيتخفّي.. يستنّي أمّا تلِف اللفة.. و يزُقك من فوق الحافة.. يرميك علي صوت ذكرَي قديمة.. و يفتّح أكتر في جروحك.. ويهد ملامحك وطموحك وبياخد أجزاء من روحك ويعيد من تاني فيلم السيما.. هتمشي في طريقك وغيرك يقابلك وغيرك يسيبك فتعود في نفس الليلة وتقول ع الخيبة تقيلة فتغيب والغيبة طويلة هتقوم؟ مش عارف .. تتردد.. فا تُقع من أوّل ما بتسند.. تتوجع ثم بتتعود.. علي صِفر شمال مالهوش قيمة.. مسافات بتجُر فــ إيد مسافات.. تتأثر ؟ مش حاسس بــ حاجات.. اللارغبة بتجلِد في الذات.. تترصدلك .. بنت لئيمة.. ملعون الزُهد اللي مُصادفَه.. بيبوّظ فيك حاجه سليمة.. هتمشي في طريقك وغيرك يقابلك وغيرك يسيبك فتعود في نفس الليلة وتقول ع الخيبة تقيلة فتغيب والغيبة طويلة
0046,Hamza Namira,إنسان (Insan),Egyptian,يا ما نفسي أعيش إنسان قلبه على كفه كل اللي بردانين ف كفوفه يتدفوا يضحك يضحّك خلق الله يفرح يفرّح كله معاه إنسان جواك وجوايا إنسان له حلم له غاية اللي معاه على طول مش ليه ولا حتى روحه ملك إيديه جواه في قلبه ونن عينيه شايل أمل وشروق وحياة إنسان بيحب ولا يكره إنسان شايل أمل بكره بيبان في الشدة ويطمّن ولا خان ولا عمره هيخوّن
0047,The Lion King (OST),استعدوا [Be Prepared] (Esta'addo ),Egyptian,"طبعا انا واثق جدا ان جشعكم ده شيء زايد والجبن ملاكم حقدا بتلموا فتات الموائد لأن عمركم أبدا ما عرفتوا نظام ولا قائد لهذا قررت أنا قودكم وعلى الغابة أبسط نفوسكم فاستعدوا لمعركة الحياة استعدوا لوثبة الطغات معارك خطيرة, مقالب حقيرة ونصيبنا هيكون ايه؟ السلطة والجاه وعشان تاخذوا المكافأة مش عايز اي شفقة وقد ما تدوني تاخذوا عظم وسلطة  وجاه استعدوا أيوة هنستعد, أومال لازم نستعد... بس لايه؟ لموت موفاسا آه هو عيان؟ لأ يا غبي حنقتله هو وسيمبا أحسن مش عايزين موفاسا مفيش موفاسا لا لا لا !! أغبيا... هيكون للغابة ملك ...بس انتا انا حابقى ملك الغابة !! امشوا وراي وأوعدكم تخلصوا من الجوع يعيش سكار, يعيش, عاش سكار شيء عظيم لما نبقى ورا قائد محبوب وشجاع مش حقول أبدا لأ طول ما أمري بينكو مطاع حفرشلكو المستقبل لحمة أول ما اتلايم على القمة بس خدوا  بالكوا من حاجة مهمة إنتوا من غيري ملكوش لازمة فاستعدوا للحدث الفظيع استعدوا للثأر المريع منسي ومن سنين كلني شوق وحنين أشوفني كالهرم معظم محترم العزة فخطوتي الأمر فنظرتي أيوة طموحي زاد عن حده لهذا أملي تكونوا قده استعدوا افرض طموحك احنا قده استعدوا"
0048,Tul8te,حسيني (Heseeny),Egyptian,حِسّيني، حِسّي بكلامي وإسمعيني ده أنا كل كلمة مني ليكي بتوصِف معاني حُبِّنا، آه وخلّيكي، كل الحياة ليك يا حبيبي ده أنا عمري ما أرتاح إلا بيكي ونعيش سوا طول عمرنا، آه برتاح ويّاك وأنا ماسك إيديكي وعين عليكي وع الطريق، إحساس مش هداريه نستنى الصيف ويجي وأحِب فيكي وأغنّي ليكي وأكون صريح بحُبّي ليكي حِسّيني، حِسّي بكلامي وإسمعيني ده أنا كل كلمة مني ليكي بتوصِف معاني حُبِّنا، آه زي المجانين ويّاك قصة حبي ليك أفلام زي الأغاني بتنلِعب كل برتاح ويّاك وأنا ماسك إيديكي وعين عليكي وع الطريق، إحساس مش هداريه نستنى الصيف ويجي وأحِب فيكي وأغنّي ليكي وأكون صريح بحُبّي ليكي حسيني، حبيني خليكي وحسيني حبيني، ايه
0049,Ruby (Egypt),قلبي بلاستيك (Alby Plastic),Egyptian,مش هحب تاني أيوه تاني قلبي بلاستيك اصلوا اناني اه اذاني و طلع فستك خد فرحتي و حناني و دنيتي راح حب صحبتي و طلع فستك اه منك صنف خاين و بتاع حركات كل الي اتخان معايا يعمل لايكات ماهو خد حنيتي و حناني و دنيتي راح حب صحبتي و طلع فستك باي باي حبيبي باي باي مش معايا في الجاي اغنيهالك ازاي معاها طبله و ناي مع السلامة باي باي مش معايا في الجاي اغنيهالك ازاي معاها طبله و ناي اه يا انا اه انا هشتكي لباباه انا رحت ليه ورا الي بيتسلى ده بيتسلى اه منك صنف خاين و بتاع حركات كل الي اتخان معايا يعمل لايكات ماهو خد حنيتي و حناني و دنيتي مش بس صحبتي ده عرف شله ده عرف شله باي باي حبيبي باي باي مش معايا في الجاي اغنيهالك ازاي معاها طبله و ناي مع السلامة باي باي مش معايا في الجاي اغنيهالك ازاي معاها طبله و ناي
0050,Ruby (Egypt),مالي (Maly),Egyptian,في عين تحب يبان عليها وعين تخبي والخوف ماليها وعين تبان أشواقها فيها وكل دا أنا حاسة بيه مالي .. قلبي ليه مش قادر ينسى عينيك ميكنشي هواك مالي عيني رايحة وجاية عليك يا حبيبي تستناك مالي دبت من حنية وصعبة عليا مكنشي معاك
0051,Ahmed Saad,مكسرات (Mekassarat),Egyptian,مبدأنا السّنة ديه إنّنا نبطّل ميداديه واللّي واخد عنّنا صورة وحشة هنبعتله عليها فيديو هديّة مبدأنا السّنة ديه إنّنا هنبطّل حنيّة معجبكوش لمّا استحملنا فاخترنا راحتنا النّفسيّة هو إنتوا إنتوا إنتوا إنتوا عليكوا ضغوطات طب واحنا احنا احنا يعني علينا مكسّرات هو إنتوا إنتوا إنتوا إنتوا واخدين صدمات أمّا احنا احنا احنا يعني واخدين خصومات طب أيوة أيوة أيوة احنا آخر انبساط طب أيوة أيوة احنا احنا آخر انبساط ألف سلامة علينا من الطّيبة خلاص خفّينا وبقينا مش واقفين على واحد علشان واقفين على رجلينا ألف سلامة علينا فوقنا من الوهم صحينا والله غلطنا أمّا استحملنا وعلى أعصابنا جينا هو إنتوا إنتوا إنتوا إنتوا عليكوا ضغوطات طب واحنا احنا احنا يعني علينا مكسّرات هو إنتوا إنتوا إنتوا إنتوا واخدين صدمات أمّا احنا احنا احنا يعني واخدين خصومات طب أيوة أيوة أيوة احنا آخر انبساط طب أيوة أيوة احنا احنا آخر انبساط
0052,Cinderella (OST),مسكينة سندريللي [The Work Song],Egyptian,سندرلي سندرلي صبح وليل دي سندرلي الدفاية الفطار نضفي شيلي الغبار يلا كنوسي يلا مسحي ممنوع تستيرياحي بتلف طول اليوم حتى بعد معاد النوم يندهولها يشغلوها سندرلي جاد : أيوة يشغلوها جاد : إنتو عارفين سندرلي مش حتروح الحلفة جاد : حتشوفو جاد : حيعطلوها جاد : شغل شغل شغل جاد : عمرها محتخلص فستنها جوز : أهاهاهاه مسكينة يا سندرلي الفأرة : هااااااااااااااا إحنا نخلصو إحنا إحنا يلا إحنا يلا نساعد سندرلي يلا نعمل الفستان أهوة دة الكلام كل دور عليه حزام حلو يا سلام ولما تروح الحلفة الفستان حيعمل ضجة ده الفستان هدية ليها سندرلي يلا بينا يلا يلا يلا نساعد سندرلي يلا نخصلو في ساعة ومش عايزين لكاعة أنا جي أهو أقصر وأنا هعمل الخياطة الخياطة للبنات روح هتلي فيونكة وحنزوء الفستان لسندرلي نزوء الفستان لسندرلي
0053,Aladdin (OST),علاء الدين [Arabian Nights] (Aladdin),Egyptian,أنا جاي من بلاد أعجب منها مفيش فيها قصور من دهب ونحاس فيها رمال زي البحر حر يسيح منه الصخر فيها السحر ده شيء عادي ... يا ناس فيها الريح جاي من الشرق شمس بتشرق من الغرب من نورها تزغلل العين الترحال يبقى مريح فوق بساط الريح ويانا علاءالدين حنلاقي نهار مدهش زي الليل مليان بالحواديت جن على عفاريت تلخ و رعد و نار علاءالدين و حكايته هتكون مليانه أسرار و هزيمة أشرار و حبيبته ياسمين
0054,Ghalia Benali,يا مسافر وحدك (Ya Msafer Wahdak),Egyptian,يا مسافر وحدك يا مسافر وحدك و فايتني ليه تبعد عني و تشغلني ودعني من غير ما تسلم و كفاية قلبي أنا مسلم دي عينيه دموعها دموعها بتتكلم يا مسافر وحدك و فايتني ليه تبعد عني و تشغلني على نار الشوق أنا حاستنى و اصبر قلبي و اتمنى على بال ما تجيني على بال ما تجيني واتهنى طمعني بقربك آه  و اوعدني يا مسافر وحدك و فايتني ليه تبعد عني و تشغلني خايف لا الغربة تحلى لك و البعد يغير أحوالك خليني دايما دايما على بالك يا مسافر وحدك و فايتني ليه تبعد عني و تشغلني
0055,Bahaa Soltan,صاحبي يا صاحبي (Sahby Ya Sahby),Egyptian,إيه يا عم ده مالها العالم برة عاملين كده ليه؟ وأنا وإنت يا صاحبي مالنا مش لايقين كده ليه؟ مش شبه الناس دي في حاجة، ولا فاهمين منهم حاجة ولا عارفين نسلك وسط الهوجة، هنعمل إيه؟ صاحبي يا صاحبي إنت اللي لوحدك شبهي ده في ناس في كروش بتعبي وفي ناس بتنسى تربي صاحبي يا صاحبي إنت اللي مقويلي قلبي إنت اللي ساندني وجنبي وطول ما إنت كتف في كتفي نقدر ع الدنيا، نقدر ع الدنيا يا صاحبي الدنيا دي طلعت قاسية قساوة وإحنا يا عيني غلب ولا عندنا خطة ولا سوء نية وماشيين كده بالحب وبنتلكك ع الضحكة، لو تيجي معانا كده سكة وإياك الدنيا تغير فينا طيبة القلب صاحبي يا صاحبي إنت اللي لوحدك شبهي ده في ناس في كروش بتعبي وفي ناس بتنسى تربي صاحبي يا صاحبي إنت اللي مقويلي قلبي إنت اللي ساندني وجنبي وطول ما إنت كتف في كتفي نقدر ع الدنيا، نقدر ع الدنيا يا صاحبي يا صاحبي
0056,Hussein Al Jasmi,انا والقمر (Ana Wel Amar),Egyptian,الليل ونجومه وانا وعينيه .. مع صوت الموج وايدي في ايديه وقمر في السما و قمر تحتيه .. وحبيبي معايا .. وده كفاية خلينا يا ليل هنا قاعدين .. وهنمشي ازاي نروح على فين ويا شمس تعالي بعد يومين .. وسيبيلي حبيبي ويايا العمر معاه يا ريته يطول .. وأعيش وياه فصول وفصول انا عايزه يكون هنا على طول .. يعيش ويايا وجوايا لو فين هيروح يا ليلي هروح .. ويغيب ع العين ده مش مسموح مش بس حبيب ده توأم روح .. وكأني شايفني في مرايا يا قمر خليك هنا متمشيش .. ويا وقت ياريت تفوت بشويش من حضن هواه متحرمنيش .. سيبوني اعيش جمب حبيبي وانا وياه ملكت الكون .. في مكان مفيهوش بشر وعيون مكان مايكون حبيبي هكون .. ده اغلى الناس في ترتيبي
0057,Abeer Nehme,إعمل ناسيني (Aamel Nasini),Egyptian,إعمل ناسيني يا تاعبني معاك خليني على نار كده بالأيام سهرلي يا عيني في ليالي هواك لو كده يرضيك انا راضية تمام إعمل ناسيني يا تاعبني معاك خليني على نار كده بالايام سهرلي يا عيني في ليالي هواك لو كده يرضيك انا راضية تمام اعمل ما بدالك واعمل اللي بيحلالك يا نهار أبيض ع الدلال والحلاوة والجمال بس عندي ليك سؤال هو انت فاكرني مش فاهمة أنا قلبك يعني مهما هتداري بعينيك الغرام باين عليك والغرام مفهوش فصال تراهني كده طب تدفع كام يوم و لا يومين وتجيني اوام قلبك شاريني ودي فيها كلام و ناسيني ده مين ما بلاش أفلام اعمل ما بدالك واعمل اللي بيحلالك يا نهار أبيض ع الدلال والحلاوة والجمال بس عندي ليك سؤال هو انت فاكرني مش فاهمة أنا قلبك يعني مهما هتداري بعينيك الغرام باين عليك والغرام مفهوش فصال
0058,Tamer Hosny,تعرفي بحلم ايه؟ (Terafy Bahlam Eh?),Egyptian,تعرفي بحلم ايه دلوقتى تعرفي بحلم ايه بحلم يكون لى أنا إبن منك نفضل نحضن فيه نظرة عيونه تنسى الهم يحضن ويفضل فينا يضم شايفك اطيب آه واحن يا حبيبتي يا حبيبتي يا حبيبتي لما هتبقى أم هتبقى أم هيبقى شبهى وشبهك هيبقى عمرى وعمرك هيبقى روحى وروحك واتجمعوا في قلب ودم هيكبر بيني وبينك واشوفه بعيني وعينك واتباهى انه على ايدك انتى هيبقى احسن منى وأهم
0059,Mohamed Zeyad,بلدي بحبها (Balady Bahebaha),Egyptian,بلدي بحبها كل حتة في بلدي بلدي يا ولا يا سلام على أهل بلدي ليل إسكندرية و رقص الدمياطية و الشال و المشربية بلدي بلدي بلدي يا عين بلد الحبايب و الصابر أيوب بلد العاشق و اللي دايب و بياض القلوب بلد النني الأسمراني و الرمش الكحيل قلبي بيبعد عنها و يرجع و يقرب و يميل
0060,Ruby (Egypt),مشيت ورا إحساسي (Meshit Wara Ehsasy),Egyptian,مش عارفه ارد واقولك ايه انا زيك بردوا بفكر فيك كل اللي في قلبك حاسه انا بيه من نظره لهفه وشوق في عينيك مش عارفه ارد واقولك ايه انا زيك بردوا بفكر فيك كل اللي في قلبك حاسه انا بيه من نظره لهفه وشوف في عينيك مشيت ورا احساسي لاقيتك حبيابي وناسي لاقيتك حنين كتير عليا وانا اللي فاكرك قاسي مشيت ورا احساسي لاقيتك حبيابي وناسي لاقيتك حنين كتير عليا وانا اللي فاكرك قاسي علي اد ما كنت بتمني لقاك وفضلت اعد انا في الايام اصل اللي انا شوفته حبيبي معاك مش قادره اغمض عيني وانام مشيت ورا احساسي لاقيتك حبيابي وناسي لاقيتك حنين كتير عليا وانا اللي فاكرك قاسي مش عارفه ارد واقولك ايه انا زيك بردوا بفكر فيك كل اللي في قلبك حاسه انا بيه من نظره لهفه وشوق في عينيك مش عارفه ارد واقولك ايه انا زيك بردوا بفكر فيك كل اللي في قلبك حاسه انا بيه من نظره لهفه وشوف في عينيك
0061,The Lion King (OST),دايرة الحياة [Circle of Life] (Dayeret El Hayah),Egyptian,ده من أول نهار إحنا عشناه الشمس دي سر الحياة الكون مليان بعجائب أشكال و بتزيد علي نتمناه أسرار تفوق خيال الناس حولين كل شيء نلقاه الشمس و مداه عل أرض ضياه ترسم فلك كلنا جواه دي دايرة الحياة و دي دايرة أبدية تحضنا جواه و وجودنا في حماه سايقانا وياه في رحلة أبدية في دايرة في دايرة الحياة
0062,Ragheb Alama,یا بنت السلطان (Ya Bint El Sultan),Egyptian,يا بنت السلطان حني على الغلبان الميه في ايديكي  و راغب عطشان يا بنت السلطان حني على الغلبان الميه في ايديكي  و راغب عطشان على كوبري عباس ماشيه و ماشيه الناس ماشيه تبص عليكي يا فروته و أناناس على كوبري عباس ماشيه و ماشيه الناس ماشيه تبص عليكي يا فروته و أناناس سعيده يا حلوه سعيده اللي بلادك بعيده شاوريلي وانا اجيلك ماشي لما البيروت الجديده سعيده يا حلوه سعيده اللي بلادك بعيده شاوريلي وانا اجيلك ماشي لما البيروت الجديده يابنت الغاليين مين في حلاوتك مين ؟ ياللي كلامك فاكهه وجمالك فيتامين يابنت الغاليين مين في حلاوتك مين ؟ ياللي كلامك فاكهه وجمالك فيتامين اسقيني اسقيني أكتر الميه في إيدكي سكر اسقيني اسقيني أكتر الميه في إيدكي سكر
0063,Amal Maher,الشوارع للفراق (El Shaware3 Lel Fora2),Egyptian,الشوارع للفراق والجناين مش لُقا والشجر حرفين و سهم وقلب دايب م الشقا الشوارع للفراق والجناين مش لُقا والشجر حرفين و سهم وقلب دايب م الشقا يا مدينة يا حزينة قلبك حجر و جليد مش لايقه ف الزينة وأنا إبنى عنى بعيد يا مدينة يا حزينة قلبك حجر و جليد مش لايقه ف الزينة وأنا إبنى عنى بعيد و عجيبة يا شوارع .. تشبه ملامحنا و عجيبة يا شوارع .. تشبه ملامحنا أعجب ما فيكى احنا .. الله يسامحنا الله يسامحنا الشوارع للفراق والجناين مش لُقا والشجر حرفين و سهم وقلب دايب م الشقا الشوارع للفراق والجناين مش لُقا والشجر حرفين و سهم وقلب دايب م الشقا
0064,Akram Fouad,أيامي معاكي (Ayami Maaki),Egyptian,حياتي يا كل ما ليا يا أكتر حاجة شاغلاني حبيبتي في بعدنا ثانية بتفضل برضه وحشاني في حضنك بنسى كل الناس في بعد هواكي إيه تاني حَياَتَيَ يا كُلّ ما لِيا يا أَكْتَر حاجَة شاغَلانِي حَبِيبتِي ڤِي بِعَدّنا ثانِيَة بِتَفَضُّل بَرَضَهُ وَحَشّانِي ڤِي حَضَنكِ بِنَسِيّ بِنَسْي كُلّ الناس ڤِي بَعُدَ هواكي أَيه تَأْنِي أيامي معاكي مش شايف غيرها قصادي ومش بنساها في عنيكي لقيت أحلام أنا بتمناها وخلاص مش عايز غير وياكي أعيش أيامي معاكي من كتر جمالها أنا مش قادر بعديها أتخيل ليلة في عمري وما إنتيش فيها أنا من غيرك أيام عمري متمشيش في حاجة ونفسي أوصلها لقلبك وإنتي عارفها ومش محتاج أنا أقولها كفاية إن إنتي حساها لقيت وياكي حاجة خلاص لا يمكن كنت هألاقها ڤِي حاجَة وَنَفْسِي أُوَصِّلها لَقَلَبَكَ وإنتي عارِفها وَمَشّ مُحْتاج أَنا أَقُولها كِفايَة إِنَّ إنتي حَساها لَقِيتِ وياكي حاجَة خَلاص لا يُمَكِّننَ كُنتُ هألاقها
0065,Abou El Leef,قبل ما أنام (Abl Manam),Egyptian,قبل ما أنام فيه حاجات لازم أعملها قبل ما أنام فيه حاجات لازم أعملها فيه حاجات لازم أعملها فيه حاجات لازم أعملها قبل ما أنام فيه حاجات لازم أعملها قبل ما أنام فيه حاجات لازم أعملها أحسب حسابي، هدومي أعلقها أرص لعبي و أوضتي أروقها و أشيل حاجاتي اللي أنا بأستعملها قبل ما أنام فيه حاجات لازم أعملها قبل ما أنام فيه حاجات لازم أعملها فيه حاجات لازم أعملها فيه حاجات لازم أعملها قبل ما أنام فى حاجات لازم أعملها قبل ما أنام في حاجات لازم أعملها لو كان فيه حاجة نفسي إني أجيبها أروح لماما عشان أستأذنها ماما حبيبتي و شايلاني في عينها قبل ما أنام فيه حاجات لازم أعملها قبل ما أنام فيه حاجات لازم أعملها فيه حاجات لازم أعملها فيه حاجات لازم أعملها قبل ما أنام فيه حاجات لازم أعملها قبل ما أنام فيه حاجات لازم أعملها أروح لبابا أبوسه يزغزغني بالشوكولاتة بابايا منغنغني و أي حاجة عملها بأقلدها قبل ما أنام فيه حاجات لازم أعملها قبل ما أنام فيه حاجات لازم أعملها قبل ما أنام
0066,Amr Diab,ويلوموني (We Yloumouni),Egyptian,و يلوموني ... ما يلوموني قلبي راح للي هواه و يلوموني ... ما يلوموني قلبي راح للي هواه إعشق يا قلبي، إحلم يا قلبي خللي بكرة كله حب و دوب معاه إعشق يا قلبي، إحلم يا قلبي و إمشي مشوار المحبة لمنتهاه و يلوموني ... ما يلوموني قلبي راح للي هواه قالوا ياما قالوا كتير علينا خدنا إيه غير بس دموع عينينا ده الهوى و الشوق بكرة يداوينا و اللقا هيغني و ينادينا (قالوا) قالوا ياما قالوا كتير علينا خدنا إيه غير بس دموع عينينا ده الهوى و الشوق بكرة يداوينا و اللقا هيغني و ينادينا و يلوموني ... ما يلوموني قلبي راح للي هواه و يلوموني ... ما يلوموني قلبي راح للي هواه داري يا قمرنا لا يشوفونا اللي غاروا منا وحيرونا واللي بعيونهم بيجرحونا واللي عمرهم ما هيبعدونا (داري) داري يا قمرنا لا يشوفونا اللي غاروا منا وحيرونا واللي بعيونهم بيجرحونا واللي عمرهم ما هيبعدونا و يلوموني ... ما يلوموني قلبي راح للي هواه و يلوموني ... ما يلوموني قلبي راح للي هواه و يلوموني ... ما يلوموني قلبي راح للي هواه و يلوموني ... ما يلوموني قلبي راح للي هواه و يلوموني ... ما يلوموني قلبي راح للي هواه و يلوموني ... ما يلوموني قلبي راح للي هواه و يلوموني ... ما يلوموني قلبي راح للي هواه قلبي راح للي هواه و يلوموني ... ما يلوموني قلبي راح للي هواه و يلوموني ... ما يلوموني قلبي راح للي هواه و يلوموني ... ما يلوموني قلبي راح للي هواه و يلوموني ... ما يلوموني قلبي راح للي هواه
0067,Natacha Atlas,قوللي يا صاحبي (Oully Ya Sahbi),Egyptian,"سهران الليل ... وعملنا إيه؟ حبنا ضيعناه بإيدينا خسارة ... أه يا ليل خسارة للعاشقين يا صاحبي قوللي إيه؟ قوللي يا صاحبي إيه؟ يا صاحبي قوللي إيه؟ قوللي يا صاحبي إيه؟ الصاحب ... إيه؟ ... الصاحب قوللي هو إحنا أخدنا من الدنيا إيه؟ يا صاحبي قوللي إيه؟ قوللي يا صاحبي إيه؟ يا صاحبي قوللي إيه؟ قوللي يا صاحبي إيه؟ فرح، جرح، قلوب بتخاصم بعض ليه؟ بعض ليه؟ هو الفرح, ده أخر الطريق؟ أوه، مش معروف ... ولا الحب ده طفل برئ بيموت من الخوف ولا الحقيقة؟ جوه قلوبنا بتِحيا معانا ليل ونهار ليل ونهار يا صاحبي قوللي إيه؟ قوللي يا صاحبي إيه؟ يا صاحبي قوللي إيه؟ قوللي يا صاحبي إيه؟ إيه؟ يا صاحبي قوللي إيه؟ قوللي يا صاحبي إيه؟ يا صاحبي قوللي إيه؟ قوللي يا صاحبي إيه؟ إيه؟ خسارة للعاشقين اللي عايشين في قلوبنا لاقوني غريق لاقوني غريق إنت معايا ولّا فايتني في نص الطريق ولّا الدنيا مش دُنيايا في وسط الطريق لاقوني غريق لاقوني غريق لاقوني غريق إصحي يا صاحبي وفوق من نومك إصحي يا صاحبي وفوق من نومك إصحي يا صاحبي وفوق من نومك وعيش الأحلام وإحسب يومك يمكن بكرة أيامنا تروح يا صاحبي قوللي (قول) يا صاحبي (يا صاحبي)"
0068,Abou El Leef,دولا مجانين (Doula Maganeen),Egyptian,"مستهون بالستات يا اخويا ... دولا مجانين دول كربونة و حياة أبويا ... دولا مجانين هانم ولا بمنديل بأوية ... دولا مجانين خد بالك من صنف الحريم يتفاوتوا إنما نسبة و تناسب ... دولا مجانين فيهم والله ربع ضارب ... دولا مجانين الصبح عسل بالليل تحارب. .. دولا مجانين استغفر الله العظيم دول دول دولا خبلانة اللى فاهمهم راسه تعبانة تفهم إيه حموك فى كنكة ... كان غيرك أشطر دول دول دول خبلانة تواضع منهم قعدوا معانا شق البطيخة ,,, و ع البركة لما الحنية بتبقى طالبة ... بيبقوا قمامير إنما يا حبيبي عليهم قلبة ... اشوف وشك بخير و اللى مخلى كفتهم غالبة ... النكد الكتير و أجارك الله بقى على ده سلاح فى ثوانى تلاقى الدنيا ولعة ... دولا مجانين ماهو ياتطلقنى يا إما خالعة .... دولا مجانين معظمنا خلاص بقى عنده صلعة ... بسبب المجانين يا خسارة الشعر اللى راح دول دول دول خبلانة اللى فاهمهم راسه تعبانة تفهم إيه حموك فى كنكة ... كان غيرك أشطر دول دول دول خبلانة تواضع منهم قعدوا معانا شق البطيخة ,,, و ع البركة مستهون بالستات يا اخويا ... دولا مجانين دول كربونة و حياة أبويا ... دولا مجانين هانم ولا بمنديل بأوية ... دولا مجانين خد بالك من صنف الحريم دول دول دولا خبلانة اللى فاهمهم راسه تعبانة تفهم إيه حموك فى كنكة ... كان غيرك أشطر دول دول دول خبلانة تواضع منهم قعدوا معانا شق البطيخة ,,, و ع البركة"
0069,Amr Diab,شایف قمر (Shaif Amar),Egyptian,أنا لا بتخطفني ملامح ولا بأخد بالشكل بس إنت حبيبي ماتتسابش وتتاكل أكل أنا لا بتخطفني ملامح ولا بأخد بالشكل بس إنت حبيبي ماتتسابش وتتاكل أكل قمر قمر أنا شايف قمر قمر قدامي قمر قمر والله قمر قمر أيوة إنت قمر قمر روحك حلوة وعينيك حلوة قمر قمر أنا شايف قمر قمر قدامي قمر قمر والله قمر قمر أيوة إنت قمر قمر روحك حلوة وعينيك حلوة أنا عمري مابستسلم كده بس إن جيت للحق إزاي تندهلي عيونك وأقدر أقولها لأ والله ماشوفت ملامح في جمالك على حد شايف قدامي حاجات حلوة لا يمكن تِتعَد قمر قمر أنا شايف قمر قمر قدامي قمر قمر والله قمر قمر أيوة إنت قمر قمر روحك حلوة وعينيك حلوة قمر قمر أنا شايف قمر قمر قدامي قمر قمر والله قمر قمر أيوة إنت قمر قمر روحك حلوة وعينيك حلوة
0070,Haifa Wehbe,يا واد يا حليوة (Ya Wad Ya Heliwa),Egyptian,الحبايب الحبايب والاهل والاهل والاصحاب والاصحاب والوادي والوادي وبلادي وبلادي ورقصني يا جدع وحشاني ياليالي الاهل والاصحاب آه يا عيني آه يا ليلي ليه بينا غياب ويا واد يا حليوه انت وحشني مشتاقه اوي اوي انت وحشني انا هنا في الوادي وحبيبي مش راضي علشان انا انا انا انا وحشاه ووحشاني ياليالي الاهل والاصحاب آه يا عيني آه يا ليلي ليه بينا غياب ووحشني البيت وجراني كمان وولاد بلدي الجدعان ايام البعد .. بالطول بالعرض حتعدي ونرجع زي زمان ويا واد يا حليوه انت وحشني مشتاقه اوي اوي انت وحشني انا هنا في الوادي وحبيبي مش راضي علشان انا انا انا انا وحشاه
0071,Coco (OST),أذكريني [Remember Me] (Othkoreeni),Egyptian,أذكريني رغم آلام الوداع أذكريني أنا عايزك ماتبكيش حتى و أنا مسافر بعيد هتكوني جوه القلب و هغني كل ليلة ليكي غنوة فيها حب أذكريني رغم البعد و الحنين أذكريني لو سمعتي جيتار حزين حسي بالتأكيد اني معاكي كل يوم لحد ما ترجعي حضني أذكريني
0072,Aladdin (OST),أمير علي [Prince Ali] (Egyptian) (Amir Ali),Egyptian,"وسع للأمير علي يعيش الأمير على وسع لأميرنا الوحيد ده أمير أصلي ومش تقليد اللي يشوفه محظوظ وسعيد وسع أهو جيه, قيمة وأبهة حتحبوه ده شيء أكيد أمير علي مالوش مثيل علي أبابوا احترموه, يلا بجلوه, وانحنو ليه ده أمير مش عايزة كلام يستاهل تعظيم سلام وتعالوا شوفوا الأبهة كلها فيه أمير علي مالوش شبيه علي أبابوا ايده حديد, رأيه سديد, حاكم نبيه ده أشجع من الشجعان يهزم جيش من الفرسان ويقول ابعتولي كمان, ده أمير علي عنده خمسة وسبعين جمل دهب مش بالزمة حلوين وجناينه مليانة طواويش بقلك إيه, ريشهم يهبل لما تشوف حيواناته المفترسة عددهم في اللمون وملاهم في الأخضم لحد الفيل أمير علي شكله جميل علي أبابوا ماشاءالله, قوم ويلا وانحني ليه رايح لقصر السلطان راكبله فيل مش حصان يلا اتفضل وبحلق أمير علي عنده قرود من أفريقيا ومن آسيا كنوز هندي, ثروات النيل عنده خدم, حشم جواري دول مخلصين ومؤدبين وكلهم بيموتوا فيه في علي, الأمير علي الأمير علي, اهو ده الحبيب علي أبابوا للأميرة ده حيكون أحلى خطيب علشان كده اهو يا ناس عدا كل المسافات جاي راكب على الأفيال, جايب جمال الدهب حيواناته حتى هم بحبوه ومعاه مجازين على طباخين [...] فتح 1 للأمير علي 1. Missing part"
0073,Ruby (Egypt),يالرموش (Ya-r-rumush),Egyptian,يالرموش يا سهام قوية يا سهام قوية سهم واحد لا قولوا مية قول تولتُمية لون عيونها لون عيون الحلوة ديه الشمس وقت المغربية المغربية اه عيونها برجلتنى اه يابا برجلتنى نورها ساطع زغللتنى يابا زغللتنى جيت اقرب من الرموش من الرموش لمسة منهم كهربتنى يابا كهربتنى الشفايف ورداية بلون ربيعى ياماي ياما وخدودها دي حكاية حمر وطبيعى وده مين وده مين ينساني يالرموش ياسهام قوية سهم واحد لاقولوا مية قول تولتُمية لون عيونها لون عيون الحلوة ديه الشمس وقت المغربية المغربية اه عيونها برجلتنى اه يابا برجلتنى نورها ساطع زغللتنى يابا زغللتنى أنا جيت اقرب من الرموش من الرموش لمسة منهم كهربتنى يابا كهربتنى قدها يتمايل على كيفها وعلى كيفها تسهر لياليا اتعب واغمض يجى طيفها بالعافية يفتحلى عينيا الشفايف ورداية بلون ربيعى ياماي ياما وخدودها دى حكاية حمر وطبيعى وده مين وده مين ينساني يالرموش ياسهام قوية سهم واحد لا قولوا مية قول تولتُمية لون عيونها لون عيون الحلوة ديه الشمس وقت المغربية المغربية اه عيونها برجلتنى اه يابا برجلتنى نورها ساطع زغللتنى يابا زغللتنى أنا جيت اقرب من الرموش من الرموش لمسة منهم كهربتنى يابا كهربتنى
0074,Abdel Halim Hafez,توبة (Touba),Egyptian,ﺗﻮﺑﺔ ﺗﻮﺑﺔ ﺇﻥ ﻛﻨﺖ ﺃﺣﺒﻚ ﺗﺎﻧﻲ ﺗﻮﺑﺔ ﺑﺲ ﻗﺎﺑﻠﻨﻲ ﻣﺮﺓ ﻭﺗﺒﻘﻰ ﺩﻱ ﺁﺧﺮ ﻧﻮﺑﺔ ﻭﺑﻌﺪﻫﺎ ﺗﻮﺑﺔ ﺗﻮﺑﺔ ﺗﻮﺑﺔ ﺇﻥ ﻛﻨﺖ ﺃﺧﺎﺻﻤﻚ ﻭﺃﺭﺟﻊ ﺃﺻﺎﻟﺤﻚ ﺗﺎﻧﻲ ﻳﺎﻣﺎ ﺍﻟﺒﻌﺪ ﺳﻘﺎﻧﻲ ﻭﻳﺎﻣﺎ ﺍﻟﻘﺮﺏ ﺿﻨﺎﻧﻲ ﻭﺇﻥ ﻓﺎﺕ ﻃﻴﻔﻚ ﻳﻮﻡ ﻓﻲ ﻣﻨﺎﻣﻲ ﻭﺟﻪ ﺻﺤﺎﻧﻲ ﺑﺮﺿﻪ ﺃﻃﺎﻭﻋﻚ ﺑﺲ ﺃﻫﻲ ﻧﻮﺑﺔ ﻭﺑﻌﺪﻫﺎ ﺗﻮﺑﺔ ﺗﻮﺑﺔ ﺗﻮﺑﺔ ﺇﻥ ﻛﻨﺖ ﺃﺣﺒﻚ ﺗﺎﻧﻲ ﺗﻮﺑﺔ ﺑﺲ ﻗﺎﺑﻠﻨﻲ ﻣﺮﺓ ﻭﺗﺒﻘﻰ ﺩﻱ ﺁﺧﺮ ﻧﻮﺑﺔ ﻭﺑﻌﺪﻫﺎ ﺗﻮﺑﺔ ﺗﻮﺑﺔ ﺗﻮﺑﺔ ﺇﻥ ﻛﻨﺖ ﻫﺼﺪﻕ ﺗﺎﻧﻲ ﻛﻼﻣﻚ ﻣﻬﻤﺎ ﻫﺘﺴﺄﻝ ﻣﺶ ﺭﺍﺡ ﺃﺻﺪﻕ ﺣﺘﻰ ﺳﻼﻣﻚ ﺑﺲ ﺃﻭﻋﺪﻧﻲ ﺃﻭﻋﻰ ﺗﺒﻜﻲ ﻭﺃﻧﺎ ﻗﺪﺍﻣﻚ ﺃﺣﺴﻦ ﺃﻛﺪِّﺏ ﺭﻭﺣﻲ ﻭﺃﻗﻮﻝ ﺃﻫﻲ ﻧﻮﺑﺔ ﻭﺑﻌﺪﻫﺎ ﺗﻮﺑﺔ ﺗﻮﺑﺔ ﺇﻥ ﻛﻨﺖ ﺃﺣﺒﻚ ﺗﺎﻧﻲ ﺗﻮﺑﺔ ﺑﺲ ﻗﺎﺑﻠﻨﻲ ﻣﺮﺓ ﻭﺗﺒﻘﻰ ﺩﻱ ﺁﺧﺮ ﻧﻮﺑﺔ ﻭﺑﻌﺪﻫﺎ ﺗﻮﺑﺔ ﺗﻮﺑﺔ ﺁﻩ ﻣﻦ ﺣﻴﺮﺓ ﻗﻠﺒﻲ ﻭﺁﻩ ﻣﻦ ﺩﻣﻌﺔ ﻋﻴﻨﻲ ﻛﻞ ﻣﺎ ﺃﻗﻮﻝ ﺃﻧﺴﺎﻙ ﺗﻮﺣﺸﻬﻢ ﻧﺎﺭﻙ ﻭﺗﺼﺤﻴﻨﻲ ﺃﺟﺮﻱ ﻭﺃﺳﺄﻝ ﻋﻨﻚ ﻗﺒﻞ ﻣﺎ ﺍﻧﺖ ﺗﺠﻴﻨﻲ ﺃﺿﺤﻚ ﻧﻮﺑﺔ ﻭﺃﺑﻜﻲ ﻧﻮﺑﺔ ﻭﺑﻌﺪﻫﺎ ﺗﻮﺑﺔ
0075,Frozen 2 (OST),إظهري [Show Yourself] (Izhary),Egyptian,إلسا: بترعش ومش بردانة و ده مش مفهوم و حاسه بالآلفة شايفة حلم قريب بس نفسي يدوم حاسة بيكي هناك زي صاحبة من زمان انا جايه و كأني لوطني بروح انا كنت بير مقفول فيه اسرار من جليد و انتي عندك اسرار ماتخبيهاش بعيد اظهري اقابلك لو يوم اظهري عليكي الدور انتي اللي كنت بدور عليها من زمان؟ اظهري علميني انا عمري ما دقت الراحة عشت حياتي في ظنون و اللي وصلني لهنا جايز سر وجودي ليه مرهون؟ انا دايمٱ كنت غريبة و مش بخضع للمآلوف آن الأوان طريقي يبان و نلعب علي المكشوف اظهري خلاص مفيش رعشة انا جيت عديت بحار انتي إجابة علي سؤال عايش جوايا اظهري اكشفيلي الاسرار قربي مني افتحيلي الباب مش هتحمل لحظة عذاب أو، قربي مني افتحيلي الباب مش هتحمل لحظة عذاب جوقة: تلمس البحر ريح الشمال ويقابلها نهر الذكريات إدونا: ارجعولي البيت من الباب إلسا: انا رجعت إلسا ذ إدونا: اظهري خدي الخطوة بقوة و اتولدي جوة شيئ جديد إدونا: انتي اللي كنت أنا باستناه إلسا: طول الحياة ( إدونا: طول الحياة) إلسا: أو، اظهري
0076,Tul8te,ليه بنخبي و مش بنقول (Leh Benkhaby),Egyptian,بلوم البعد واحنا بعيد بنعند بس مش سامعين وليه الحيرة ليه مش نافعين ما بيننا ذكريات هتعيش وفي احلام وفي مواعيد دا انا هاجيلك لو انت بعيد لو مش هعيش حياتي معاك مايفرقليش لو من غيرك مستحيل اسيب ايديك و انساك دا انا مليش حبيب غيرك ما يفوت يوم الا وبالي معاك ولا برتاح غير في هواك يا حبيبي (يا حبيبي يا حبيبي) يا حبيبي (يا حبيبي يا حبيبي) ده ولا يوم من ايامي معاه غيره مفيش وطمعان في هواه يا حبيبي (يا حبيبي يا حبيبي) يا حبيبي (يا حبيبي يا حبيبي) ومافيش الا عينيك في بُعده الليالي بتطول وانا مليت عايزك معايا على طول يا حبيبي يا حبيبي كل اما تروح عيني عليك بسرح في عينيكي وبيبان الحب عليهم بس ليه بنخبي ومش بنقول يا حبيبي يا حبيبي لو مش هعيش حياتي معاك مايفرقليش لو من غيرك مستحيل اسيب ايديك وانساك دا انا مليش حبيب غيرك
0077,Mulan (OST),عروسة الأحلام [A Girl Worth Fighting For] (Oroset el ahlam),Egyptian,ده بقالنا كتير ماشيين عشان نحارب شبه القطيع جاموس وتيران بشوارب قلق الخطوات زي الطلقات رجلينا دي مسكينة حارب عشان عروسة الاحلام ايوه  امال ايه ؟؟ عروسة الاحلام جمالها كالبدر في سماه وعيونها منورة هتحب فيا العضلات ودوري في البطولات ما يهمنيش ابدا لبسها ولا شكلها الي يهمني ادوق اكلها لحمة فراخ حمام في بلدكو اكيد بيقولو عليك حليوة كل الحريم بيحبو الواد القوة عرفنا ازاي نسهر ايام؟ والعين مش عارفة تنام شاغلنا ايه ؟ عروسة الاحلام هتشوفني اجمل الرجال هتقول جسمي بديع ااه ... ليه ما تقولوش عليها دماغ رأيها دايما مفيد ؟ !! يع رجولتي ويا كلمتين حيتولوها وتروح تجيبله البيه ابوها انا عندي وحده بتموت في دباديبي وده مين غير امه ممكن يوم تطيقه ؟ وساعة ما نعود للنصر يكونو واقفين عالابواب حارب عشان عروسة الاحلااام قولو كمان عروسة الاحلام تيتو تيتو ..عروسة الاحــ
0078,Ruby (Egypt),كل ما أقوله آه (Koll Ama A2ollo Ah),Egyptian,كل لما أقوله آه ،، يقولي هو لأ ،، يجرحني وأقوله آه ،، يقولي برضه لأ .. لأ لأ لأ لأ-،، عيونو اللي سابوني على خدودي دمعة عيوني على خدودي دمعة عيوني ليل ويا نهار ،، عيونو اللي فاتوني بعد ما ياما قربوني غربوني وعذبوني سابوني في نار ،، كل لما أقوله آه ،، يقولي هو لأ ،، يجرحني وأقوله آه ،، يقولي برضه لأ ،، من يوم ما غرامو جاني جاني جاني ما بدقشي طعم النوم ما بدقشي طعم النوم ،، واكمني بحن تاني تاني تاني قلبي بيعيش مظلوم قلبي بيعيش مظلوم ،، عيونو اللي سابوني على خدودي دمعة عيوني على خدودي دمعة عيوني ليل ويا نهار ،، عيونو اللي فاتوني بعد ما ياما قربوني غربوني وعذبوني سابوني في نار ،، كل لما أقوله آه ،، يقولي هو لأ ،، يجرحني وأقوله آه ،، يقولي برضه لأ ،، لأ لأ لأ لأ
0079,Tangled (OST),أنا ياما شفت (إعادة) [Mother Knows Best (Reprise)] (Ana yama shoft (e'eada)),Egyptian,"هيحب فيك ايه؟ فوقي بقى لنفسك مش معقول فاكره واقع في الحب؟ هتحبي حرامي؟ تعالى لمامي ده نا رابنزل كده كبرت رابنزل فاهمه وحلوه آنسة شطوره بجد احساسك مش كذب عال لو حاسه بأمان روحيله وإديله التاج ده اللى بيسعى اليه وبيكذب عليك, هياخده منك ويطير اسمعي الكلام هخلع في لحظة والميه تكذب النار لأ احساسك مش كذب لو بحبك حنشوف وان ماهربش أبقى خسرت وان جيتيلي تعيطيلي يبقى أنا قلت"
0080,Tangled (OST),[When Will My Life Begin] إمتى حابتدي أعيش بقى  (Emta ba'a ha-eesh biqa),Egyptian,بدري من السابعة الصبح أنا بصحى انظف بكنس البيت كده وابقى ابتديت تنظيف بلمع فيه بمسح ارض وبشطف بعد ما زيد مسح وعيد مرتين لا ميتين ساعتها بقرا كتاب ورواية او اشعار وارسملي رسمتين او لوحة على الجدار بلعب غيتار واعمل تريكو واطبخ واحتار واقول انا امتى بقى هعيش بحل لغز وبخبز بسكوت اكتر مسرحيات ورقص باليه وألعاب بعمل كمان خزف وشمع ينور كمان تمارين او تلوين او فستان لباسكال وبعدها بقرا كتاب ولو في وقت كمان برسم تاني عالحيط واكيد راح الاقي مكان وبسرح شعري كتير يبقى زي الحرير وافضل هنا دايما متشعلقة وبقول امتى وامتى وامتى وامتى امتى بقى هعيش وبكره بالليل النور راح يبان زي ما بشوف عيد ميلادي من زمان ياريتني اشوف شكله ايه لو مسموح وممكن ماما تسمحلي اني اروح
0081,Pocahontas (OST),ألوان الرياح [Colors of the Wind] (Alwan er-reyah),Egyptian,"فاكرني متوحشة وجاهلة وجنسك هو الأعلى, طب قلي يا معتوه متعجب كده ليه؟ وسر غرورك ايه؟ قلي تعرف عن الدنيا دي ايه تعرف ايه؟ فاكر الارض اللي انت عليها ملكك دي ما يملكها وحده غير الله عارفاها طوبة طوبة و اقدم لك اللي له اسم .. وروح .. وحياة فاكر الناس هما بس اهلك هما اللي زيك ويشبهوك جرب تمشي فالدنيا ديا وحدك هتقابل خلق كتير يعلموك عمرك شفت الدب يبكي للقمر المنور؟ وعارف ان القط البري بيضحك ليه؟ تقدر تغني بصوت الجبال تقدر تقدر ترسم بجميع الوان الرياح. تقدر ترسم بجميع الوان الرياح تعالى دوق التوت المسكر تعالى نطير سوا فوق السهول تعالى شوف الغني اللي ما يتقدر مباح لو تطلب منه انا اخت الشجر والنهر والمطر والشمس والقمر دول جيران وطوق الحياة جمعنا قدر حلقة دايرة فدايرة جوه الزمان شوف شجر السيكامور بيكبر اذا قطعته مش هيطلع تاني ولا تسمع دب يبكي للقمر المنور وعشان ما يبقي كل شئ جميل لازم نغني بكل اصوات الجبال لازم نرسم بجميع الوان الرياح أملك الأرض وكتّر .. هتلاقي تراب مش اكتر لحد ما ترسم بألوان الرياح"
0082,Ruby (Egypt),حته تانيه (Hetta Tanya),Egyptian,جالي بهداوة داوي جرح قديم وجدد روحي راحت مني نن عينه خدني غصب عني هوبا علم علامة جوة قلبي سابلي بصمة بسمه العيون ورسمه الشفايف شايف الحلاوة جالي بهداوة داوي جرح قديم وجدد روحي راحت مني نن عينه خدني غصب عني هوبا علم علامة جوة قلبي سابلي بصمة بسمه العيون ورسمه الشفايف شايف الحلاوة أصل الافندي ده في حته تانية عندي مترستأ جوة قلبي وفي قلبي له غلاوة أصل الافندي ده في حته تانيه عندي مترستأ جوة قلبي وفي قلبي له غلاوة مين ده اللي ساوي بينه وبين الناس ده ماس وهما نحاس حساس وروحه حلوة زي غنوة رقصة هوبا مش ممكن أنسى كل كلمة همسة لمسه قلبي جوة وبس هو اللي بحبه وجنبه بحس قوة جالي بهداوة داوه علم علامة علامة مين ده اللي ساوا ده ماس وهما نحاس أنا شوفت كتير وقليل وماشوفتش حد جميل وتقيل كده أستاذ فنان دكتور مدرسة فن وهندسة ايه ده كل ده ادرجي حلنجي ومزجنجي بس جد ومش كلامنجي فتني هوسني تعبني ما ريحني واشواقي اتمرجحت اوي واشواقي اتمرجحت اوي أصل الافندي ده في حته تانيه عندي مترستأ جوة قلبي وفي قلبي له غلاوة أصل الافندي ده في حته تانيه عندي مترستأ جوة قلبي وفي قلبي له غلاوة جالي بهداوة داوي جرح قديم وجدد روحي راحت مني نن عينه خدني غصب عني هوبا علم علامة جوة قلبي سابلي بصمة بسمه العيون ورسمه الشفايف شايف الحلاوة
0083,Tangled (OST),أنا ياما شفت [Mother Knows Best] (Ana yama shoft),Egyptian,ماذر جوثل: يا رابونزل مش معقول إنت ورداية وهشة لسا عودك أذضر ورهيغة عارفة إنت ليه في البرج ده عايشة؟ رابونزل: عارفه، بس ماذر جوثل: هاقولك، عشان فوق في أمان كثير قلبي عس إنك في يوم هتقو لي عايزة أسيب العش أصلي زهقت كل شيء بوقت هسي يا بنت ده أنا ياما شغت أنا ياما شفت إسمعي كلامي العالم ده خطير ومخيف أنا ياما عشت من وقت للثاني ﻻزم يحصل شيء عنيف قطاعين طرق، ثعابين مسمومة في البحر والبر وطاعون، شر وكمان حشر ات عماليق، وناس ليهم أنياب وكفاية خلاص، قطعتي قلبي هاخذك في حنان، في حضني يا حلوة للأمان مهما كان أنا هاحميك، أنا مافديك أنا ياما شفت أنا ياما شفت صدقي يا كامتي، لوحدك ما تعمريش حافية عليك خفت تغرقي وتقعي،  وحوش تاكلك في مغيش بريئة كتير، ساذجة بعبلها هبلة وعندها اممم خبلان وبدون تفكير، متقندله في حالها خذي كلامي يا ننوستي ماما عارفةكتير، بتحبك يا حلوة وبتطلب من أحلى البنات أوعي نتسي، راحنتدمي واديني قلت
0084,Hamza Namira,شمس وهوا (Shams W Hawa),Egyptian,بيسألوني عنه دايماً بيقولوا لي راح لفين مش بييجي ليه ف حكايتك مش إنتوا كنتوا قريبين؟ مش ده اللي كنتوا سوا شمس مع الهوا خليك ساكت يا لساني مش هنعمل محتوى كنا سوا كنا شمس و هوا كان فاكر إنه هيبقى ليّا دراعي اللي إتلوى كان و كان مالي المكان كلام كان واخد الأيام في حتة مش تمام رَيَّحنا طار و طار والله و رَيَّحنا و غار لو هأكتب يوم إقرار هأكتب للماضي يمكن يوم يمسحنا كان و كان مالي المكان كلام كان واخد الأيام في حتة مش تمام رَيَّحنا طار و طار والله و رَيَّحنا و غار لو هأكتب يوم إقرار هأكتب للماضي يمكن يوم يمسحنا بعد أما سابها فتحت لي بابها و أي ضلمة ف حتة بعيدة ده كان سببها و طلع فيه ناس يساووا ماس ده كان سحابة سودا بهبابها كان و كان مالي المكان كلام كان واخد الأيام في حتة مش تمام رَيَّحنا طار و طار والله و رَيَّحنا و غار لو هأكتب يوم إقرار هأكتب للماضي يمكن يوم يمسحنا كان و كان مالي المكان كلام كان واخد الأيام في حتة مش تمام رَيَّحنا طار و طار والله و رَيَّحنا و غار لو هأكتب يوم إقرار هأكتب للماضي يمكن يوم يمسحنا و أينَعَم كان يُحترم و ساب حاجات بعض الساعات لكنه ساب جرحين كبار خلوا الكلام ما بينّا مات خلاني عِشرة، ف عيني قشرة و ساب وجع في الذكريات شوف إنت بعد ما كان حبيبي فين مكانه في اللي فات مش ده اللي كنتوا سوا شمس مع الهوا خليك ساكت يا لساني مش هنعمل محتوى كنا سوا كنا شمس و هوا كان فاكر إنه هيبقى ليّا دراعي اللي إتلوى كان و كان مالي المكان كلام كان واخد الأيام في حتة مش تمام رَيَّحنا طار و طار والله و رَيَّحنا و غار لو هأكتب يوم إقرار هأكتب للماضي يمكن يوم يمسحنا كان و كان مالي المكان كلام كان واخد الأيام في حتة مش تمام رَيَّحنا طار و طار والله و رَيَّحنا و غار لو هأكتب يوم إقرار هأكتب للماضي يمكن يوم يمسحنا (كان و كان مالي المكان كلام كان واخد الأيام في حتة مش تمام رَيَّحنا طار و طار والله و رَيَّحنا و غار لو هأكتب يوم إقرار هأكتب للماضي يمكن يوم يمسحنا)
0085,Hercules (OST),I دي الحقيقه يا ناس [The Gospel Truth I] (Dil 7a2i2a ya nas I),Egyptian,"بس كده اتفضلوا احنا العرايس ملهمات الفنون و مداحات الأبطال أبطال زى هرقل تقصدى قمر 14 اه يا قلبى ياما كان نفسى بس فى نظرة حكايتنا بتبتدى قبل هرقل بكتير من أزمان بعيدة لما الوجود كان طفل و الأرض كانت بختها مال و فى كل مكان فى وحوش عملاقة مردة و فى أهوال كان المكان لا يطاق تمشى تتشنكل فى الزبالات و الدنيا فوضى زلازل, براكين طول الوقت و كمان يا روحى و فجأة هل زوس رمى لسان البرق بجلال حبس اللى يستاهلوا الحرق, أندال و خلى الفوضى احلى و أعلى نظام و دى الحقيقة يا ناس A1 و خلى كله كله تمام زى طبق اناناس يا عينى روض العالم زى الأفراس و ان كان كلامنا مايتصدق دى الحقيقة يا ناس حياة الأوليمب بقت زى شراب الورد فى كاس و لو كلامنا محال يتصدق دى الحقيقة يا ناس"
0086,Hercules (OST),III دي الحقيقه يا ناس [The Gospel Truth III] (Dil 7a2i2a ya nas III ),Egyptian,كانت مأساة زيوس قاد سكان الأوليمب ف بحث محموم لكن على ما لاقى الرضيع !كان الوقت فات هرقل أصبح انسان وعشان ماشربش لاخير نقطة فضل بقوة أوليمبي !بخته كان حلو ف دي (قولي كمان) زيوس وهيرا دموع اكمن ضناهم ما بان له رجوع مكتوب يشوفوه مالجبل العالي والفواد موجوع خطة حادس الشؤوم صحيح هندسها وهرقل وليد لكن قوته يوم بتزيد !ودي الحقيقه يا ناس
0087,Encanto (OST),عيلة مادريجال [The Family Madrigal] (Ailet Madrigal),Egyptian,أهلاً أبولو بقولك! حفلة القوة معادها امتي؟ حفلة ابن خالتي بليل هي قوته آية؟ بليل هنعرف كلنا آية قوتك أنتي؟ و مين بيسأل ؟ أحنا ماشي يا أحنا مقدرش بس أتكلم عن نفسي أنا مجرد جزء من عيلة مدريجال و مين هما عيلة مدريجال؟ مش هتسيبوني في حال، صح؟ كاسيتا وريهم أفتحها حركها دورها تعالوا هو دا بيتنا في كل الأجيال كله موسيقي حتى الإيقاع ملهوش مثال هي دي عيلتي عملين زي النجوم كل واحد فيهم معدهوش أي هموم اوه و دا علشان أبولا معنا هنا اوه هي الي جبتنا من زمان كلنا اوه كل سنة الخير بيزيد عندنا في كتير كمان و لازم تعرفوه يلا أهلاً في عيلة مدريجال أهل البيت دا عيلة مدريجال جيين أهوه أصل البيت دا في ناس عندهم سحر و جمال و أنا من عيلة مدريجال يا نهار أبيض دول هما مين هي مش فكراهم كلهم معرفش اسميهم كلهم ماشي ماشي اهدوا بس مستحيل تماماً إننا نهدا أحكيلنا بسرعة ما تقوللنا بقي الي بتعملوه و علشان كده القهوه للكبار دي تيا بيبا الي الجو في أيدها لو يوم زعلانة نجري من حوليها و تيو برونو ما بنتكلمش عن برونو كان عندوه نبوءات و أختفي من سوكات اوه و دي ماما هوليتا أسمعوا الكلام اوه الي طبخها بيشفي كل الآلام اوه وصفتها جمده ولا في الأحلام لو مبهورين أمال أنا اعمل آية ماما أهلاً في عيلة مدريجال أهل البيت دا عيلة مدريجال حسبوا كلكم أنا عارفه أن كلامي كله سحر وجمال لكن أنا من عيلة مدريجال و دول الي حبوا عيلة مدريجال بقوا سعتها من عيلة مدريجال دا تيو فيلكس راح اتجوز بيبا و بابا اتجوز هوليتا أبولا بقيت أبولا مدريجال يلا يلا هدفنا واحد ضيتنا نساعد و نحمي المعجزة الي لقتنا تتغير الأمور و الكون يدرو لما ترعي ضميرك خير الشمعة هيجيلك و كل جيل يطلع جديد نورها الشمعة نورها يزيد أكيد مين فيهم أختك و مين قريبتك أصلهم كتير اوي أنت حفظهم ازاي ماشي ماشي ماشي ماشي ماشي ماشي بيتنا في أطفال كتير بس أنتم علي أستعداد عارفين ليه علشان دا وقت جولة الأحفاد جولة الأحفاد قريبتي دلوريس تسمع الأبرة كاميلو يتحول أنطونيو يعرف النهاردة اخواتي الأكبر ايسبيلا و لويسا دي قوية دي جميلة بصوا لكل دا ايسبيلا هي وردة حياتنا ايسبيلا احلا واحدة في كل بناتنا ولويسا لويسا ولويسا قوية لويسا لويسا هما الاتنين أحلي هدية يلا بسرعة جيا أبولا دي حياة عيلة مدريجال عرفتم حياة عيلة مدريجال اصل البيت دا فيه ناس عندهم سحر و جمال هو ده احنا في عيلة مدريجال أديوس و آيه هي موهبتك؟ أنا لازم أروح لعيلة مدريجال اوه بس أنتم عرفتم عيلة مدريجال اوه أنا مكنتش اقصد أني احكيلكم حيكايتي اوه خلونا أحسن نراجع عيلتي مدريجال طاب و انتي يا ميرابيل أولاً أبولا و تغير الجو مع تيا بيبا طاب و انتي يا ميرابيل ماما هوليتا هتقدر تعالجك بحتة أريبا ميرابيل و دا أوجستين بمشاكلي مش قاصد يضر ميرابيل أنتم ليه عاوزين تعرفوا كل واحد من قريبي بيعمل آية ميرابيل بريمو كاميلو هقدر يضحكك كل يوم ميرابيل غير أن دلوريس تقدر تسمع الي فوق الغيوم ميرابيل بس مستر ماريانو هو عيلته هيجو يزورنا من يومين هيخطوبو أختي الموضوع دا كفايا اتكلمت كتير و انا خلاص لازم أمشي ميرابيل أنا عيلتي هايلة و أنا طبعاً منها ف... ميرابيل ماشي ااااا ميرابيل انتي آية الي بتعملية دا؟ كانوا بس بيسألوا عن العيلة و و هي كانت هتحكيلنا عن قوتها الهايلة اوه ميرابيل معندهاش قوة
0088,Hameed Al-Shaery,عيني (Einy),Egyptian,"جائنا الآن ما يلي: إختفت في ظروف غامضة بنت الميليونير الشهير ""سعيد بك ألماظ""، هذا وقد رصد سيادته مكافئة مليون دولار مشمشي لمن يعثر عليها لا كان على الخاطر لا كانت النية أعشق وأنا الشاطر، تسهر كده عينيا لا كان على الخاطر لا كانت النية أعشق وأنا الشاطر، تسهر كده عينيا رمشك يا زين قادر، جاب قلبي في إيديا رمشك يا زين قادر، جاب قلبي في إيديا عيني عيني نفسي ومنى عيني عيني عيني نفسي ومنى عيني أسهر تغنيلي وتميلي على ميلي يا شوق مواويلي في الجرح تدعيلي وإنتي المداوية لا كان على الخاطر لا كانت النية أعشق وأنا الشاطر، تسهر كده عينيا أنا في الهوى شارد لا زاد ولا ماية والشوق إليك قايد سهر لياليا أنا في الهوى شارد لا زاد ولا ماية والشوق إليك قايد سهر لياليا إنت اللي في الخاطر وإنت اللي في النية إنت اللي في الخاطر وإنت اللي في النية عيني عيني عيني عيني نفسي ومنى عيني عيني عيني عيني عيني نفسي ومنى عيني أسهر تغنيلي وتميلي على ميلي يا شوق مواويلي في الجرح تدعيلي وإنتي المداوية لا كان على الخاطر لا كانت النية أعشق وأنا الشاطر، تسهر كده عينيا مال الهوى ومالي يلعب كده بيا ما كنت أنا في حالي وأيام معدية مال الهوى ومالي يلعب كده بيا ما كنت أنا في حالي وأيام معدية ليه جيت على بالي مين دلك عليا ليه جيت على بالي مين دلك عليا عيني عيني عيني عيني نفسي ومنى عيني عيني عيني عيني عيني نفسي ومنى عيني أسهر تغنيلي وتميلي على ميلي يا شوق مواويلي في الجرح تدعيلي وإنتي المداوية لا كان على الخاطر لا كانت النية أعشق وأنا الشاطر، تسهر كده عينيا عيني عيني نفسي ومنى عيني عيني عيني نفسي ومنى عيني عيني عيني نفسي ومنى عيني"
0089,The Princess and the Frog (OST),فكر في معنى لحياتك [Dig a Little Deeper] (Fakar Fe Ma'nal Hayatak),Egyptian,ابن مين ما تخصناش .. شكلك ده ما يسواش أو لو ايديك مدروزة بالصيغه .. ما يهمناش آه (ما يهمناش) مش هنسأل جيت منين .. ولا حتى نسأل صنفك ايه ده و ده و دي و ده .. ياما جوم من سنين (يا ما جوم من سنين) دوم عارفين طلباتهم ايه .. قال عارفين عاوزيني ليه قلتلهم وحقولك .. اللي محتاجينه ايه فكر في معنى لحياتك .. حدد المفيد فكر في معنى لحياتك .. السعد مش بعيد لما تعرف انت مين .. حتعرف محتاج ايه والدنيا تحلى .. ده أكيد دور و شوف (شوف) دور و شوف (شوف) ضفدعنا غني وأمور .. اصل الابهه وحشاه مش ده اللي حيسعدك .. كنت فرحت زمان معاه .. لأ أصل المال غدار .. أصل المال خوان ركز أحسن في اللي يفيد .. وابدا تاني من جديد فكر في معنى لحياتك .. السعد معاك أهوه فكر في معنى لحياتك .. واللي يقاوح يدي ماعنده معرفش حتلقى ايه .. يمكن حب بتتمنى تعيش فيه ؟ فكر و ركز وانت تنول يا حلوه .. تسمحي بكلمة ؟ حكايتك صعبة ده اللي قالوه والدك ده كان ابن حلال وكان بيحبكو وانت بنته و زيه .. واللي كان في قلبه في بنته اهو فكر في معنى لحياتك .. اهو دوري عليه فكر في معنى لحياتك .. قدامك خايفة ليه بصي في قلبك تعرفي انتي محتاجة ايه والدنيا تحلى .. ده أكيد افتحوا الشبابيك .. ودخلوا النور يا ولاد (الدنيا تحلى .. الدنيا تحلى) الدنيا تحلي آه .. ده أكيد
0090,Shehab,مرزمن (Mrzmn),Egyptian,"عالعدة  عندي  كذة اسم عالعدة  عندي في مصايب تيجيلي القطة  لما ا  بس (بتيجي اهي) مبعدش احايل ولا اماين و لما تحس اديني حس معدي صافي فيش قضايا انا لسا بس بقول بسم اما دي استفتاحية عن خطايا كنت كل حاجة كنت ميكس كنت احب ""انشغل"" ب ""فضايا"" كنت في اخر تختة في اخر ديسك و معدنيش واجب كان يوم ورايا ساعات مرضية لو مش متع و ساعات متبت في الظبطاية انجح واحد فشل نفسه و عمري ما لقيت النص في العصاية و امي علمتني مناقش عيال مريضة و على فشل يفيد بايه الذم ما دام خرصت قدامي و لبستلي كذة وش؟ اشكالكوا البيئة  مزاملش مرزمن عادي  منستش اصلي مش هتشكر لما اجيب فيك بلن ما انت في الحالتين برضه مجتش غفلت صحيت لقيتني نجم و غفلت صحيت لقيتني بخ شوفت وشوشكوا في الحالتين و برضه  روحي امنت بيا مامتتش (مش بكن و مش بنخ ) و علمتوني مامنش (احب اسن قبل اما أ-send ) سم و بكم و متكلمش (لساني مسوجر ناسي الpin) فاتح جفن و قافل جفن مآمن ان جيوبي بتاكل مرفعتش مش مسرح انا متافلمش اوعى تكون فاكرني مسقط  يالا انا دماغي ذكرت مع الاوائل بس كانت بتروح ت-spot مع ابولهب الشغلة بيكو  ملزقة تركات دي ولا هرتلة؟ اجزت فترة رجعت ادي نظرة لقيت كله عايز يبقى انا (ايايايايايايايا) فلوهي فلوهي فلوهي فلوهي كله نفسه زوقه يبقى زوقي نسخة واحدة و مفيش copies مش جاية منكوا في غنى و do re ‏Drippy  sauce-y زي rocky بص عالساعد شوف ال Rollie في عيشتي قمت بدوري بطولي مشوفتش حد ذكرهولي"
0091,Haifa Wehbe,سوبر ومان (Super Woman),Egyptian,اللي شفته واللي عشته شفت منكو جنون خلاني أكون أنا كان حواليا صحاب ياما وبقوا بيتعدوا على الإيد باي باي مع مية ألف سلامة بسببكو قلبي بقى حديد كان لازم عيني تبقى عليكو وأعرف بتعامل مع مين إنتو اللي بياخد بإيديكو بتعضوا في إيده يا جعانين اللي شفته واللي عشته شفت منكو جنون خلاني أكون Superwoman Superwoman Superwoman أنا واحدة ما يكسرهاش الزمن Superwoman Superwoman Superwoman تعادوني هتدفعوا وقتي التمن Superwoman سكتكم مش سالكة معايا مقفولة بضبة ومفتاح وآخركم تترصوا ورايا ويقولوا عليكم أشباح قبل أما تفكروا تعادوني روحوا شوفوا إزازكو المشروخ هتجيبوا طيارة تسابقوني تلاقوني جايالكم بصاروخ اللي شفته واللي عشته شفت منكو جنون خلاني أكون Superwoman Superwoman Superwoman أنا واحدة ما يكسرهاش الزمن Superwoman (Woman) Superwoman Superwoman تعادوني هتدفعوا وقتي التمن Superwoman مش باصة يميني ولا شمالي أنا دايمًا باصة لبعدين أنا زي الرشاش الآلي مش زيكو آخري رصاصتين وما حدش يتقارن بيا ولا حد يعيش الأكذوبة إيش جاب النسخة الأصلية للنسخة التانية المضروبة اللي شفته واللي عشته شفت منكو جنون خلاني أكون Superwoman Superwoman Superwoman أنا واحدة ما يكسرهاش الزمن Superwoman (Woman) Superwoman Superwoman تعادوني هتدفعوا وقتي التمن Superwoman (Woman) Superwoman (Woman) Superwoman (Woman) Superwoman ‫(أنا Super) Superwoman (Woman) Superwoman (Woman) يلا Superwoman Superwoman (Woman)
0092,Hamza Namira,استنوا شوية (Estanno Shewaya),Egyptian,هاتلي قعدة فيها إتنين فضلوا مع بعض الإتنين كله في الآخر هيفارق دي حقيقة مؤكدة كلها أحضان مطارات و في حياة بعضنا فترات في الطريق مواعيد فراقنا من زمان متحددة و أدفع نص عمري و ترجع تاني ضهري و تِفضل بس جنبي لايمها يا فراق بقى و أدفع عمري كله و ألاقي حد أروحله يشيل مع قلبي حمله ياه لو أقسم الأيام معاه إحنا لوحدينا يا عيني علينا خليكوا قاعدين طب كنتوا إستنوا معانا شوية مانتوش ماشيين نفسي نشبع مِ الغاليين نفسي لو يفضلوا قاعدين كله بيّروَح و يفارق دي حقيقة مؤكدة قُلنا بدري على المِرواح قالوا الوقت بيجري و راح قُلنا فيه أماكن تِتراح بس هل هانروح سوا؟ دي حقايق صعبة ممكن هنعيش بوجعنا يمكن و مافيش ولا شئ يِهَّوِن ثانية واحدة في بعدنا و إزاي هنلاقي غيركم؟ هو إحنا شبعنا منكم؟ ماحناش قادرين نسيبكم ياه لو مرة تنصفنا الحياة إحنا لوحدينا يا عيني علينا خليكوا قاعدين طب كنتوا إستنوا معانا شوية مانتوش ماشيين
0093,The Lion King (OST),يلا نعيش الحب الليلة [Can You Feel the Love Tonight] (Yalla N'eesh El Hob El Leela),Egyptian,تمون: يا عيني علي بيجرى بمبا: ايه؟ تمون: محدش عنده فكره بمبا: مين؟ تمون: وقعم في الحب و ديه الكارسه و اخرتنا احنا لتنين بمبا: ااه تمون: هايمين في شوق و حنين و كلامهم بقى بالعين و الجو الرومنتيكي خلا ساعة الحب دقيقتين جوقة: يلا نعيش الحب الليلة و وصال و دلال و غزل الدنيا في عنية حلوه جميلة و احلى شيء فيها الامل سمبا: حاجات و نفسي اقولها و ازاي تسدقني؟ ده سر الماضي لو اكشفهلها حتسيبني و تكرهني نالا: بداري ايه و ساكت؟ القلب احتار معاه بصت عنيه فلحظه شافت ملكي الانا عرفاه جوقة: يلا نعيش الحب الليلة و وصال و دلال و غزل الدنيا في عنية جميلة و احلى شيء الامل يلا نعيش الحب الليلة و وصال و دلال و غزل الدنيا في عنية جميلة و احلى شيء الامل تمون: و صاحبنا ان طب بالليلة في الحب حنروح في الكازوزا بمبا: حتشغل باله واحنا بالنساله تمون و بمبا: حيبقى مالناش عوزة
0094,The Princess and the Frog (OST),اصحاب متتسماش [Friends on the Other Side] (Ashab Matetsamash),Egyptian,"ما تستهزأش فيا يا فلان اوعى تغلط فالكلام انت فملعبي خد بالك وحاسب من اللي مايتسموش وحاسب من اللي مايتسموش دا مجرد صدى صوتي لعبه كده بنلعبها هنا تسالي يعني ماتخافوش اقعد واستريح اوقف التفكير لو مستريح حبتدي معاك مراحل التغيير اعرف المستقبل وهغير فيك حاجات وحبص في قلبك كمان عندك قلب مش كده يا لورنس ؟ وهحقق الاحلام عندي فودو له اسياده له اسرار ماتفهمهاش وليا اصحاب ماتتسماش وله اصحاب ماتتسماش الورق .. الورق .. الورق حيقول الماضي, الحاضر, والمستقبل على طول الورق .. الورق .. بس خذ ثلاثه حتشوف المستقبل هنا كله بسلاسه حقول انك جيت من بلد بعيد وماما وبابا ملوك أكيد انا برضه فيا عرق ملوكي من ناحية مامي يعني ابن ذوات بس الجيب شحات محتاج تتجوز واحده لكن بنت مليونير دادي ومامي قطعوا المصروف صح يا نونو ؟ - أه حقيقه محزنه - اه للاسف مزبوط .. يبقى محتاج تتجوز - بس الجواز هيقيدك انت عاوز تبقى حر تتنطط من مكان لمكان بس ده محتاج قرشين بنكنوت .. بنكنوت .. هو دا المطلوب وحظك باين في الكوتشينه مال كثير مكتوب انت اسمح لي مانتش محتاج تفسير متهزأ دايماً يا ولداه متهزأ من الست الوالده .. ومن اختك .. وحتى من اخوك ولو جيت تتأهل هي وعيلتها يهزئـوك بس المستقبل موجود فيه ايه ؟ فيه الراجل العظيم اللي كان نفسك فيه هنتعاهد؟ .. يالله امال .. هترفضوا سلام صديق جديد ؟ اه .. يالله بينا * يالله بينا * يالله بينا .. ابدأ التغير * ابدأ التغير * ابدأ التغير * ابدأ التغير * ابدأ حالاً التبديل قولي حاسس .. تتغيير تتغيير تتغيير اكيد ياريت تكون سعيد ولو زعلان .. لأ ماترجعليش يبقى قول للي مايتسموش * وصلت للي عاوزه * * بس خسرت اللي هو عايز *"
0095,Mohamed Mounir,شئ من بعيد  (Shee2 Mn Be3ed),Egyptian,شيء من بعيد ناداني و أول ما ناداني جرالي ما جرالي مش بأيدى يا ابا ده مش بأيدى يا ابا ناداني من يميني ولسة بيناديني بيقولي حصليني على بلد العجايب ناداني من شمالي قال يا ام المهر غالي تعالي قوام تعالي خدي من الحب نايب شيء من بعيد ناداني و أول ما ناداني جرالي ما جرالي ناداني من يميني ولسة بيناديني بيقولي حصليني على بلد العجايب ناداني من شمالي قال يا ام المهر غالي تعالي قوام تعالي خدي من الحب نايب مش بأيدى يا ابا ده مش بأيدى يا ابا
0096,Amr Diab,يا احلى حاجة (Ya a7la 7aga),Egyptian,يا احلى حاجة ف عمري، انا نفسي احكيلك عن احساسي، عن أشواقي، عن حبي و اعبّر عن الحب اللي جوايا، ودنيا جديدة وحكاية مجرد اني صادفتك، ومن ساعة مانا شوفتك دا من ساعة مانا عرفتك سنة ف حبك، سنة ف قربك ولا أجمل ولا أغلى ولا أحلى نسيت نفسي ف دنيا كلها أماني رجعلي عمري المنسي، وليل الحب صحّاني دا ليل الحب صحّاني صحّاني وحنين الشوق ف حبك مدوبني، مسهرني مخليني أدوب واعشق، و أعيش واعشق ولا قبلك ولا بعدك، موريني الحياة جنّة دا الحب اللي جوايا، ودنيا جديدة وحكاية مجرد اني صادفتك، ومن ساعة مانا شوفتك دا من ساعة مانا عرفتك
0097,Ahmed Saad,تاني (Tany),Egyptian,يا نهار أبيض هي تاني مش كنّا خلّصنا ليه جاية تاني طبعاً هتقولي جايالي صدفة هو إنتي فكراني ياباني يا نهار أبيض هو تاني جاي يرقّص قلبي تاني خلّصت منه أنا في الحقيقة قام راح طالع لي في الأغاني تاني إنتِ تاني طالعا لي دايما هنا وهناك تاني إنتَ تاني غلّبت قلبي يا واد بهواك تاني تاني تاني تاني إنتَ تاني لسّه جلالة طبعا وخدّاك تاني أيوة تاني وأديني جيت ورقّصت معاك تاني كنت فاكرِك فترة عادي وهتيجي متأخّر حياتي طلعتي مظبوطة بالدّقيقة وكإنّ بابا كان ساعاتي كنت فاكرة قلبي هادي لحدّ لمّا جيت قصّادي فضل يدقّ ابن اللّذينة كإنّ بُكرة عيد ميلادي تاني إنتِ تاني طالعا لي دايما هنا وهناك تاني إنتَ تاني غلّبت قلبي يا واد بهواك تاني تاني إنتَ تاني لسّه جلالة طبعا وخدّاك تاني أيوة تاني وأديني جيت ورقّصت معاك تاني
0098,Encanto (OST),ورا قناعي [Surface Pressure],Egyptian,انا الاقوي دائما ثابتة زي الصخرة تلاقيني انا ناشفة واضح وبحرك الجبال قوتي في اني عارفة انا قمتي وماله يعني لأ رايحين فين؟ مابسألشي هاعمل ايه المهم ان الشغل ده يمشي الماس وحديد زي المياة في الايد وبنفذ المطلوب من غير اي عيوب لكن وار قناعي آه بتوتر لكن أنا علي جمهوري مينفعش اتأخر وار قناعي هخربشلك الموسم ولا راجل قيمه و سيمه أو بيه لزمتي هتبقي ايه لو خلص شغلي عليه؟ وار قناعي هي قشة شعرة واحدة ويطفح بيا الكيل عليا انا انا الضغط كتير واو كده الوضع ده ده ده بقى خطير واو ماتسببها لاختك اصلها الأكبر شيليها وهي مش هاتتاخر هبقي مين لو يوم ماقدرتش اقاوم لو بتوتر عليا انا انا الضغط كتير واو كده الوضع ده ده بقى فعلا خطير واو يلا اديها لأختك اصلها قوية جامدة فعلا ولا هي ضحية هبقي مين لو كنت عادية زي البقية ورا قناعي قلقانة دائما وخايفة في يوم حاجة تحصل وتاذينا ورا قناعي لا يمكن في يوم جبل ثلج يوقف السفينة ورا قناعي عندي اسئلة كثيرة لامتي حقدر احمينا وزي الدومينا نقع كلنا الظاهر مانحاول ونفشل مهما عملنا ايه لكن لو بس اطير وانسي الأحزان وتوقعاتهم اللي بقت عليا حمل كبير انا نفسي ارتاح أنسي المرارة لكن ياخسارة الضغط على حواليا في أيديا اصل الحقيقة علي انا انا الضغط كتير واو و الوضع ده ده ده كده خطير يلا اديها لاختك مش هاتاذيها هم العيلة دي خفيف دايما عليها يمكن تنحني لكن علي رجليها ابقي اديها عليا انا انا الضغط كبير واو الوضع ده ده ده كدة خطير واو اديها لاختك وانسي الحكاية بالنسبة لها الضغط مش النهاية هتبقي مين لو مستحملتش اشيل من غير اي غلط ولا حتي ضغط
0099,Hamza Namira,يا سهرانين (Ya Sahraneen),Egyptian,و أدينا سهرنا يا قلبي ما سيبناش فرصة لعيننا تنام ولا باقي على بالي غير ذكرى و كوم أوهام بتاخدنا لنفس النقطة لأكتر حتة ف روحنا ضلام و مابقاش فينا حيل نتعذب زي زمان مساكين يا سهرانين الليل تايهين و تعبنا م التفكير ساكتين و قلوبنا دايبة كلام حكايات بنعيدها بالتفصيل ليه نطفي النور و نقيد كام جرح عنيد نفسنا ننساه ليه خايف و راعبنا من بكرة اللي ما عيشناه ياما سيبنا روحنا و خوفنا حبسنا و عيشنا الوهم معاه ياما من تفكيرنا تعبنا و نزلت دمعتنا معاه مساكين يا سهرانين الليل تايهين و تعبنا م التفكير ساكتين و قلوبنا دايبة كلام حكايات بنعيدها بالتفصيل لو بس نِعَّدي الليلة و نعرف نطلع منها سُلّام لو قَفِّلنا على السيرة لو أنام و أنا مش زعلان طب مين يلحقنا يا قلبي في نص الليل و نفضفض ليه يا جراحي مين صاحي أحكيله أنا حاسس إيه مساكين يا سهرانين الليل تايهين و تعبنا م التفكير ساكتين و قلوبنا دايبة كلام حكايات بنعيدها بالتفصيل
0100,Pocahontas (OST),إسمعي بقلبك [Listen With Your Heart] (Esma3i b 2albek),Egyptian,كوي كوي نا-تو-را إفهمي الكلام إسمعي بقلبك هتحسيه في قوام الصوت ده يفهمه اللي عاش الغرام إسمعي بقلبك، هتحسيه قوام
0101,Snow White and the Seven Dwarfs (OST),هاي هو [Heigh Ho] (Heigh Ho),Egyptian,"ندق ,ندق,ندق ,ندق وحيا على المجهود ندق ,ندق,ندق ,ندق مازال الخير موجود عايز تكسب,لازم تتعب اطلع,انزل,بالفاس اضرب بالفاس....بالفاس بحماس....بحماس حنلاقي....نلاقي ماس ندق ,ندق,ندق ,ندق لحد مايجي ليل ندق ,ندق,ندق ,ندق اتجدعن ...شد الحيل الماس بينور و بيبرق احسن ميت مرة من اللؤلؤ الرزق على الله يا دؤدؤ مندق ندق ندق هاي هو هاي هو هاي هو,هاي هو من شغلنا راجعين هاي هو,هاي هو,هاي هو,هاي هو هاي هو على البيت سوا رايحين هاي هو,هاي هو هاي هو,هاي هو,هاي هو,هاي هو هاي هو,هاي هو من شغلنا راجعين هاي هو,هاي هو هاي هو,هاي هو,هاي هو,هاي هو هاي هو,هاي هو من شغلنا راجعين هاي هو,هاي هو,هاي هو,هاي هو هاي هو على البيت سوا رايحين"
0102,Essam Sasa,اتنين بمقام ملايين (Etneen b Makam Malayeen),Egyptian,طول ما الدنيا دي بينا بتلف إحنا هنفضل كتف في كتف ده المعوج معدول في وجودنا وأي تقيل قدامنا يخف خفاف ع القلب تقال ع الأرض إخوات ضهر وعزوة إحنا لبعض مطرح ما بننزل بنسيطر من دخلتنا الكل إتخض إحنا إتنين إتنين آه بس إتنين بمقام ملايين مكتسحين واكلين الجو مافيش جامدين تانيين آه جسمين بس إحنا بقلب واحد يا زميلي عايشين مش بنخاف ونسد عين الشمس وقلبنا جبروت بس نضاف ويا اللي معانا سالكين وعلى المظبوط ناكلك حاف لو مرة هتيجي علينا تعلي الصوت الأيام بصعوبة بيعدوا ع اللي يقضي الرحلة لوحده ويا بخته اللي في ضهره يلاقي أخ جدع واقف بيسانده طول ما في ضهرك أخ يسد عمرك ما هتعطل على حد هي الدنيا دي إيه غير أخ يبقى في ضهرك وقت الجد مهما حكيت عن أخويا ومهما هقول أنا مش هكفيه لو لفيت الدنيا دي كلها بمشي أتشرف بيه لو حسيت بالضعف في مرة ببص في ضهري ألاقيه كله في كوم بس إنت يا أخويا في كوم تاني لوحديك لو مهموم مش بعرف أفضفض وأحكي همومي غير ليك حتى اليوم ما بيكملش ولا يعدي يا أخويا غير بيك أنا وأخويا على الأيام وما نعرفش الإستسلام مهما الدنيا تعجز فينا برضه إحنا هنفضل قدام مليون حفرة ومليون فخ والسكة دي محتاجة لأخ كل واحد محتاج التاني والعضلات محتاجة لمخ مهما نشوف في الدنيا دي عمرنا يوم ما نحس الخوف لو ع الموت ساندين بعضنا دايمًا على أي ظروف شوفنا كتير في الدنيا ولسه كتير قدام هنشوف كله يهون طول ما إنت في ضهري يا أخويا ما يشغلناش مهما يكون كتف في كتف وعن بعض ما نستغناش واللي يخون عيشنا وملحنا ع الدغري ما يلزمناش إحنا وصلنا لليڤل الوحش وعملنا اللي ما إتعملش إسمنا بس لوحده يخوف أما إحنا يا صاحبي ما بنخافش هي ما جاتش معانا بالساهل بس عشان سالكين نستاهل ربك ما بينساش مخلوق وإحنا وصلنا عشان بنحاول
0103,Tamer Hosny,حبك لو غلطه (Hobak Law Ghalta),Egyptian,انت الوحيد اللي النظره منه ليا تساوي عمر والوحيد اللي يؤمر في قلبي أمر والوحيد اللي باجي لحد عنده وبسلم ليه من حبي فيك نفسي اقولك كلمه اكبر من بحبك نفسي اعيشلك عمري كله وأنا جنبك نفسي تشوف ابتسامتي لما تيجي السيره عليك حبك لو غلطه والزمان رجع بيا انا تاني هغلطها وهحبك اكتر كمان وكفايه خوفك عليا والامان اللي بحسه وانت قدام عينيا .. ياريتني احبك من زمان طب اسمع دي متعتي وانا باخد بالي حبيبي منك وانا بسمع كل خير حبيبي عنك مش بشوف في الدنيا عمري لحد غيرك كل حاجه فيا ليك واسمع دي لسه جوه قلبي شيئ محيرني مهما عدى وقت عينيك بتوترني لسه كل مره أشوفك بحس إني أول مره اشوف عينيك حبك لو غلطه والزمان رجع بيا انا تاني هغلطها وهحبك اكتر كمان وكفايه خوفك عليا والامان اللي بحسه وانت قدام عينيا .. ياريتني احبك من زمان
0104,The Hunchback of Notre Dame (OST),"يا رب ارحمهم [God, Help The Outcast] (Ya rabb erhamhom)",Egyptian,قلبي دقاته تناديلك يللي رزقت الطير قلبي ده عارف سبيلك قلبي كله خير ايوى عارفة اني وحدة من الفقرا الغلبانين بس أنا عشمانة النهارده يرتاح كل المظلومين يا رب ارحمهم هم أهلي خلي طريقهم كله مليان خير يا رب ساعدهم دول ناس مساكين انت ناصرهم ليهم غيرك مين اديني مال اديني غاه اديني قوى عشان اعيش مرتاح اعيش حياة من غير عذاب طالبين رضاك وكمان عطفك نحتاج ليه يا رب مش طالبة غير اني اعيش في غيري كثير في الحظ منا فيش يا رب ساعدهم رافعين اديهم مدلهم ايدك دول ناس مساكين انت ناصرهم مين غيرك مين ؟
0105,The Jungle Book (OST),أهم شئ [The Bare Necessities] (Aham shee'),Egyptian,كل لي المطلوب منك هو ان تسألني آيه اهم شيء لدبة او ألذ شيء علشان فاكرك راح أقولك سر جديد و أحيك لك عن اهم شيء في حياتي اسمعني و أستفيد الدب يكون مبسوط اوي و سعيد ما بين الطبيعة ذات الجمال كأن النحلة بين الأزهار فرحانه برزقها الحلال اللي في منتهى الجمال آه لو كنت اقدر ارسم منظر يا سلام سحر الطبيعة داه صحيح شيء خطير هادي الأبهة اللي احنا انحبها متقولش ليه و اسألني تعشق آيه كمان حقولك فاكهة الغباء ابسط ما نحتاج يا ابن الحلال اتفرج على الموزة دي طعمها شيء ملهوش عادي و اقطف الموز من الشجرة دي و اقطف بالراحة آه اتجرحت ايديك المرة الكاية أبقى اهتم بلاش الطريقة بتاعت زمان مش أنا قلتلك ايوة شكرًا يا بلور يا سلام على تعليمك العبيط هيا يا مغرور غني معايا اهم حاجة في الدنيا تبقى آيه أعيش في الغابة الله عليك ان كنت كسول أنا مش مسؤول متقلش كلام  فرجنا هتعمل آيه دي اهم حاجة في الدنيا يا اسمك آيه لا أنا زهقت خلاص يا ريت حظو يطّلع حلو ماوغلي آيه رأيك تغني تسألني آيه اهم شيء للدببة او ألذ شيء علشان فاكرك راح أقولك سر الجديد و احكيلك عن اهم شيء في حياتي اسمعني و أستفيد في الجو الطلق و هم الدنيا بعيد دب يكون مبسوط اوي و سعيد
0106,Tul8te,شديني (Shedeeny),Egyptian,ليه شديتينا الناحية دي وقولناها للدنيا دي بتلف بينا ومحتاسين ما كانش في ضي قدامي ومشينا فيها على عمانا ما بين عيون مش مليانة وضحكنا بس مش سامعانا قالوا الحياة مش دايمة لها وشديني لكي، شديني حاولي دايما تلهيني وحبيني زي ما خدتيني ما إنتي ياما ظلمتيني وشديني لكي، شديني ع البر أنا ترسيني وحبيني زي ما خدتيني ما إنتي ياما ظلمتيني نفسي أكون في حضنك ياما وتطبطبي عليا وأخاف أكون لوحدي ياما وما يسألوش فيا لو طريقي في اخره ضلمة نوروه شوية ياما صعبت عليا نفسي وأهي حكمة الدنيا وشديني لكي، شديني حاولي دايما تلهيني وحبيني زي ما خدتيني ما إنتي ياما ظلمتيني شديني لكي، شديني ع البر أنا ترسيني وحبيني زي ما خدتيني ما إنتي ياما ظلمتيني
0107,Moana (OST),المجهول بيناديني [How Far I'll Go] (almajhul bynadini),Egyptian,من سنين وعنيا سارحه بتحلم علي شط المياه من غير ما اعرف عايزه ايه نفسي اني اسعد قلب عيلتي لكن بترجعني المياه حتي لو مش عارفه ليه مهما ابعد في في طريق بمشي مره بياخدني و يرجعني لمكان مرفوض حتي ان كان موجود نفسي ابقي فيه انا حاسه بموج المحيط بيناديني مش معروف ممكن اشوف لو الريح جات ورايا حتقدر تاخدني؟ لشئ مجهول لو خادتني معاها ساعتها حعرف و اقول عارفه ان كل اللي في الجزيره دي عايشين حياه سعيده كل حاجه فيها حاجه عال برضه كل واحد في الجزيره له شغلانه في الجزيره يا ريت ارسم طريقي كمان ممكن احكمهم بثقه و حكمه ممكن اسعدهم لو بقيت راسيه طب قصده ايه؟ شايفه نور ساكن اخر المحيط بيناديني مش معروف و عاوزه اشوف حبقي ايه لو حروحله بيناديني شيء مجهول عاوزه اعرف ايه حلاقيه بعديه انا حاسه بموج المحيط بيناديني و مش  معروف ممكن اشوف لو الريح جات ورايا واثقه عشان انا في امان
0108,Haifa Wehbe,قالو سابني (Alo Sabni),Egyptian,قالو سابني وحب غيري وهان عليه لسه شاغله بالك فيه ده كله ليه قالو ليه بضيع وقتي ع اللي راح ده اللي راح خسارة فيه اهتمامي بيه أيوه كل كلمة قالوها عنه صح بينصحوني ومابينفعش معايا نصح أيوه غصب عني لسه بحن ليه ما اللي بينا ماكنش بردو كله جرح ليالي جميلة فاكراها أنا ليه وأحلام ياما شاركني فيها و زي ما هو جرحني بإديه لمسني وطيب خاطري فيها لَيالِي جَمِيلَة فَاكْراها انا ليه وأَحْلام ياما شاركنِي فِيها و زيّ ما هو جَرَحنِي بإديه لمسني وطَيِّب خاطري فِيها كل مرة بفتكر يوم الوداع مش بفكر ثانية ألوم و أقول ده باع جرح قلبي في بعده عني مهمنيش اللي فعلا همني يومها انه ضاع كنت واقفة بسمعه و بقول أكيد اللي بينا هيمنعه يروح بعيد قالي همشي و عينه غرقت في الدموع و اما قالها في حضني خدته ومعاه بكيت لَيالِي جَمِيلَة فَاكْراها انا ليه وأَحْلام ياما شاركنِي فِيها و زيّ ما هو جَرَحنِي بإديه لمسني وطَيِّب خاطري فِيها
0109,Hercules (OST),في نجم جديد [A Star Is Born] (Fe negm gdeed),Egyptian,يلا يا بنات راح اقولها و بأعلى صوت في نجم جديد من حاينا اليوم نفرح موت في نجم جديد و زغرطو يا عرايس ليه هرقل طالع على أبيه ممنوع الأناشيد لا لمزاعيع في نجم جديد دا هبط حبيب الجماهير دا نجم جديد اهتفولو و بحس جهير دا نجم جديد لما تيئس إفتكر إنك في قلبك نبع أصيل يعمل منك شاطر حواديت اليأس ببلاش مازئو بعيد عشش بعنيك في السماء أمانيك كل مساء في نجمة طالعة زي البسمة بتنور في الظلمة جديد كالمنارة في ظلام الليل في نجم جديد كلي حاجة تمت عل أخير في نجم جديد اللي بأقولو في كربة شديد صاحبك كان قلبو حديد و خلاص  تقول صحباك جاب كول ما أصو  في كل ليلة أصل أزمة دا هو ليه فهم الفولا كدام اللحظة الأولى العيد الكل في نجم جديد داه حبيب الجماهير أهتفو له و بحس جهير لما تيأس أفتكر أنك
0110,The Emperor's New Groove (OST),أغنية المقدمة [Perfect World] (Oghnyet el-mu2addima),Egyptian,":المقدمة مش قوى كدة رجعتنا كتير الله شايفينى؟ أنا اهو أنا بيبي احم كفاية ذكريات !أيوة :الأغنية ياما حكام ديكتاتوره بمؤمرات دايماً مشهورة دمهم شربات بتحبه البراغيت تلاقي ملوك وسفاحه طبعهم مافيهوش سماحه !يستحسن نولع فيهم بالكبريت إلا ده بشكله الجميل حاكم الدنيا بتوكيل وكمان عيلته حكمانا دشليون جيل سره باتع سحره كاوي في التاريخ المكسكاوي أو في كل الدنيا دي مهما رحت وجيت ده شكلي الحقيقى مش ده ده مش ده فالح فاشل حلو, شايفين القصر ده؟ كل اللى فيه تحت امرى ركزوا معايا !سفرجى !طباخ و بتاع الأغنية !أيوة دايما هو فضله علينا هو اللى أشيك واحد فينا هو بابا هو ماما غيره مفيش حلمه دايما يصبح أمر دى نخلة الموز تطرح تمر لأن الدنيا مبتسمعش الا !منى !اسمه ايه؟ كاسكو جالنا منين؟ كاسكو زيه مفيش كاسكو !ايوة يوه لخبطتلى روشنتى اسف, انت لخبطت روشنة الامبراطور (انا اسف) وصلنا لغاية؟ اسمه ايه؟ كاسكو, كاسكو جالنا منين؟ مين قده مين؟ طبعا ده اروش الملوك كاسكو ايوة هه, كله يوسع"
0111,Amr Diab,قمر ايه (Amar eh),Egyptian,سلامك كله حنيّة كإنك وردة ف ايديا كلامك حلو حتى ف ضحكتك احساس برائتك لسه طبيعية قمر ايه فوق مانا اتصوّر عليكي قلبي ياما دوّر عينيكي عاملة زي الشمس تغمّض دنيتي تليّل تفتّح دنيتي تنوّر هدية من السما جايّة تحلي دنيتي عليّا شهادة حق كل ما بعرفك أكتر تزيدي حلاوة ف عينيا قمر ايه فوق مانا اتصوّر عليكي قلبي ياما دوّر عينيكي عاملة زي الشمس تغمّض دنيتي تليّل تفتّح دنيتي تنوّر
0112,Kassar,اجانص (Agans),Egyptian,انا استف استف .. اعد و اعد عيني في السما نطلبش غير عز وان كنت مين ازميلي ميهمش خاف عالحرمة شهاب ينتش وانت متسدش معاك تقلش انا اقطع بس و منرفش بصوتي بس منحتجش نكتب بطولي بس منحتجش نكدب عالدوم و التك عالدوم و التك نرقصوا عود صحبتك بدون شك بدون اي لك مسماري يتفك حوش السين لا في يوم تغرق وانا طول الدهر ياما شكيت زميلي ياما خان زميلي ماليه العيب وانا توبي ابيض خالي من العيب طالت دروبي طالت ما بكيت عادي مش مشكلة روحي مش مذنبة دماغي طلبة العدا ماس في الأسلكة زميلي تخاف لاركنك زميلي خاف لارجمك ولا اي فرد انتوا ولا اي ولا لينا زي و لا لينا زي. انا استف استف .. اعد و اعد عيني في السما نطلبش غير عز وان كنت مين ازميلي ميهمش خاف عالحرمة شهاب ينتش وانت متسدش معاك تقلش انا اقطع بس و منرفش بصوتي بس منحتجش نكتب بطولي بس منحتجش نكدب نوزن عقول فى سطور نملى العيون ببونك قلبي وتد بيصون ما يسر بس مستور فى دماغي فى وحوش قايدة تنوح وجيبي فيه قروش ارمي وتسرح هنا ما نحوش هنا بندبح زميلي انا طاووس افرش ترمح جري جري جري طلق قلبوا مزاد بيعنا شخصه فرط طيرة بيميني عصب انا اشرح نحقنوا سم عليك ادكتر قلمي MK سايبلكوا الشرز غطوا الوش وشدوا الاشارب تدور صافا صفقات عبي اجانص نرمي التيك تتكيفوا رقص انا استف استف .. اعد و اعد عيني في السما نطلبش غير عز وان كنت مين ازميلي ميهمش خاف عالحرمة شهاب ينتش وانت متسدش معاك تقلش انا اقطع بس و منرفش بصوتي بس منحتجش نكتب بطولي بس منحتجش نكدب خالصة
0113,Hamza Namira,عزيز عيني (Aziz Einy),Egyptian,قلبي اللي الحبايب عنه غابوا و ف ضعفه طوب الأرض سابه ليه عزيز عليه يطول عتابه مش مستني يرد بابه و إنتي شيلتي حمل حلمي ياما قولتي توصل بالسلامة كنتي لما الدنيا تكون غيامة نور و لما أتوه علامة و يا حياة يعني بعد كل ده تبقى حاجة مزعلاه أنا قُلتها؟ يا عزيز عيني ده زعل هايروح لو مرة تناديني تتصافى الروح يا عزيز عيني ده زعل هايروح لو مرة تناديني تتصافى الروح و إن كرهت الدنيا من الأذية مين يهَوِّن إلا هي و لما أتوه في دنيا التمثيلية مين هيبقى مراية ليّا عَدّي يا ليالي بالهداوة ما تبعديش إيد اللي داوى ليه بتيجي ع اللي ليه غلاوة و تدوَّقينا م القساوة؟ و يا حياة يعني بعد كل ده تبقى حاجة مزعلاه أنا قُلتها؟ يا عزيز عيني ده زعل هايروح لو مرة تناديني تتصافى الروح يا عزيز عيني ده زعل هايروح لو مرة تناديني تتصافى الروح
0114,Hercules (OST),II دي الحقيقه يا ناس [The Gospel Truth II] (Dil 7a2i2a ya nas II),Egyptian,لو في حد لازم تتقي شره !يبقى حادس !أصل عنده خطة شريرة كان حاكم وادي الموت كان رأيه ان الموتى أوباش كان قلبه ضلمة من غير رحمة !ودي الحقيقه يا ناس خطط مؤامرة تسود الفوضى !دي الحقيقه يا ناس
0115,Ruby (Egypt),الليلة حلوة (El Leila Helwa),Egyptian,هي القعدة دي اللي حلوة وناسها حلوة ويومنا دا شكله جميل خدنا أهو من الفرحة وصلة، دماغنا فاصلة ورايقين طول الليل طب هي القعدة دي اللي حلوة وناسها حلوة ويومنا دا شكله جميل خدنا أهو من الفرحة وصلة، دماغنا فاصلة ورايقين طول الليل والليلة حلوة.. الليلة دي حلوة.. القعدة حلوة ايه الجو العسل ده؟.. ايه الموود القمر ده هو الروقان ده اللي ناقصنا والليلة حلوة.. الليلة دي حلوة.. القعدة حلوة ايه الجو العسل ده؟.. ايه الموود القمر ده هو الروقان ده اللي ناقصنا عليّ يابني الصوت شوية.. كمان شوية ده في مغنى ده في مغنى وفي رقص سقف يابني، وأنت طبل ده يومنا يهبل ومتعبناش بالعكس والليلة حلوة
0116,Frozen 2 (OST),حاجات مش بتضيع [Some Things Never Change] (Hagat Mesh Betdeea),Egyptian,آنا: ايوة، الريح بقت ابرد اكتر و شكلنا بقي اكبر و السحاب بيتحرك مع نسمة الخريف خيال المآتة وقع و اتبهدل أولاف: و ورقتي الحزينة بقت اعقل آنا: في حاجات اكيد عمرها ما تضيع اه، حاجات مش بتضيع زي شعوري بلمس ايديك حاجات راح تعيش آنا ذ أولاف: قلبك علي و قلبي عليك آنا: زي اقوي جدار عمره ما ينهار حاجات اكيد بتدوم حاجات مش بتضيع طول ما احنا سوا نفضل علي طول كريستوف: ورق الشجر وقع عادي كأن مستقبلي بينادي سڤين: عايز تقوللي هتطلب ايديها الليلة دي بشكل لطيف؟ كريستوف: بس انا في الحاجات دي اوي بخاف زي الشمع و خواتم الزفاف سڤين: الاحسن تسيبلي الحاجات دي اصل انا حريف كريستوف: اه، حاجات مش بتضيع زي حبي لها علي طول حاجات راح تعيش زي ان الرن احسن من البشر لو اتجرات، و كسبت الوقت هعرف اعمل ايه و اقول، صح؟ سڤين: حاجات مش بتضيع كريستوف: سڤين، انت اللي عارف الأصول إلسا: الريح قوية يمكن عشان أنا سمعت الصوت في حاجة جاية انا خايفة لو شيئ اتغير يدوم ايامنا حلوة ، مش عايزة اسيبها تضيع صعب اني اوقف زمن لكن ممكن نتمتع بيوم بديع الكل: الريح بقت ابرد اكتر أولاف: و انتوا شك لكوا بقي اكبر كريستوف ز آنا: هنعد كلنا ما جابلنا من السماء الكل: هنعيش في خير هنا كل حياتنا نتهني بايامنا السعيدة إلسا: وعد مني تفضل رايتنا ترفرف في الهواه آنا: ترفرف في الهواه الكل: ترفرف في الهواه ترفرف في الهواه حاجات مش بتضيع غمضة عين و هتمر سنين حاجات را تدوم تفضل اقوي من المجهول ليه الحظ مايدومش، و اللي فات مايرجعش؟ يمضي الوقت و يفوت حاجات مش بتضيع آنا: واحنا سوا نفضل علي طول إلسا: سوا نفضل علي طول أولاف: سوا نفضل علي طول كريستوف: سوا نفضل علي طول آنا: واحنا سوا نفضل علي طول
0117,Nancy Ajram,أنا هفضل أغني (Ana Hafdal Aghanni),Egyptian,أنا هفضل أغني لحد ما تيجي و ترقص جنبي أنا هفضل أغني لحد ما قولك ع اللي في قلبي أنا هفضل أغني لحد ما تيجي و ترقص جنبي أنا هفضل أغني وأغني و قولك ع اللي في قلبي تعالى ده انتَ حبيب القلب غلاوتك مش على حد تعالى يا معلمني الحب اللي على أصولو بجد تعالى واسمع دقة قلبي آه من قلبي آهة قلبي عليك بترد تعالى ده انا ندهاك بالإسم تعالى ما تكسفنيش في موضوع محتاج للحسم ها قولهولك بشويش تعالى و اسمع دقة قلبي آه من قلبي آهة قلبي معاك بتعيش تعالى واسمع أجمل وصف ما حدش قالو عليك حبيبي شاهد قبل الحذف حَ غني ودلّع فيك يا ريت تسمع دقة قلبي آه من قلبي
0118,Encanto (OST),عندي ايه غيره؟ [What Else Can I Do?] ('andy eh gheru?),Egyptian,عمره ما جيه على بالي كله شوك شيء جديد (إيسا آه المفروض دلوقتي إننا..) مش متناسق ولا كامل لكن جميل في عيني إيه عندي غيره؟ ها؟ يلا يلا هو ده يلا يلا إيه عندي غيره؟ بالحضن يلا يلا الورد يفتح ويفتح فلور دي مايو يا جماله حسب كل خطوة ليا والحقيقة مستخبيه هايحصل إيه يعني لو الشجر طرح اللي أنا حاساه؟ (هو إيه اللي بيحصل ده؟ ) هايحصل إيه يعني لو ماحسبتهاش بالمازورة؟ كفايانا قيود، وبلاش حدود آثار من الهاكارانداز شوية تين (تين!) متعلقين (إيه الموضوع؟) بالما دي سيرا ناحية السما وأخرج من هنا إيه عندي غيره؟ تفتكري هاقدر أطلع ساندو؟ خلي بالك أصلهم بيأذوا أنا اللي بدور عليه لقيته مش عايزة جمال أنا عايزه أكون نفسي بيبان إن حياتك أحلام من أول ما فتحتي عينيكي مافيش حاجة تانية خلاص مافيش عندك غير الورد ده ودلوقتي شايفاكي أنا وهانوصل سوا ناحية السما، نطلع فوق! إعصار من الهاكارانداز شوية تين (يلا!) والفروع (بينا!) بالما دي سيرا ناحية السما وأخرج من هنا عندك غيره! هايحصل يعني إيه لو كل لحظة بجد إحنا عشناها؟ إحنا فيها، عيشيها هايحصل يعني إيه لو ماكنتش في يوم شخص كامل؟ يعني فيها إيه؟ اسمعي اللي أنا قلت عليه! أنا حواليا التابيبويا (تابيبويا) تغيير (مش أخير) نورتي لي شمعة بإيديكي وفرحي يرجع ليكي عندي إيه غيره؟ عندك لسه الكتير عندي إيه غيره؟ أيوة عندك كتير عندي إيه غيره؟ مخبيه كل ده فين؟ هو إيه اللي بيحصل؟
0119,The Little Mermaid (OST),قوللها [Kiss the Girl] (Ollaha),Egyptian,"طبول .. أوتار .. ناي .. كلمات هي قاعده باصه في عينك ,عليكوا انتوا مش قادر ارغي ويقول لكن عندوهو شئ جميل ومش عارف ايه ؟ بس تموت تلاقيه عايز تقوللها سامعه حاجة؟ انت عايزها! قوللها بتحبها جايز هيا كمان بيحب مفيش غير طريق واحد مش محتاج كلام مش محتاج تفكير يلا ماتقوللها يلا غنوا معايا شالالالالالا إوعى الخوف باين عليه مكسوف مش راح يقوللها شالالالالالا مش هيلحقها لا مش هيلحقها مش راح يقوللها علي فكره انا متدايق علشام معرفش اسمك ايه رأيك أخمن؟ اسمك اييه ..مرفت ؟ طيب بلاش .. طيب دينا؟ اها راجيه؟ آريل, اسمها آريل إريل؟ همم ده اسم لذيذ اوكيه اريل فرصتك جت ,عايم علي موج البحر يلا مش عايزين تعطيل حالا هو أحسن وقت مش بتقول كلام ولا هتقول كلام الا لما تقوللها شالالالالالا إوعى تخاف, هو فيه حد شفاف يلا ماتقوللها شالالالالالا يلا اتشجع اوعى تخبي انك نفسك تقوللها شالالالالالا عوم عالبحر واسمع غنوة حلوة وتبقي تقوللها شالالالالالا فيه أنغام .. راح تحكي كلام يبقي انت تقوللها عايز تقوللها لازم تقوللها ماتيالا قول قوللها"
0120,Moana 2 (OST),في البعد هناك [Beyond] (Fi el-bo‘d henak),Egyptian,كل النجوم حافظة موقعها في تانيين بينادوني طيب ولفين واخداني الأيام في سكة جديدة ليا أختارها وأسيب طريقي دا لمين أدي الريح من جديد تاخدني وتروح أمشي وأسيب أهلي واللي عارفاه ومن جديد ألاقي نفسي طير وحيد في البُعد هناك فيه نجوم تانيين غير دول هل هيضيع مني الطريق وأتوه وسط المجهول لو في البُعد هناك هبقى سايبة اللي عارفاه بس حاسة فيه مستقبل بتمناه في البُعد اللي هناك الأقدار مستنياني والبداية جات خلاص هل كل اللي حققته دا مني هيضيع بس الأجداد بينادوني طب أمشي إزاي وأقضي عمري فيه بُعاد في البُعد هناك في بحور كتير بعيد هل هيضيع مني الطريق وأتوه وسط الجديد واللي ألقاه هناك هبقى سايبة اللي عارفاه بس حاسة فيه مستقبل بتمناه في البُعد اللي هناك هل هتفهم لو مشيت إن أنا عنها إتخليت دايمًا هكون أنا جنبك ما تخافيش من المكتوب أنا ما أعرفش حكايتك هتاخدك لفين بس برضه مش لازم ننسى أبداً حقيقتنا في البُعد هناك حتى إن كان مكان جديد هرجع تاني من بعيد ومش هتوه عشان أنا موانا بنت الأرض والمحيط ومش ممكن أنسى دا مهما لفيت مهما يكون المجهول مش هتوه في البُعد هناك
0121,The Little Mermaid (OST),(برا فى دنياك (إعادة [Part of your World (Reprise)] (Barra f donyak (Iaada)),Egyptian,أضحي بإيه وأعيش معاك؟ وأدفع ايه وأفضل هنا وياك؟ أعمل ايه واشوفك بتضحكلي؟ ونمشي فين من غير ما نعوم في الشمس نقعد بطول اليوم وانا وياك اقدر اكون برا فى دنياك معرفش ازاي معرفش فين بس انا عارفه عندى حنين افضل وياك واعيش معاك برا فى دنياك
0122,Amr Diab,ارجعلھا (Erga'laha),Egyptian,إرجعلها بسرعة، إرجعلها دلوقت مش ف صالحك بُعدك عنها ولا تأخيرك إرجعلها بسرعة ومايخدعكش الوقت قبل ماتعرف إنها قادرة تعيش من غيرك قبل ماتعرف إن حياتها ف بُعدك أجمل قبل ما تعرف إنها قادرة تعيش وتكمل قبل ما تعرف إنّها جامدة وبتتحمل قبل ماتعرف إنها ممكن تعجب غيرك إرجعلها بسرعة، إرجعلها دلوقت مش ف صالحك بُعدك عنها ولا تأخيرك إرجعلها بسرعة ومايخدعكش الوقت قبل ماتعرف إنها قادرة تعيش من غيرك قبل ماغيرك ييجى وتعرف منه قيمتها ويقدرها ويخرّجها من أزمتها عايز تعرف إنت بتعمل إيه ف البُعد؟ بتخيّرها بينك إنت وبين كرامتها قبل ماتعرف إن حياتها ف بُعدك أجمل قبل ما تعرف إنها قادرة تعيش وتكمل قبل ما تعرف إنّها جامدة وبتتحمل قبل ماتعرف إنها ممكن تعجب غيرك
0123,Mohamed El-Ezaby,فتح عينيك (Fattah Einek),Egyptian,إصحى، فَتَّح عينيك فَتَّح، آه دي العين عليك غمضت العمر كله خدت إيه غمضت العمر كله خدت إيه راحت منك حاجات و لسه بتروح حاجات و عينيك مش عايزة تاخد بالها ليه و عينيك مش عايزة تاخد بالها ليه بتدور على الحقيقة و إزاى هتشوفها و إنت مخنوقة عينيك و ساكتة خُدها للنور أوام هتسيبها على عماها مخدوعة لحد إمتى خليك قد الامانة ماتخونش عينيك حرام مابتحصلش الخيانة إلا في وقت الضلام إنت رافض تشوف ولا مغمضها خوف مين اللي قال غمض تعيش في أمان مين اللي قال غمض تعيش في أمان بان المستخبى بان فَتَّح، آه آن الاوان تعرف شكل اللي باعك من زمان ... زمان تعرف شكل اللي باعك من زمان بتدور على الحقيقة و إزاى هتشوفها و إنت مخنوقة عينيك و ساكتة خُدها للنور أوام هتسيبها على عماها مخدوعة لحد إمتى خليك قد الامانة ماتخونش عينيك حرام مابتحصلش الخيانة إلا في وقت الضلام اصحى، فَتَّح عينيك (فَتَّح عينيك) فَتَّح، آه دي العين عليك (دي العين عليك) غمضت العمر كله خدت إيه (العمر كله، آه) غمضت العمر كله خدت إيه
0124,Hamza Namira,و إفتكر (Wefteker),Egyptian,و إفتكر ليه ابتديت ليه جريت و ليه عانيت ليه مشيت من بيت لبيت شايل الحلم في خيالك (إفتكر إفتكر) و إفتكر حجم الخسارة و الإشارة و الأمارة إفتكر رمي الحِجارة و اللي نجاك من المهالك و إفتكر طعم المرار و الوجع و الإنكسار و إنحرافك ع المسار و إن قلبك لسه سالك و إفتكر طول الطريق و إن ليك طول في الغريق و إن نورك له بريق و الدليل اللي إترمى لك و إفتكر مين كان معاك و اللي في السكة رماك اللي جرحك و إشتكاك و اللي لما إحتاجته جري جالك و إفتكر زَوَّغان عينيك و أما بِكيوا عينيك عليك و إنت لسه القوة فيك و إن ربك وحده شالك و إفتكر إنك مِكَسر لكن إنت مش مقصر تشتكي و ربك يِيَسَر فاله يغلب برضه فالك و إفتكر جرحك معلم و إن قلبك مش مسلم ماشي في الأحلام تلملم بس مش واقف مكانك (إفتكر إفتكر) و إفتكر علشان تكمل أي آخر كان له أول و الطريق مهما يطول جاي وقتك جاي أوانك و إفتكر لو كنت ناسي ياما عدت بيك مآسي و إنت في الملعب أساسي عمر نَفَسَّك يوم ما خانك و إفتكر طول الطريق و إن ليك طول في الغريق و إن نورك له بريق و الدليل اللي إترمى لك و إفتكر مين كان معاك و اللي في السكة رماك اللي جرحك و إشتكاك و اللي لما إحتاجته جري جالك و إفتكر زَوَّغان عينيك و أما بِكيوا عينيك عليك و إنت لسه القوة فيك و إن ربك وحده شالك و إفتكر إنك مِكَسر لكن إنت مش مقصر تشتكي و ربك يِيَسَر فاله يغلب برضه فالك
0125,Fatma Said,مصر هي أمي (Masr Heya Ommi),Egyptian,"مصر هي أمي نيلها هو دمي شمسها في سَمَّاري شكلها في ملامحي و إن كان لوني قمحي ده من فضل مصر مصر، مصر، مصر مصر، مصر، مصر ما تلاقيش مِثالها ست كل عصر عِشة جنب نيلها تِسوى ألف قصر ما تلاقيش مِثالها ست كل عصر عِشة جنب نيلها تِسوى ألف قصر ولّا وردة بلدي فيها عطر مصر ولّا سحر مصر ولّا جو مصر ولّا ولّا ولّا ده شئ مالُهش حصر Open Invitation, روحوا زوروا مصر و إنتوا تُعْذُروني لما أقول يا مصر مصر، مصر، مصر مصر، مصر، مصر فاتك نص عمرك ياللي ما شفت مصر ده التاريخ في مصر و الهرم في مصر و الكرم في مصر فاتك نص عمرك ياللي ما شفت مصر ده التاريخ في مصر و الهرم في مصر و الكرم في مصر و الحلوين في مصر و الجدعان في مصر و إدّوني عَصّاية أرقص رقص مصر Open Invitation, روحوا زوروا مصر و إنتوا تُعْذُروني لما أقول يا مصر و إنتوا تُعْذُروني لما أقول يا مصر"
0126,The Princess and the Frog (OST),لما نبقى بني ادمين [When We're Human] (Lama Neb'a Bany Admen),Egyptian,لو كنت بني ادم كنت رحت نيو أورلينز ولعبت هناك الحبه دول مزيكا صحيح تغيظ ماتقولش .. لويس ارمسرونج أو سيدني بيشيت كل حيرجع خطوتين لما اعزف حته زي دي اسمع لما أبقى من البني ادمين حلعب مزيكتي دي طول الليل والكل حيبقوا مبسوطين لما ارجع تاني امير حترجع عيشة زمان مزيكا ورقص طول الليل وهوا ده الكلام في قمر على شمالي وسمره على يمين وكم شقرا يحلو القعده وكده نبقى حلوين الحياه دي قصيره لازم نبقى مبسوطين وده أحلى كلام لما ابقى من تاني أمير حعيش الدنيا طول وعرض ده وعد ملوكي من أمير ياعيني عالتواضع أحلى حاجه فيك انك مسؤول انا شقيت وصلت للنجاح وهوا ده المفروض يكون لما ارجع ست تاني حكمل المشوار لما تحطك دماغك في الي وراك تنجح وتبقى من الشطار إدي ايراد تاخذ مرضاك ده مبدأ ابويه ومش حنساه دي نصيحه ياليت تقبلها لما نتغير للبني ادمين حنعزف و...حعيش في العز تاني حتعب واكافح ... عشان احقق النجاح ونرتاح
0127,Cheb Mami,ليه إن شاء الله (Leh Inshallah),Egyptian,و أنا أعمل إيه مع حد قلبه قاسي قول لي أرضى ليه أقاسي و أقبل عذابك كتير قول لي أعمل إيه مالقيتش أي راحة و تعبتني بصراحة إمشي و أشوفك بخير ليه إن شاء الله؟ تجرحني و أستحمل الآه لأ سامحني ... أنا عايز اللي يريحني ده اللي أبقى باقي عليه ليه إن شاء الله، مش لاقي؟ أنا لو بقيت، لا مش باقي على العشرة وتهون أشواقي وقلبي ده ناسي على إيه ... على إيه أنا أستنى تعمل إيه فِيّا؟ كده لا ... لا لا لا يا حبيبي كده كتير عليا ليه إن شاء الله تجرحني و أستحمل الآه لأ سامحني ... أنا عايز اللي يريحني ده اللي أبقى باقي عليه خليتني أهون مابقاش فارق معايا و وصلت للنهاية قفلت كل البِبان ماتبصليش أنا مش هأحن تاني هنساك أنا في ثواني حبك ما عاد له مكان ليه إن شاء الله؟ تجرحني و أستحمل الآه لأ سامحني ... أنا عايز اللي يريحني ده اللي أبقى باقي عليه ليه إن شاء الله، مش لاقي؟ أنا لو بقيت، لا مش باقي على العشرة وتهون أشواقي وقلبي ده ناسي على إيه ... على إيه أنا أستنى تعمل إيه فِيّا؟ كده لا ... لا لا لا يا حبيبي كده كتير عليا ليه إن شاء الله؟ لأ سامحني ... أنا عايز اللي يريحني ده اللي أبقى باقي عليه ليه إن شاء الله؟ أنا لو بقيت، لا و مش باقي على العشرة وتهون أشواقي وقلبي ناسي ليه إن شاء الله؟ تجرحني و أستحمل الآه لأ سامحني ... أنا عايز اللي يريحني ده اللي أبقى باقي عليه ليه إن شاء الله، مش لاقي؟ أنا لو بقيت، لا مش باقي على العشرة وتهون أشواقي وقلبي ناسي ليه إن شاء الله؟ تجرحني و أستحمل الآه لأ سامحني ... أنا عايز اللي يريحني ده اللي أبقى باقي عليه ليه إن شاء الله، مش لاقي؟ أنا لو بقيت، لا
0128,Amr Diab,نغمة الحرمان (Na3'amet El 7erman),Egyptian,ماسكلي ف نغمة الحرمان وعمّال تشكي وتهوّل لا فرق اللي انت شوفته زمان ولا الحلو اللي ف الأول وجعتك؟ دا انت توجع بلد في ايه، هو انت اشترتني! هسيبك واخسرك للأبد دا كان ناقص تموّتني خلصنا مع السلامة، فراقنا هيطوّل كلام ع الحب والاخلاص سمعته كتير ومتعوّد مالوش معنى الكلام ده خلاص لا هينقّص ولا يزوّد وجعتك؟ دا انت توجع بلد في ايه، هو انت اشترتني! هسيبك واخسرك للأبد دا كان ناقص تموّتني خلصنا مع السلامة، فراقنا هيطوّل
0129,Maya Diab,تقلان (Ta'lan),Egyptian,تقلان على مين تقلان على مین والنبي مسكین كیدي كید تعابین ھتخسر یا كبیر تقلان على مین لا كده زیاده والنبي مسكین كله الاده كیدي كید تعابین لیه تتمادى ھتخسر یا كبیر عايزه اقولك سر بيني وبینك مش عليا تخبي خبي تعابینك معلش ماليش ماسكه بعينك ده انا زي الطير والله يكون في عونك لما ذكائك يخونك دي الناس مستغربه خلیك أحسن في حالك أنا أبعد من خيالك يابني أنا بجي بالطبطبة والله يكون في عونك لما ذكائك يخونك دي الناس مستغربه خلیك أحسن في حالك أنا أبعد من خيالك يابني أنا بجي بالطبطبة تقلان على مین تقلان على مین والنبي مسكین كیدي كید تعابین ھتخسر یا كبیر عايزه اقولك سر بیني وبینك مش علیا تخبي خبي تعابینك معلش مالیش ماسكه بعینك ده انا زي الطیر والله يكون في عونك لما ذكائك يخونك دي الناس مستغربه خليك أحسن في حالك أنا أبعد من خيالك يابني أنا بجي بالطبطبة تقلان على مين اديتك تحذير كتر خيري الكلام ده اعمله بقى مع غيري حد طب رساك على تأثيري الصبر جميل عندي ھنا وستوب خطوط حمرا یا عسل ده انا مش بعمل نمره دي الحقیقه ما احناش قدام كاميرا وده مش تمثيل تقلان على مين تقلان على مین والنبي مسكین كیدي كید تعابین ھتخسر یا كبیر عايزه اقولك سر بیني وبینك مش علیا تخبي خبي تعابینك معلش مالیش ده انا زي الطیر
0130,Ahmed Mekky,آخرة الشقاوة  (Akhret El Sha2awa),Egyptian,"[مكي:] إسمى قرن الغزال  بس إسم الشهرة مطواة بأدى لصاحبى هيبة , الناس تهابه , يكون له سطوة جسمى قد كفك مصنوع فولاذ و عاج , تعض عضمى بسنانك يجيلك إرتجاج أوكابى ألمانى على سلاحى منقوشة خوجة ,سن سلاحى موس و حامى يفوت فى اللحمة النية نوجة. ثلاث نجوم و هلال , و هلال فوق جسمى زينة ,مطيع لصاحبى  و مخلص إلى يعوزه يلا بينا يا ما هوشت وحوش , يا ما شوهت وشوش , يا ما فتحت كروش لناس باتت راقدة فى نعوش لو عرقبت رجل  بزاوية صح لواحد ما تشيلوش , لما بظهر فجأة الناس تجبن , تجرى و لو جيوش . صوت فتح سلاحى بيجيب لصاحبى جنان , قتل عور و زفر سن سلاحى و مش ندمان . قلبه و إحساسه ماتوا و نظرة عينه ديب سعران , إنسان من برة بس من جوة إتقلب شيطان . [محمود الليثي:] عيني علي صاحب فجر قدرناه و لا طمر سوق فيها يا بونتي اكتر ماشي يا عم الدكر إحنا علي وضعنا لو عيشنا و ملحنا ما بقوش لادين عليك يا أبا و استنقصتنا الدنيا سلف و دين و مسيرك تنقرص و تقول يا صاحبي فينك يا شقي أقول كان فيه و خلص [مكي:] رحال و كعبى داير لفيت الدنيا لف , من إيد مالك لمالك بأتنقل من كف لكف. صحيح البحر واحد بس السمك أنواع , مريت على الجبان و البق و العترة الشجاع. فيه الى كان بيعمل بيا نمرة و يرقص فى الأفراح , في الى قدرونى صح و شافوا فيا أقوى سلاح. كل فترة أعيشها بتبقى شكل صاحبى , أحداث و ناس جديدة , و كل واجبى صاحبى أحمى. و صاحبى الحالى واعر تاجر مخدرات , فتوة و كفه سابق مش هامه أى حوارات. بديت معاه م الصفر ماكانش يسيبنى لحظة , ماكانش يجيله نوم إلا أما أكون تحت المخدة. واحدة واحدة صيته ذاع  واخدها بالدراع , أفيونته تحت لسانه و شايه تقيل و بالنعناع . لما تقوم خناقة و يبدأ يتعصب و يغل , يأمن إنى في جيبه و يأمن ع الأبتريل , عور بيا يا ما قتل 3 مرات. أخرهم جارد جثة برا بار من البارات , الناس بقت تخافه و تهابه و تعمله حساب و إلى بيعترض طريقه بتبقى عيشته هباب , عمل لنفسه ضهر و بعلاقات ثبت وجوده و زود حجم دولابه تاجر هيروين و فودو [محمود الليثي:] عيني علي صاحب فجر قدرناه و لا طمر سوق فيها يا بونتي اكتر ماشي يا عم الدكر إحنا علي وضعنا لو عيشنا و ملحنا ما بقوش لادين عليك يا أبا و استنقصتنا الدنيا سلف و دين و مسيرك تنقرص و تقول يا صاحبي فينك يا شقي أقول كان فيه و خلص [مكي:] صاحبى كبر و إتوحش لعب معاه القرش جاب مرسيدس ساعة دهب نشاط تانى ع الوش , فى تحته جيش رجالة بأمره ينفذوا التمام. و فى طبنجة 9 مللى و فى آلى دفع أرقام , خلاص إستغنى عنى مابقتش قد المقام . بقيت أعره لو ظهرت معاه خلاص مات الكلام , فحطنى فى صندوق جزم قديم رماه فوق الدولاب أكتر من 3 سنين مرمى رمى الكلاب , جنبى فى الصندوق ورق مضروب و ذكريات . حشيش قديم نشف و صورة لإبنه إلى مات , من خبرتى بالناس حافظ حبة أمثال . أكترهم مؤمن بيه دوام الحال من المحال . طغيان صاحبى و نفوذه خلت العين عليه , و الكوك لحس دماغه و الغرور عماله عنيه . شبه إحتكر السوق , فولاد الكار قالبين عليه , حتى الحكومة هاجت ماجت قررت حاطين عليه . كام واحد من رجالته عاملين معاه الجلاشة , باعوا سره للحكومة فاتعمل عليه كماشة . إختاروا يوم كان كانز فيه في البيت تقريبا  تمن طن , هيروين و كوكايين شكل الكمية حاجة تجن البوليس هجم كبس ع البيت بالليل الساعة تسعة , مطر من ضرب نار أغلبهم للهروب بيسعى بس صاحبى قلبه ميت شد لاين و قام يدافع , بالعروسة التسعة مللى قام يهاجم تانه راجع حد فضى خزنة المسدس من وراه حتى الآلى إختفى ده بفعل فاعل يا ولداه. صاحبى هرش و إستوعب إنه إتباع و ع المشاع , هيعيش لو سلم نفسه , هيموت لو عمل شجاع ماحسش بالأمان عمل زى زمان , دب إيده فى جيبه يجيبنى فإفتكر كل إلى كان أخيرا إفتكرنى و جابنى من فوق الدولاب , فرحت إنه بيلجأ لى تانى و هنرجع صحاب أول ما مسكنى إستغرب شكلى أصلى مردوم بالتراب , باظت لحظة فرحتى من قوة رزعة كسر الباب بوليس كتير دخل بسلاحه الكل كان مكشم , صاحبى فتح سلاحى ما إتفتحش أصله تلم . عمرى ما أقدر أنسى نظرة عينه ليا كان مبلم , شكله فكر إنى خنته عينيه ليا بتتكلم خد طلقة وسط دماغه وراها رصاص كتير , وقع غرقان فى دمه و أنا إترميت بطير وقعت جنبه شفته بيطلع آخر زفير , صاحبى إلى كان فرعون أدى شكل المصير و فجأة فى وسط زحمة الأوضه إلى كانت شديدة , فيه إيد جت كمرتنى شكلى داخل قصة جديدة [محمود الليثي:] يا آبا أخرة الشقاوة , يا موت يا عيش و حلاوة عيني علي صاحب فجر قدرناه و لا طمر سوق فيها يا بونتي اكتر ماشي يا عم الدكر إحنا علي وضعنا لو عيشنا و ملحنا ما بقوش لادين عليك يا أبا و استنقصتنا الدنيا سلف و دين و مسيرك تنقرص و تقول يا صاحبي فينك يا شقي أقول كان فيه و خلص﻿"
0131,Amr Diab,دایماً فاكر (Dayman Faker),Egyptian,مين قالك بس إنّي نسيت وإزّاي بس أنساك؟ مهما بعدت ورحت وجيت سايب قلبي معاك مين قالك بس إنّي نسيت وإزّاي بس أنساك؟ مهما بعدت ورحت وجيت سايب قلبي معاك دايماً فاكر، فاكر وعلى بالي وعلى بالي دايماً فاكر، فاكر وعلى بالي وعلى بالي دايماً فاكر، فاكر وعلى بالي وعلى بالي دايماً فاكر، فاكر وعلى بالي وعلى بالي مين في غلاوتك عندي مفيش هي دي فيها كلام علي ليالينا الحلوة بعيش و بَعّد الأيام الثانيه ف بُعدك بسنين وإسأل قلبي يقول إن مفيش بَعدك غاليين وفي سيرتك على طول دايماً فاكر، فاكر وعلى بالي وعلى بالي دايماً فاكر، فاكر وعلى بالي وعلى بالي دايماً فاكر، فاكر وعلى بالي وعلى بالي دايماً فاكر، فاكر وعلى بالي وعلى بالي
0132,The Aristocats (OST),سبعاوي و بحالات [Thomas O'malley Cat] (Sab'awy We Bhalat),Egyptian,"أنا بحب الدنيا اللي هي زى ماتكون سمكة لذيذة ليها شوك مسنون أنا قيس بن المُلَوّح شاعر مفوّه مزاجه عالي و ف حالي و بحالات طموحاتي مالهاش حد و بمشي سنين مش واخد حاجة جد أنا حر مش سجين ف كل يوم أختار طريق يبقى غير اللي فات !أيوة و أحكي لاصحابي بقلب جريء عن قطة حلوة بوش بريء و أنا قيس بن المُلَوّح شاعر مفوّه مزاجه عالي سبعاوي و بحالات [مسيوه يظهر ان حضرتك مشهور قوي] [مؤكد, أنا مقطع السمكة و ذيلها] زعيم الشوارع أمير الامبساط مدير الميادين الدنيا دي بساط لو تقدر تمشي عليه يبقى عرفت الطريق من روما للماكس و كمان بالعكس لباريس أيوة, في الشانزليزيه !يا ولد! قط شوارع] [شش! اسمع زي الفراشات فقير ماملكش أطير حقي باخده بالدراع و اشارة صباع مايهمنيش على فين مشيت هاشغل دماغي ليه مهما مشيت راح الاقي بيت حلوة الحياة مهما شقيت أنا مين؟ قيس بن المُلَوّح شاعر مفوّه مزاجه عالي و ف حالي و بحالات !مظبوط سبعاوي قط الحارات !أيوة برافو حلو قوي انت موهوب خالص] أشكرك, و انت بقى اسمك ايه؟ أنا اسمي دوقة [!دوقة؟ تحفة"
0133,Amir Eid,الدنيا هس (El Donia Hoss),Egyptian,الدنيا هادية والخلق نايمة والشمس بتشرق بشويش بشويش وانا وانتي سوا وحدنا في الدنيا وده يوم في العمر عايزنا نعيش الشجر بيميل والورد جميل وريحة الدنيا مليانة حرية ما يمكن ده يومنا واحنا مش عارفين هادية الشوارع واحنا وحدنا الدنيا هس و انا وانت وحدينا نقدر نرقص زي نجوم السيما نتحب و نحس بحاجات جوانا قديمة انا وانت وبس الدنيا لينا الليل رومانسي و انا نفسي اقول كلمة بحبك قد الدنيا نتفرج سوا و نعد النجوم وتشوف الدنيا شويه بعينيا ما يمكن دي ليلة بكل العمر يا سلام لو عيشناها سوا باحساس القلب يدق لما يكون حر ميهموش حاجه ولا رأي الناس الدنيا هس و انا و انت وحدينا نقدر نرقص زي نجوم السيما نتحب ونحس بحاجات جوانا قديمه انا وانت وبس الدنيا لينا
0134,Ahmed Saad,بطة (Batta),Egyptian,ياللّي هويت الجمال اللّي مفيش زيّه تعالى شوف من بعيد الحلو وعامّيله بطّة عالكلّ حاطّة عارفة إنّ مفيش ولا قبلها ولا جاي حتّى بطّة بطّة ملهاش محطّة الكلّ شاور بسّ هي ماسكة سكّة يجولها كدة تجيلهم كدة مهرة وشاردة من الخيال الضّحكة دوا مفعولها هوا جرعة يدوب همّك يتشال بطّة بطّة هايلة قادرة وطايلة تقدر تسوّي فيك هوايل من سلامها هايلة عارفة دارسة وفاهمة تستخدم إمتى سلاح دلعها اللّي فى كلامها يجولها كدة تجيلهم كدة مهرة وشاردة من الخيال الضّحكة دوا مفعولها هوا جرعة يدوب همّك يتشال بطّة دي بطّة بطّة دي بطّة عالكلّ حاطّة بطّة عالكلّ حاطّة عارفة إنّ مفيش ولا قبلها ولا جاى حتّي بطّة بطّة ملهاش محطّة الكلّ شاور بسّ هي ماسكة سكّة يجولها كدة تجيلهم كدة مهرة وشاردة من الخيال الضّحكة دوا مفعولها هوا جرعة يدوب همّك يتشال
0135,Amal Maher,مصر وطن السلام,Egyptian,[آمال ماهر]: مصر عاشت تفرّق خيرها من آلاف السنين أم شالت هموم ناس غيرها من الشمال لليمين لا بتحب الخصام ولا بتخلف كلام مادة حبل المحبة بلادي مصر وطن السلام [حمزة نمرة]: الغريب فيها عاش متطمن والجيران للجيران ناسها ولا بالكنوز تتمن للي قدّر وصان أصيلة وفاتحة بيتها ولا تغرّك طيبيتها ليها رجالة رافعة رايتها من زمان الزمان [آمال ماهر وحمزة نمرة]: حافظين حدودها والخير في بيتها بالحب دايماً عامر... عامر بناسها بالناس حارسها واللي يعاديها بيغامر كلمتها صادقة وطيبيتها سابقة ذات الجمال الباهر حافظين حدودها والخير في بيتها بالحب دايماً عامر... عامر بناسها بالناس حارسها واللي يعاديها بيغامر كلمتها صادقة وطيبيتها سابقة ذات الجمال الباهر [حمزة نمرة]: مصر هي وطن السلام [آمال ماهر]: مصر عدت ماحدش طالها من السلام للعمار الحضارة اللى كتبت فيها على الحجر أشعار [حمزة نمرة]: عارفة سكتها فين والخطوة فيها باتنين شايلة حلم وأمل لولادها [آمال ماهر وحمزة نمرة]: والنجاح اختيار حافظين حدودها والخير في بيتها بالحب دايماً عامر... عامر بناسها بالناس حارسها واللي يعاديها بيغامر كلمتها صادقة وطيبيتها سابقة ذات الجمال الباهر حافظين حدودها والخير في بيتها بالحب دايماً عامر... عامر بناسها بالناس حارسها واللي يعاديها بيغامر كلمتها صادقة وطيبيتها سابقة ذات الجمال الباهر مصر هي وطن السلام مصر هي وطن السلام
0136,Sarit Hadad,انت عمري (Inta Omri),Egyptian,رجعوني عينيك لأيامي اللي راحوا علموني أندم ع الماضي وجراحه اللي شفته، اللي شفته قبل ما تشوفك عينيا عمر ضايع يحسبوه إزاي عليّا انت عمري، انت عمري اللي ابتدى بنورك صباحه انت انت انت عمري يا أغلى من أيامي يا أحلى من أحلامي يا أغلى من أيامي يا أحلى من أحلامي خدني بحنانك خدني عن الوجود وابعدني خدني بحنانك خدني عن الوجود وابعدني بعيد بعيد، أنا وانت بعيد بعيد، وحدينا بعيد بعيد، أنا وانت بعيد بعيد، وحدينا ع الحب تصحى أيامنا ع الشوق تنام ليالينا يا أغلى من أيامي يا أحلى من أحلامي يا أغلى من أيامي يا أحلى من أحلامي خدني بحنانك خدني عن الوجود وابعدني خدني بحنانك خدني عن الوجود وابعدني بعيد بعيد، أنا وانت بعيد بعيد، وحدينا بعيد بعيد، أنا وانت بعيد بعيد، وحدينا ع الحب تصحى أيامنا ع الشوق تنام ليالينا
0137,Cairokee,يلا نغني (Yala Neghany),Egyptian,اخرتها ايه مبقتش قادر على السكوت كرهت الأمل ولا هو عايش ولا بيموت سألت نفسي كل الاسألة البديهية انت مين انت ليه جاي الدنيا ديا بتغني للشهرة فلوس ونجومية ولا صاحب قضية مصدق فعلاً في اغانيه الاجابات كلها عكس عكاس اجابة من دماغي والتانية بالاحساس والتالتة متوسطنة على الميزان بالمسطرة كل الافكار جوايا راقدة متكدرة مخنوق والطريق مسدود لازم توطي رأسك علشان تفوت لو مش مصدق بص لفوق على النجمة البعيدة نورها زي قلته مايبنش الحقيقة لكن احنا الشخص واحنا وراها نتحرق نور سماها كل يوم يعدي نروح نموت فداها يلا نغني اللي جوانا غنوة ساكتة من غير كلام احنا بس اللي نفهم معناها غنوة تجمعنا ولو في الخيال ببص في المرايا وخايف عيني تيجي في عيني مكسوف من نفسي بهرب منها مهما بتناديني انا بغني ليكم ولا بغني عليكم احمي نفسي انا ولا احميكم مش عاوز ابقى نجم من النجوم وازين العتمة وسط الغيوم مش عاوز اعيش كدبة كل يوم او حلم جميل خايف منه اقوم انا عاوز اكون او لا اكون يا اعيش حر يا اعيش مدفون آه زهقت من المواربة والفكرة شاردة جوايا حرب باردة وافكار كتير معاندة مزنوق في خانة اليك مش لاقي منها فايدة الفكرة لسة صامدة مهما العمر يطول جوانا عالم وحياة ممنوع يا ناس تتعاش جوانا فكرة في مكانها بس مقولنهاش جوانا منطق عايز يبدأ كدبة كبيرة دايما تسبق تقولك غيرك اشطر متحاولش يلا نغني اللي جوانا غنوة ساكتة من غير كلام احنا بس اللي نفهم معناها غنوة تجمعنا ولو في الخيال
0138,Amr Diab,ھلونھم (Halawwenhom),Egyptian,هكتب ليستة بأسامي الناس اللي أذوني ولَقوني وقت أمّا عازوني اللي أنا لحظة ما إحتاجت لهم أول ناس في حياتي رازوني هكتب ليستة وهحط ملاحظة بألاعيبهم علمت عليهم وسايبهم هأبتدي باللي جرحه معلم وهسيبهم كده مش هأشطبهم وهألونهم على حسب اللي أنا شفته منهم حكتب بالأحمر أجبنهم وبالإسود ع اللي مخوِّنهم وهألونهم على حسب اللي أنا شفته منهم حكتب بالأحمر أجبنهم وبالإسود عاللي مخوِّنهم وهحط خطوط ع اللي باعوني مش بأنساهم وبفكر نفسي بأفعالهم وأمّا ما أبيّنش بَزَعّلهم أنا ممكن يوم أسامح عادي بس دول أنا صاحي واعي لهم ده المستوى اللي أنا مش ممكن يوم أنزِلّه ولا فارقة يندَموا يتذَّلوا هٌما يقولوا يقولوا وأنا مالي بأسكت وأعلى وهما يقِلُّم وهألونهم على حسب اللي أنا شفته منهم حكتب بالأحمر أجبنهم وبالإسود ع اللي مخوِّنهم وهألونهم على حسب اللي أنا شفته منهم حكتب بالأحمر أجبنهم وبالإسود عاللي مخوِّنهم وهحط خطوط ع اللي باعوني وهألونهم على حسب اللي أنا شفته منهم حكتب بالأحمر أجبنهم وبالإسود ع اللي مخوِّنهم وهألونهم على حسب اللي أنا شفته منهم حكتب بالأحمر أجبنهم وبالإسود ع اللي مخوِّنهم وهحط خطوط ع اللي باعوني
0139,Khalid Otsha,أنا فلسطيني (Ana falastini),Egyptian,أنا فلسطيني يا ابن القحبة نهب فيك ناكلك لحمة مفيش كلام بيمرجحنا هنا الدماغ بتسوحنا البلد بلدنا نبرطع فيها نعلي صوت و الأرض نبنيها نحطو فيك لو شفناك فيها شباب أمريكا الكل هاريها سقطنا فيكم جثث شاحبة الأرض أرض أسمع ساحبة قلوبكم مرضي قلوب جاحدة المحنة لو يوم تلمحنا مسيرها تنضف ع النية و نعبيهالكم مَغرية تسمع صراخ أمريكانية من الأراضي المصرية مش زيك ناخد المرجلة اسم أحنا أتربينا نهين الخصم اللعب كبير و كبير الأسم احنا فلسطين بالروح و الجسم هنا الشمس تطفي النار الله بيحمينا الليل ونهار ما بنخاف من عرص غدار لو كان تعابين نعزف مزمار نعمل معاك الجلاشة قافل عليكم بكماشة ألست ميري أنا و باشا ؟ أموت و ما ارفعش قماشة بفك روحي المربوطة يا خصم يا ابن الشرموطة في كل حتة دي محطوطة دي زي بلدك مشطوبة أخدنا من خيرها نصيبكم ما أخافش لو موتي في أيدكم بعينكم من يصبح سيدكم أهين وأهين سيد سيد سيدكم أنا فلسطيني يا ابن القحبة نهب فيك ناكلك لحمة مفيش كلام بيمرجحنا هنا الدماغ بتسوحنا البلد بلدنا نبرطع فيها نعلي صوت و الأرض نبنيها نحطو فيك لو شفناك فيها شباب أمريكا الكل هاريها
0140,Moana (OST),Shiny (Egyptian Arabic),Egyptian,ما تتمنى ماكنش كدة من زمان كنت كابوريا مملة بس اكتشفت الاهم يا سلام علشان جمالي ده تحفة حد قالك قلبك ده دليل اللي جوانا بيوصلنا تلات كلمات هتقولها هنا بلصريح لاء مش صريح انا بهوي بريقي وكأني كنز في بحر كان مغمور بمعيه هايبان للك بريقي زي عقد بيضويفي رقبة من بنور طيب ليه الاسماك من الغباء عايشين مبهورين باللمعان مساكين اه وبسرعة اهم جايين اللي بيلمع في المكان واتعشي يجيلي وآكله وبرضو لو صدته هاي ياحلة الكابوريا وحشتني خلاص ماوي وقته جيه قلت ايه ياصاحبي؟ نسر ضخم؟ حالما معقول ياعيني خلصت الاسطورة مش اسطورة دي فضيحة يادي العار خلاص  مبقتش ماوي بتاع زمان بس لا زم اعترف للك ياغلام الوشم بتاعك كان إلهام عملت نفسي حاجة تحفة يا سلام خلاص تهزي   بحب بريقي وبلالاء زي الالماس من بعيد ده اكيد والفضل لبريقي حاول كسري مش هتأثر حتي يختس انا متين يامسكين طب هحاول ليه؟ انت وهم بيحكوه للعيال مش اكتر من خيال وانتهيت موتك ياخليف دوت عندي أسهل من الكلام مافيش كلام كل اللي كانو فاكرينك بطلهم يابوك ونسوك وماعدت لازمهم بتقاوم آز إف هاتستحمل مني ضربة كف ماوي هاخفي شكللك من طريقي اصله بيضايق طريقي ودي اخر حاجة تشوفها ركز فيها سي لافي اعمل إيه؟ شوف بريقي يلا هاكلمك استعد للوفاة ياولداه مين كدة زي في بريقي مش باشبع من بريقي هاي
0141,Pocahontas (OST),صوت الطبل بيقول دق [Steady As The Beating Drum] (Soot et-tabl bi'ool do'),Egyptian,صوت الطبل بيقول دق إطلع من البيضة يا كتكوت زرعنا الحب وبنضب ورد وفل وغلة وثوم على الميه الصافية واقفين نصطاد سمك حلو كبير بنغني زي العاشفين للأرض اللي ادتنا الخير كن ويانا يا رب الكون ساعدنا نعرف ازاي نحمي أوطانا ونصون عاداتنا في الزمن الجاي موسم نزرع غيره نضب الخير على قريتنا يعم ناكل مم ناكل هم صوت الطبل بيقول دوم
0142,Ahmed Saad,ألف تحية (Alf Taheya),Egyptian,ألف تحية للناس الحقيقية الناس العِشَّرية صحاب أحلى نفسية الناس دي بالذات يستاهلوا سنين سلامات و لُقا بأحضان مطارات ناس مريحة و طبيعية ألف تحية للناس الحقيقية الناس العِشَّرية صحاب أحلى نفسية الناس دي بالذات يستاهلوا سنين سلامات و لُقا بأحضان مطارات ناس مريحة و طبيعية ناس غالية غلاوة و حلوة حلاوة صعب بغيرها في يوم تتساوى ناس رايقة إنما إيه ولا باصّة في إيدك إيه ضحكك من القلب معاهم فيه بينكم مية إفيه ألف تحية للناس الحقيقية الناس العِشَّرية صحاب أحلى نفسية ناس في السَلَكان حاجزين والله مكان لو عايز تِعْدِل مودك ما يتَوهِشِ العنوان ناس من جوه نضيفة ع القلب كده خفيفة وقت اما تحب تشوفهم يفضولك لو مهماً كان دول ناس في السَلَكان حاجزين والله مكان لو عايز تِعْدِل مودك مش حاتْتُوه في العنوان ناس من جوه نضيفة ع القلب كده خفيفة وقت اما تحب تشوفهم يفضولك لو مهماً كان ناس غالية غلاوة و حلوة حلاوة صعب بغيرها في يوم تتساوى ناس رايقة إنما إيه ولا باصّة في إيدك إيه ضحكك من القلب معاهم فيه بينكم مية إفيه و ألف تحية للناس الحقيقية الناس العِشَّرية صحاب أحلى نفسية ناس غالية غلاوة و حلوة حلاوة صعب بغيرها في يوم تتساوى ناس رايقة إنما إيه ولا باصّة في إيدك إيه ضحكك من القلب معاهم فيه بينكم مية إفيه و ألف تحية
0143,Hamza Namira,ما بتلاقينيش (Mabetlaeneesh),Egyptian,طول عمري مآمِّن قلبي على حكايات و ما حكاهاش و هيفرق إيه ماهو ياما قلنا كإنه ما قُلناش ولا حد قدر يفهمني ماعرفتش أعبر عني و حاولنا و ماقدرناش أما إنتي يادوب من نظرة فاهماني بكل وضوح شايفاني إزاي من جوه و كإني كتاب مفتوح من غير ما بقول قارياني عجناني أوي و خَبزاني و أقرب لي كمان من الروح ما بتلاقينيش براحتي إلا وياكي و ما بشوفنيش بفضفض غير و أنا معاكي ما بتلاقينيش براحتي إلا وياكي و ما بشوفنيش بفضفض غير و أنا معاكي بصراحة بكون متوتر لما بعيني ما أشوفكيش قلبي بيتطمن أكتر لو جنبي و مابعدتيش أصل أنا في غيابك بقلق و أرجع على طول ما بصدق و أحكيلك و ما أخبيش ما بتلاقينيش براحتي إلا وياكي و ما بشوفنيش بفضفض غير و أنا معاكي ما بتلاقينيش براحتي إلا وياكي و ما بشوفنيش بفضفض غير و أنا معاكي ما بتلاقينيش براحتي إلا وياكي و ما بشوفنيش بفضفض غير و أنا معاكي ما بتلاقينيش براحتي إلا وياكي و ما بشوفنيش بفضفض غير و أنا معاكي
0144,Mohammed Abdel Wahab,الأرض الطيبة (صوت بلادي) (El Ard El Tayeba),Egyptian,صوت بلادي بلادى بلادى بيدوي عبر الأجيال صوت حضارة من يومها جبارة ياما صنعت ابطال و رجال صوت شعب ماشي الاف السنين كل خطوة منه بكفاح ملايين أمجاده كتبها بحياته و مصر حياتها خطى المخلصين عيش حياتك بس ابحث عن ذاتك يا مصري و شوف عمرها كام نور وجودك من خطوة جدودك شعلة عزم و خير و سلام صوت شعب مصري و أعظم ما فيه اى اخ عربي يعوزه يلاقيه أمجاده كتبها بحياته و مصر حياتها خطى المخلصين ٠٠٠٠٠٠٠ رجاله وطول عمر ولادك يا بلدنا رجاله وغلاوتك يا بلدنا والله مش محتاجه قواله ده النيل لسمرانى فارد على الشطين قناديله والمصرى سكتوا محفوظه بقرأنه وانجيله ٠٠٠٠٠٠٠ من صوت التاريخ يامصرى تقدر تعرف ذاتك وهبت للدنيا دنيا جديدة من نبض حياتك وقت ماكان العالم بيعيش تاية فى الغابة مصر كانت دولة وليها راية فوق اعلى سحابه رجاله وطول عمر ولادك يا بلدنا رجاله وغلاوتك يا بلدنا والله مش محتاجه قواله ده النيل لسمرانى فارد على الشطين قناديله والمصرى سكتوا محفوظه بقرأنه وانجيله ٠٠٠٠٠٠٠٠ سحابة وندهت للشمس قومى طلى على الوادى شوفى مصر الفراعنه فى وادى والعالم فى وادى ده المصرى فى الوادى الاخضر كان سابق زمانه يتمشى فى مزارع قمحه وجناين رمانه رجاله وطول عمر ولادك يا بلدنا رجاله وغلاوتك يا بلدنا والله مش محتاجه قواله ده النيل لسمرانى فارد على الشطين قناديله والمصرى سكتوا محفوظه بقرأنه وانجيله ٠٠٠٠٠٠٠٠٠٠ ذاتك فى القرية نشأت يا مصرى فى وسط عيله والأرض الطيبه فرشتها فى سماها ضليله بتصادفك يا مصرى شدايد لياليها طويله بتهدمها بخطوتك الجايه من الارض الاصيله رجاله وطول عمر ولادك يا بلدنا رجاله وغلاوتك يا بلدنا والله مش محتاجه قواله ده النيل لسمرانى فارد على الشطين قناديله والمصرى سكتوا محفوظه بقرأنه وانجيله ٠٠٠٠٠٠٠٠ واصيلة يا خطاوى ولدنا وتسلم الخطاوى يا جاية من كفر بهية ام طرحه محلاوى وبهيه يما جدى حكالنا عنها انا واخواتى يا ما خبزت وقالت له علم صبيانى وبناتى رجاله وطول عمر ولادك يا بلدنا رجاله وغلاوتك يا بلدنا والله مش محتاجه قواله ده النيل لسمرانى فارد على الشطين قناديله والمصرى سكتوا محفوظه بقرأنه وانجيله ٠٠٠٠٠٠٠ بشراكى يا ارض بلدنا المواكب حواليكى سمعوكى وقالوا لك جينا نبنى ونزرع فيكى والشعب اللى امبارح جاب النصر فى اعظم صوره بالعلم وبالحب آهو ساير بالخطوه المنصوره رجاله وطول عمر ولادك يا بلدنا رجاله وغلاوتك يا بلدنا والله مش محتاجه قواله ده النيل لسمرانى فارد على الشطين قناديله والمصرى سكتوا محفوظه بقرأنه وانجيله ٠٠٠٠٠٠٠٠ منصوره دايما يابلدنا والبركة فى شبابك ده طريقهم عرفوة ومنور باسم اللة على بابك يا مشالله ياجدعان يامشالله و يا خمسه وخميسه من العين اهو بنستنى شبابنا يزوقوا العروسه رجاله وطول عمر ولادك يا بلدنا رجاله وغلاوتك يا بلدنا والله مش محتاجه قواله ده النيل لسمرانى فارد على الشطين قناديله والمصرى سكتوا محفوظه بقرأنه وانجيله ٠٠٠٠٠٠٠٠ صوت بلادي بلادى بلادى بيدوي عبر الأجيال صوت حضارة من يومها جبارة ياما صنعت ابطال و رجال صوت شعب ماشي الاف السنين كل خطوة منه بكفاح ملايين أمجاده كتبها بحياته و مصر حياتها خطى المخلصين عيش حياتك بس ابحث عن ذاتك يا مصري و شوف عمرها كام نور وجودك من خطوة جدودك شعلة عزم و خير و سلام صوت شعب مصري و أعظم ما فيه اى اخ عربي يعوزه يلاقيه أمجاده كتبها بحياته و مصر حياتها خطى المخلصين
0145,Tul8te,عيون الناس (Oyoun El Nas),Egyptian,وسط النجوم ما بانتليش عاشرت الليل، ما جاملنيش وخيالي رماني أكون صياد وريحة البحر ما تسيبنيش ده وقت الحظ ما أباركليش وما فيش طير ما زاملنيش وحكاوي تداوي بشوف الغير، عيون الناس ما بتشوفنيش وما بقاش في حيل ما بقاش في حيل ما بقاش في حيل ما بقاش في حيل ما بقاش في حيل واو ما بقاش في غيري أنا وإنت ببص في عينك لا يوم تنساني مكاني وأحلامي ما بيننا كتير نسينا وعود تاهت منا ما كانش بإيدي أسيب نفسي سرحت سنين بقيت منسي وزماني عماني وخلاني أسيب قلبي هناك وأمشي ما بقاش في حيل
0146,Hamza Namira,داري يا قلبي (النسخة المختصرة)  (Dary Ya Alby (Short version)),Egyptian,مالك.. مش باين ليه؟ قلبك تايه من مدة كبيرة خايف تتكلم ليه؟ في عيونك حيرة وحكاوي كتيرة متغير ياما عن زمان قافل على قلبك البيبان حبيت وفارقت كام مكان عيش جواك إحساسك كل يوم يقل وتخطّي وخطوتك تزل من كتر ما أحبطوك تمل فين تلقى دواك بتودع حلم كل يوم تستفرد بيك الهموم وكله كوم والغربة كوم والجرح كبير مبتديش حاجة اهتمام أهلاً أهلاً سلام سلام بقى طبعك قلة الكلام ومفيش تفسير داري... داري يا قلبي مهما تداري قصاد الناس حزننا مكشوف واهو عادي محدش في الدنيا دي بيتعلق بشيئ إلا وفراقه يشوف
0147,Tul8te,غريب حالي (Ghareeb Haly),Egyptian,كنت غريب وسط الحياة مجروح مكنش فيه غير كلمتين ودموع خليتيني مملي في سمايا نجوم لما لأقيتك رديتي فيا الروح هفصل أميل عليك وأمسك إيديك ليه مش داري أنا بالمسافات وأنا بعيد مانيش ناسيك بقا غريب حالي ومفيش إجابات للي أنا فيه إحساسي بيك مابينتهيش مشتاق ليك وسط السطور في كتير معاني تروح بس معاكي كل الكلام مفهوم إحساس جميل لما الائيكي وسط السكات بتندهيلي وأفصل أميل عليك وأمسك إيديك ليه مش داري أنا بالمسافات وأنا بعيد مانيش ناسيك بقا غريب حالي ومفيش إجابات للي أنا فيه إحساسي بيك مابينتهيش مشتاق ليك هفصل أميل عليك وأمسك إيديك ليه مش داري أنا بالمسافات وأنا بعيد مانيش ناسيك بقا غريب حالي ومفيش إجابات هفصل أميل عليك وأمسك إيديك ليه مش داري أنا بالمسافات وأنا بعيد مانيش ناسيك بقا غريب حالي
0148,Amr Diab,جنب حبيبي (Ganb Habiby),Egyptian,طول مانت معايا وف حياتي يا حبيبي بنسى روحي، بلقى نفسي امتلكت الدنيا ديّا وبعيش ف حكاية بتبتدي بكلمة حبيبي، يا حبيبي والقى عمري من حلاوته بيجري بيّا وانا جنب حبيبي، حبيبي، حبيبي اللي انا بتمناه ف عمري لقيته معاه وانا جنب حبيبي، حبيبي، حبيبي طاير م الفرحة وكلامي بيبقى غنا فرحتي بحكيها، عيني بتقولك عليها يا حبيبي انت عارف انت ايه بالنسبة ليّا الحب نادالي، والسعادة اللي ف خيالي يا حبيبي يوم لقانا شفتها بتنده عليّا
0149,Pinocchio (OST),معنديش خيط بيربطني [I've Got No Strings],Egyptian,معنديش خيط بيربطني !اتفضل] ضحك الناس عليك [عشان تبقى تسمع كلامي !يييه] فضحتنا قدام العالم !ده انا هكسر خشبك ده يا حبيبي اسم الله عليك [مش تخلي بالك؟ معنديش خيط بيربطني يحركني يعفرتني كان لي خيط لكن خلاص ده كان زمان يا ناس يا سلام يا سلام أهو ده الكلام ياللي انت شايفني قلي ايه هايقلقني مفيش منه] [!زي ما قلتلكوا معنديش خيط انا فرحان و مش مربوط بمين ما كان بص و شوف و بحلقلي مفيش خيط يربطني ملكش خيوط مربوطة في ايديك و شكلك حلو يا عيني عليك Ja Ja Ja لو قلت اه خيوطي هقطعها comme ci comme ça ملكش خيوط Ooh lala و شكلك كله Yahoo ليا خيوط لكن pour vous هقطعهم و عند فولجا في مواعيد و رانديفو ايفان هيفسحني بس انت اللي عاجبني !هيه مفيش خيط يربطني
0150,Beauty and the Beast (OST),بدايه [Prologue] (Bdaya),Egyptian,كان يا مكان في بلاد بعيد بعيد أمير شاب عايش في قلعة عظيمة كان عنده كل ما يتمناه لكن كان قلبه قاسي وكان أناني وظالم وفي ليلة من ذات الليالي في الشتا خبّطت علي بابه شحاتة عجوزه هادته بوردة واحدة مفيش غيرها وطلبت منه قصادها يؤويها من البرد الرهيب نفر الأمير عجزها وغلبها واستهزأ بالهدية وأمر العجوزة تنصرف قالتله متنخدعش بالمظاهر يابني الجمال مكانه القلب ولما من تاني طردها دابت تجاعيد العجوزة وبان مكانها ساحرة شابة وجميلة يحاول الأمير يعتذر فات الآوان! الساحرة شافت خلاص قلبه وكان مفيهوش نقظة حب وعقاباً ليه سحرته وحش .. مرعب .. بشع وعزّمت عالقلعة والي فيها سخطتهم بقوة سحرها وحبس الوحش نفسه في قلعته خجلان من بشاعة سحنته ومفيش غير مرايه مسحوره شباك يطل منه عالدنيا أما الوردة الي هاديته بيها كانت بردو مسحوره تفضل مزهزهه لحد ما يتم 21 سنة لو قدر يحب ومحبوبته فاز بقلبها قبل ما آخر ورقة في الوردة تقع ينفك السحر وإن فشل يبقي خلاص مكتوب عليه يفضل وحش .. للأبد وسنة ورا سنة والوحش يائس قلبه ضاع منه الأمل مين قلبها ممكن يرق لوحش؟
0151,Ruby (Egypt),3 ساعات متواصلة (3 Sa3at Motawsla),Egyptian,ما تيجي حبه نستخبى من البشر من السواد اللي انتشر.. من العزول اللي مزاولنا و ياما في امورنا اتحشر ما تيجي حبه نستريح من العناء نطفى نار الاشتياق عندما يأتي المساء يوحشني نورك يا قمر تعالى نفصل فاصله 3 ساعات متواصله .. تعالى نفصل فاصله 3 ساعات متواصله اول ساعه هرسيك تاني ساعه هسرح بيك تالت ساعه هوديك و هلف العالم بيك و على عيني يا ولا على عيني يا ولا على عيني يا ولا بس مكسوفه على عيني يا ولا على عيني يا ولا على عيني يا ولا عليك ملهوفه ما تيجي سنه و اجي سنه نصطفي المشاكل تختفي كل ليله بشمعدان العمر شمعه بتنطفى يلا بينا نخلع من الهموم الضيقه محبوسين ليه في شرنقه ماله بحر اسكندريه ماله بحر الغردقه تعالى نفصل فاصله 3 ساعات متواصله .. تعالى نفصل فاصله 3 ساعات متواصله اول ساعه هروقك تاني ساعه هشوقك تالت ساعه هدوقك ازاي قلبي بيعشقك على عيني يا ولا على عيني يا ولا على عيني يا ولا ياولا ياولا على عيني يا ولا على عيني يا ولا على عيني تعالى نفصل فاصله 3 ساعات متواصله .. تعالى نفصل فاصله 3 ساعات متواصله
0152,Ahmed Saad,بيستهبل (Beyestahbel),Egyptian,باعصابنا بيستهتر أكمنّه حلو يا ناس وأسمر جري وسابني وعذّبني أسف لفظاعه المنظر بجمهوره بيستهتر واحنا نحبّه كمان أكتر وخدنا في دوكه بحلاوته وسين وجيم وفتح محضر لازم أقولّه بيستهبل بيستهبل وأنا في غرامه بستقتل ولو عمل إيه أنا بحبّه بيستعبط بيستعبط بعضلات قلبه يستعرض ولو راح فين لازق جنبه ياجدع إنت ماتستهدي جميل زيّك لازم يهدّي بتتعصّب وأنا أستغرب سيبلك ١٠٠ سيب واحده بتستنصح بتستنصح مطلّع قلبي عالمسرح ساعة تجبني ساعة تسبني أقول إيه مش عارف أشرح لا أنا أقولّه بيستهبل بيستهبل وأنا في غرامه بستقتل ولو عمل إيه أنا بحبّه بيستعبط بيستعبط بعضلات قلبه يستعرض ولو راح فين لازق جنبه
0153,Beauty and the Beast (OST),جاستون [Gaston] (Gaston),Egyptian,"أزعل واتعكنن واتجن يا جاستون لو أشوف مناخيرك في الأرض هنا كل اخوننا يتمنوا يا جاستون يبقوا بالطول ده وبالعرض ده محدش في بلدنا كده زيك محبوب يا حبيبنا، يا كبير، يا مهاب يا مثلنا يا أعلى، يا ملهمنا، يا مغرور باينة أهه زي الشمس الأسباب مين زيك يا جاستون؟ مين قدك يا جاستون؟ يجي إيه قفا ديناصور في رقبتك، جاستون؟ مين في بلدنا جدعان زيه فتوة؟ صنف مفيش منه في الكون حتى اسألوا أيُها واحد مين هوَ حيقول سيدنا ولعيبنا اللي يوصل للجون مين ده يجيب ديب جاستون؟ في الترتيب ""Bon Garçon"" يا حلاوتك، ده في دقنك طابع حُسن يا جاستون أنا نموذج، أيوة انا مرعب جداً صنف مفيش منه، ده جاستون تشجيعة كبيرة، وسقفة تهِد جاستون هوَ الـ ""Boss"" مفيش نُصُه ولا تلت مين في قوة جاستون؟ بوكسُه يموت جاستون في مصارعة أو عركة خاف من عضة جاستون يا حلاوته، يا مجانصه، يا عضلاته من حيثُ العضلات عندي كتير ولا كان عمره معضم في حياته طبعاً ولافيش حتة في جسمي مفيهاش شعر غزير آه من ضربة جاستون وذكاء لعبة جاستون في الرمي مفيش أبعد من رمية جاستون أنا بالذات بقى موهوب في الحدف جداً ذهبية يا جاستون وانا لسه واد كنت بفطر خمسين بيضة كل صبحية علشان أكبر، أما دلوقتي باكوللي سبعين وبقيت قد الحيط يا جدعان مين صاد صيدة جاستون؟ أو كَل أكلة جاستون؟ واتعشى، واتمشى لابس بوت صيد جاستون في هنا بيتي قرون غزلان صايدهم سيد الناس جاستون!"
0154,Snow White and the Seven Dwarfs (OST),في يوم من الايام [Someday my prince will come],Egyptian,من اول ما سلم قلبي مال وسلم في يوم من الايام في يوم ماهوش بعيد رح يجيني حبيبي هنا والقى نفسي في العشق بعيش لما يجي الربيع حتنور القلوب والفؤاد ينول كل اللي يتمناه في ييوم ماهوش بعيد ما احلاه
0155,Mostafa Elnesr,اخويا فلسطيني (Akhoya Filistini),Egyptian,انتو استهونتوا بالدم انا اخويا فلسطيني بس مليش اي ولاد عم فينا رجالة متخافش الموت هنا مبنندمش يوم ٧ في تل كان نبذة بسيطة بس متحلمش ان القضية تتلم ما انا شفت بلاد متطبعة ف بنزل صوابعي الاربعة و اديهم الاوسط علي ما اوصل وش لوش بالمُدرعة مشاهير عايشين في الصومعة بتنسي مين اللي مطلعها بتروح عالفلوس بسربعة و في غزة ارواح تروح لربها و ماشفناش منكم آدمية اطفال بتموت يومياً بسلاح ممنوع دولياً مضروب عالارض المدنية قدام الغرب صورة عكسية مبقاش للبشر أهمية بس احنا امة واحدة عربية وصدقني الجندي مننا بـ مية مش حرب حدود دي ابادة و سكوت غريب مفيش له اجابة و الكيان جبان كالعادة بيحرف التاريخ للعالم دمنا حامي عارفين العابك انت و اللي دافع اتعابك دا مش كيان دي كلاب جعانة مفيش سلام كله هيتعادي الكلب عاز حاجة مش بتاعتو و اللي مأكله قام باعته و اللي مأمنه و مساعده قريب جداً هتقوم ساعته و ساعتها الضرب مش هيساعكوا و اللي معاك هيخلف وعده هنديكوا درس انتوا و اتباعكوا هنا الشباب في ايديها تبلعكوا إعلامكوا زيف في ارض واقع والكدب شغال في المواقع و غطوا عالحقايق بالباطل مفيش محايدة فيه تطبيع واضح في غزة هتلاقي مليون راجل لو يد بـ يد تضاجع علي حقي مش ساكت ولا صابر اياً كان ايه اللي قصادي فيه حريق جوانا مبيهبطش من اراضينا مبنهربش وانا لو عليا اوريكوا بطش النسر اساسي لو بدأ الماتش عندنا رجالة متطبطبش يوم ٦ مبسطكش زي ما انتا فاهم مبنهزرش لو يعني خانك ذكائك في تاتش فيه حريق جوانا مبيهبطش من اراضينا مبنهربش وانا لو عليا اوريكوا بطش النسر اساسي لو بدأ الماتش عندنا رجالة متطبطبش يوم ٦ مبسطكش زي ما انتا فاهم مبنهزرش لو يعني خانك ذكائك في تاتش انتو استهونتوا بالدم انا اخويا فلسطيني بس مليش اي ولاد عم فينا رجالة متخافش الموت هنا مبنندمش يوم ٧ في تل كان نبذة بسيطة بس متحلمش ان القضية تتلم
0156,Ahmed Adaweya,مسافر (Msafer),Egyptian,[أبو] هلم الهدوم والهموم واللعب وصورة حبيبتى اللي بين الكتب وهكتب لصاحبى اللي سافر جواب هقوله ان صاحبك حبيبك تعب وقرر يسافر [أحمد عدوية] مسافر وفاكر هترتاح هناك وتاخد صحابك وحلمك معاك ومامتك وأختك وخالتك وأوضتك هينفع تسيب اللي حبك وراك [أبو] هسافر واجرب [أحمد عدوية] بتكدب بتهرب [أبو] ما يمكن هتضرب [أحمد عدوية] ما تسأل مجرب [أبو] أنا جبت أخري [أحمد عدوية] يا واد لسه بدري [أبو] متوجعش راسي [أحمد عدوية] وليه تبقى قاسي؟ [أبو] وإيه إللي فيها؟ [أحمد عدوية] ده فيها وفيها [أبو] بطالة ومشاكل [أحمد عدوية] ده بجنيه بتاكل [أبو] وفكرك هينفع؟ [أحمد عدوية] هينفع وينفع [أبو] أنا نفسي تسمع [أحمد عدوية] وانا نفسي ترجع [أحمد عدوية وأبو] ده فيكى يا بلدى اللى مش عند حد دفا وسط عيلة ومشاعر بجد هتتعب تلاقي اللي يخدك بحب ده فيكى الطيابه اللي فوق كل حد [أبو] وفين تاني تسمع يا عيني يا ليل يااليل [أحمد عدوية وأبو] يابلدي بحبك بناسك وأهلك وحقك عليا أرد الجميل
0157,Ahmed Mounib,صدقني يا صاحبي (Sada2ny Ya Sa7by),Egyptian,صدقني يا صاحبي إن خفت ما تقولشِ وإن قلت ما تخافشِ صدقني يا صاحبي إن خفت ما تقولشِ وإن قلت ما تخافشِ الكدب طبعه يخون الصدق ما يخونشِ والكره يوم بيهون الحب ما يهونشِ صدقني يا صاحبي إن خفت ما تقولشِ وإن قلت ما تخافشِ فوق الجبين مكتوب الخطوة فين تمشى تندم قلوب وتدوب وقلوب ما تندمشِ فوق الجبين مكتوب الخطوة فين تمشى تندم قلوب وتتوب وقلوب ما تندمشِ صدقني يا صاحبي إن خفت ما تقولشِ وإن قلت ما تخافشِ إمشى في طريق الخير في الشر ما تمشى الدنيا بحر كبير والحال ما بيدومشِ امشي في طريق الخير في الشي ما تمشي الدنيا بحر كبير والحال ما بيدومشِ صدقني يا صاحبي إن خفت ما تقولشِ وإن قلت ما تخافشِ صبرك على المقسوم يا صاحبي ما تميلشِ ده كل شئ له يوم زي السحاب يمشي صبرك على المقسوم يا صاحبي ما تميلشي ده كل شئ له يوم زي السحاب يمشي صدقني يا صاحبي إن خفت ما تقولشِ وإن قلت ما تخافشِ
0158,Wish (OST),أنا بتمنى [This Wish] (Ana Batmana),Egyptian,مفروض إن الحق يحررنا طب ليه حاسة إن الحمل عليا كبير؟ لو أقدر أشرح ليهم كل شيء وأشرح وأجيب الأكاذيب يفهموها زي ما فهمت وإن اتكلمت يقولوا اقعدي واقعد إزاي وأنا في طريق الحق بجري كنت مخدوعة كتير قبل ما أفهم الموضوع أنا سني صغير وعقلي مش مخدوع وببص عالنجوم ترشدني توريني إشارات التحذير ولما أفهم معناها ده يحمسني تمشي ورايا كل الجماهير وأنا بتمنى لو حالنا أحسن من ده بكتير أنا بتمنى لو حالنا أحسن من ده بكتير ‏بتمنى ما اتصورتش منهم أي لوم كنت أسمع الكلام وأقول حاضر مفهوم عندي دلوقتي حرية جوه عروقي بس لسه الباب مقفول وله مفتاح مكسور قدامي كذا مانع على مخاوف أنا مش عارفة أبدأ منين حطيت رجلي في المياه ولكن عندي فرصة ماكملش لو في حد يشاور لي عالسكة اللي أمشي فيها هاعمل إيه وفين أروح؟ رجلي تترعش لكن راسي فوق زي ما علمتني أكون وببص عالنجوم ترشدني توريني إشارات التحذير أكيد تحديات وهتواجهني لكني هنتصر في كل حال وأنا بتمنى لو حالنا أحسن من ده بكتير وأنا بتمنى لو حالنا أحسن من ده بكتير أحسن من ده كتير ‎ أنا بتمنى لو حالنا أحسن من ده بكتير
0159,Hesham Noor,مش عارف (Mosh 3aref),Egyptian,مش عارف ليه مشغول بيكي (مش عارف) مش عارف أفكر غير فيكي (مش عارف) مش عارف ليه مشغول بيكي (مش عارف) مش عارف أفكر غير فيكي (مش عارف) مش عارف ليه كل ما بأنسي بأرجع و أفتكرك من همسة مش عارف ليه كل ما بأنسي بأرجع و أفتكرك من همسة أتاريني بحبك و أنا لسه (مش عارف) مش عارف ليه مشغول بيكي قلبي اللي حبك آه عدى حدود الآه قلبي اللي حبك آه عدى حدود الآه سافر في بحر الشوق و إنتي الوحيدة معاه قلبي اللي حبك آه عدى حدود الآه سافر في بحر الشوق و إنتي الوحيدة معاه مش عارف ليه كل ما بأنسي بأرجع و أفتكرك من همسة مش عارف ليه كل ما بأنسي بأرجع و أفتكرك من همسة أتاريني بحبك و أنا لسه (مش عارف) مش عارف ليه مشغول بيكي أهرب و أروح على فين مِنِك يا ضيّ العين أهرب و أروح على فين مِنِك يا ضيّ العين عاشق يا أحلي عيون لكن ماليش قلبين أهرب و أروح على فين مِنِك يا ضيّ العين عاشق يا أحلي عيون لكن ماليش قلبين مش عارف ليه كل ما بأنسي بأرجع و أفتكرك من همسة مش عارف ليه كل ما بأنسي بأرجع و أفتكرك من همسة أتاريني بحبك و أنا لسه (مش عارف) مش عارف ليه مشغول بيكي مش عارف ليه مشغول بيكي (مش عارف) مش عارف أفكر غير فيكي (مش عارف) مش عارف ليه مشغول بيكي (مش عارف) مش عارف أفكر غير فيكي (مش عارف) مش عارف ليه كل ما بأنسي بأرجع و أفتكرك من همسة مش عارف ليه كل ما بأنسي بأرجع و أفتكرك من همسة أتاريني بحبك و أنا لسه (مش عارف) مش عارف ليه مشغول بيكي مش عارف
0160,Amal Maher,نسيت اسمي (Nset Esmy),Egyptian,نِسيت إسـمي!! نِسيت كنت في حَياتَك إيه نِسيت شَكـلي!! وِبِـتـشَـبِّــه عَـلـيَّــا كــمَــان خَـدِتَـك الـدنيا سِـبـتـها مِـنِّي تـاخـدَك لــيه؟ كــأنِّـك كـنـت مِــتـلَـكِّــك عَـلـىَ الـنِّـسـيَـان مَـعــايَـــا إِزاي بِــتـتــصَــرَّف بِـــ لا مُــبــالاة!! وقَـادِر عَـادي مِن بَــعدي تعِـيش في هــدوء يَـا بَني آدم طَب اِزعـل عَ اللي سَـوا عِشـنـاه بَــدل مَـــا أنـت بِــتـتــعَــامِـل بــ قِــلِّــة ذوق غِــلِــطت أنــا لَــمَّــا حَـنّـيـتـلَك وجِـيت على بالي فَـــ أنــا جِـيتـلَك لَكن يا خـسَارة شَـكلي غِلِـطت في الـعِـنـوان حَـبــيـبي مُــقــابــلِــتَـك لِــيَّــا مَـــا كَــانـتـشِ تِــلِــيــق بِــيَّــا دَا أنـا مـش حَــدّ عَ الـمَـاشي عِـرِفـتـه زمَــان نِســيت حُـبّ أنت ورا مِــنّـه سِــنـين لَـفّــيت وحُـضن أمَّـا اِتـداريت فِيه مِ الوَجَـع خَـفّـيت يَــا إمّــا أنت بَـقــيت مِـستَـغـني أو زَهــقــان يَـا مُن كُـتر الـدّفـا أنت شـبِعت وِاستَكـفِــيت
0161,Jannat,ضل حيطة (Del Heta),Egyptian,زمان شافني هدف مش سهل يوصل له حلم بيا وعاش يتمني قربله ومن إلحاحه خلاني أفكر ليه ماكونش معاه بدأ يحتل وجداني بدأت أحسه وأستناه واتاري الكذب فيه غِيّة عايزني جنبه ملغية سرق مني حياتي عشان يعوض نقصه ب أذية وبان وجه اللي كان خباه وبان كل اللي مش حباه ورحمة كل شئ قتله لذوق قلبه طعم قساه ده ضِل حيطة ولا ضِله ماشفتوش منه غير غله انا اللي شافني نجم بعيد لا يمكن يوم حينزله صحيح في حد تأمنله ويتفرعن وتغفرله فيستكبر كما ابليس ونفس الكبر ده يذله زي ثعبان بخ سمه قال عاشقني وقال بِهمه وأما صدقت اللي قاله إتحبست في سجن كذبه ألف حب مين ينافسه اللي ماعشقش إلا نفسه والحقيقة اللي إستخبت إن هو شر نفسه
0162,Oliver and Company (OST),مقلقش عمري [Why should I Worry?] (Ma'la'sh Omry),Egyptian,هانطلق أسرع من الشرار و أولع أسرع من الكبريت من نص البلد للمطار و هرجع أسرع مما جيت أنا شغال... غنايا إرتجال أنا شيخ كار.... عندي مليون نغم نار مقلقش عمري..... ده أنا قلبي طير مملكش نكلة حمرة ... بشهامتي ببقى مليونير مقلقش عمري... ده أنا قلبي طير و بغني و أنا في الشوارع... سيكا على دو ماجير إيقاعات المدينة.... لو حسيتها بمزاج على راسك تبقى تاج... و المازات و عاج إعادة مقلقش عمري كله تمام .... كله فل مش بس حبيب الفقراء ده أنا حبيب الكل
0163,Maryam Saleh,سرعة الايام (Sor'et el Ayam),Egyptian,إحسب لي سرعة الأيام بطول العمر على المدة مع إهمال أثر خوفك وتأثيره على الغدة فَتفرز ريحة مش هي حافظها الكلب في الشارع بنسبة مية في المية هايجري وراك تقوم واقع فتيجي في وش عربية تقوم شايلاك في سكتها وتاخد سرعة رأسية وتنزل رشق في ساعتها وتيجي الخبطة في دماغك وتنسى إنت اسمك إيه وسنك كام وعنوانك بتتمشى لوحدك ليه وترمي كل أسئلتك ورا ضهرك وتقلع هدمة الأحزان قصاد الناس ماهيش فارقه تكون عريان ولا بلباس ومش فارقة بقى تشوفك ما دام الحسبة مش نافعة مع إهمال أثر خوفك مش فارقة مش فارقة
0164,Sayed Darwish,سالمة يا سلامة (Salma ya salama),Egyptian,ســــالمة يا ســـلامة رحنا وجينا بالسلامة صفر يا وابور واربط عندك نزلنــــى فى البــــــلد دى بلا أمـــــيركا بلا أوربـــــــا مافى شئ أحسن من بلدى دى المركب اللى بتجيــــــب احســن من اللى بتــــودى يا اسطى بشندى سـالمة يا سلامة سـلطة ما سلطة كله مكسب حوشــــنا مــال وجيــــــنا شفنا الحرب وشفتا الضرب وشــــفنا الديناميت بعنــينا ربك واحـــد عمرك واحــد ادى احنا رحـــنا وجيــــنا ايه خس عليــنا سالمة يا سلامة صلاة النيى ع الشخص منا فرصـــة ميه بلا قافيــــــة اللى ف جـــيبه يفنجــــر به والبركة فى العين والعافية ح تـــاخد ايه م الدنيــا غيـر الستر يا شيخ خليها ماشـية دنيـــا فانيــــــة سالمة يا سلامة دى الغربـــــــة ياما بتــــــــــورى بتخــــــلى الصــــنايعى بيـــرطن مطـــــرح ما يـــروح المصــــرى برضــه طـــول عمــره ذو تفنــن وحيـــــــاة ربنـــــــــا المعبـــــــود وى آر فرى جود ياسطى محمود قــدها وقــدود سالمة ياسلامة
0165,Balqees Fathi,يا مطنشنا (Ya Mtaneshna),Egyptian,يا مطنشنا إنت واحشنا يخونك ملحنا وعيشنا معتبش قلبنا إلا أنت تعالي حتي فتشنا طب بالذمه تلاقي فخفة دمنا؟ ولا فحنية قلبنا ؟ روحنا العاقله المتجننه مانت هارشنا موحشكش بشاشة وشنا ؟ موحشك تدوق من اكلنا ؟ يارب تكون بتهتنا بتهوشنا يا مطنشنا إنت واحشنا ….. ماهو يا إما تجيبك رجلك عندنا يا إحنا نجيلك من نفسنا بعد ما سبتنا ولا روشنا ولا فرفشنا والصور إللي معانا خدتها بتشوفها ولا مسحتها ؟ الدنيا كانت ناعمه والنعمه بقت خشنه يا مطنشنا
0166,Pocahontas (OST),الوحوش ١ [Savages (Part 1)] (El wohoosh 1),Egyptian,و دلوقتى لازم كلنا ننقذ زميلنا الشجاع !فى الفجر هنهجم تتوقعوا ايه من كائنات حقيرة؟ جنس أما تلاقيه مترحموش جلودهم لونها أحمر و ده رمز الخطر الأكبر شبه البشر لكن مبيفهموش !الوحوش الوحوش همج مش زيينا !الوحوش الوحوش و كمان بيكرهونا و بيحقدوا علينا معندهمش قلب يلا ندق طبول الحرب !الوحوش الوحوش وحوش مايختشوش يلا ندق طبول الحرب يرشد ضد الخير سمّاوى خطير رحمة ضمير ذمة معندوش ده وش لون اللبن و تحته غدر الزمن لذا فهما اذا وحوش !الوحوش الوحوش أبناء الشيطان !الوحوش الوحوش جنس ملوش أمان ولا عندوش إيمان و مايعرفش الحب يلا ندق طبول الحرب !الوحوش الوحوش باركنا يا رب يلا ندق طبول الحرب !الوحوش الوحوش !اتجمعوا يا رجالة !الوحوش الوحوش !قتل الهمج عدالة !الوحوش الوحوش حلال فيهم الضرب يلا ندق طبول الحرب
0167,Samira Tawfiq,انا حلوة وعارفة حالي (Ana Helwa w Aarfa Hali),Egyptian,"مش موجود اللي يلوعني ويرميني في الحب مش موجود اللي يضيعني ويأخذ مني القلب مش موجود اللي يلوعني ويرميني في الحب مش موجود اللي يضيعني ويأخذ مني القلب خليك عني بعيد , لـعبك مش حيفيد أنا قلبي حديد و مـا يخفش من الحب أبداً أنا حلوة وعارفة حالي أنا أقوى من الليالي أنا حلوة وعارفة حالي أنا أقوى من الليالي ياما قبلك ناس حبوا يجربوا شربوا مـر الكاس ولسى بيشربوا ياما قبلك ناس حبوا يجربوا شربوا مـر الكاس ولسى بيشربوا خليك عني بعيد , لـعبك مش حيفيد أنا قلبي حديد و مـا يخفش من الحب أبداً متجربش توقعني انا نار و فاهم يعني متجربش توقعني انا نار و فاهم يعني رح تحرق اديك و ناري تلهلبك رح تسهر عينيك و الحب يعذبك رح تحرق اديك و ناري تلهلبك رح تسهر عينيك و الحب يعذبك خليك عني بعيد , لـعبك مش حيفيد أنا قلبي حديد و مـا يخفش من الحب ابدا و مـا يخفش من الحب ابدا"
0168,Shehab,مش مسكب (Msh msykeb),Egyptian,"Oh me oh my Catch me overseas am always high Loved her too deep wonder why she always nice Diamonds dancing on me and you a fatty with no diet Now roll the dice مين فينا الريس Shehab is always right Ma flow is tight زميلي مش هتيجي الجام نصيبي ومش هسيب نصرف شيكي بعتر بعتر, بيتش ومش مسيكب زميلي انت بتريل عاكرسي مريل قبل عا جاي  ما لينا زي نلبس اوفرسايزد لس نحبوا البوسي الضيق Fucked her for a night now she already sayin babe Now look at me Fuck with me Am playin with your hoe like monopoly Money tree Seed after seed Watch me do ma thing watch me kill da beat And it goes like Oh me oh my Catch me overseas am always high Loved her too deep wonder why she nice Diamonds dancing on me and you a fatty with no diet Now roll the dice مين فينا الريس Shehab is always right Ma flow is tight زميلي مش هتيجي الجام نصيبي ومش هسيب نصرف شيكي بعتر بعتر, بيتش ومش مسيكب زميلي اغز الBoss مافيا بتجري تزك زميلي تحب تلكُ (لك لك) زميلي تحبوا الcoc مين قلبه يصد مين سندال بيرد ها على وشك افُك محصلتش حتى الربع امتى نكبر فلوسي و نفوذي حاسب عالبيطلع الكلمة قصادها اوزي بيتش روحي يلا روحي وقتي من ذهب و انت اصلا مش من توبي مش من توبي oh me oh my Oh me oh my Catch me overseas am always high Loved her too deep wonder why she nice Diamonds dancing on me and you just out of diet Now roll the dice مين فينا الريس Shehab is always right Ma flow is tight"
0169,Cairokee,أحلامنا (Ahlamna),Egyptian,في مكانا حاجة بتحصل وتغير شكل حياتنا في مكان بيحقق احلامنا ويفهم اهتمامتنا مليانة حياتنا احتمالات ومفاجأت  بتقربنا لحلمنا بالصدفه تقابل بنت جميلة وتخطف قلبك خطف من نظرة تشقلب كل حياتك  قبل ما تنطق حرف هنا كل العالم سهل وجيران اقرب من الاهل هنا بنبدأ حكايتنا في مكانا حاجة بتحصل  وتغير شكل حياتنا في مكان بيحقق احلامنا ويفهم اهتمامتنا مليانة حياتنا احتمالات ومفاجأت  بتقربنا لحلمنا بتقابل حد بيشبهلك  أفكاره شبه افكارك أو صاحب غايب من مدة وفي ثانية تلاقيه جارك هنا في احتمالات حلوة تخلي الحياة مكملة في مكانا حاجة بتحصل  وتغير شكل حياتنا في مكان بيحقق احلامنا ويفهم اهتمامتنا مليانة حياتنا احتمالات ومفاجأت بتقربنا لحلمنا
0170,Hassan Al Asmar,ميغركش (Mayghorraksh),Egyptian,ميغركش يا حلو جمالك و الورد اللي في خدك وإن جيت تتكلم ويانا اتكلم علي قدك دة احنا اللي معلمينك واحنا اللي مرسيينك واحنا اللي كل يوم بننام و مسهرينك إن كنت فاكر أكمنك إحلويت شوية وخدعتلك كام قلب و قولت أعملها غية تعلالنا و احنا نفكرك مين اللي كان بيحيرك ومبكي عينك دة احنا اللي معلمينك واحنا اللي مرسيينك واحنا اللي كل يوم يا قلبي ننام و مسهرينك إكبر علي الناس كلها و بلاش علينا دة انت اللي متربي في هوانا و بين إيدينا إبعد لنقسي ونجرحك شوف حد غيرنا يريحك و يتوه في ليلك
0171,Coco (OST),قلبي الفخور [Proud Corazón] ('Albi l-fa-kho-or),Egyptian,"قول إني مجنون، أو عقلي تعبان لكن أنا شُفتك إمبارح في المنام أول كلام يتقال، طلع غنوة فهواك و إنت حافظها تمام، و غنيتها معايا و عزَفِت لحنها أوتار الأرواح كأنها بلسم يشفينا الجراح حبنا لي توَجَد حيعيش للأبد في كل دقة من قلبي الفخور حبنا لي توَجَد حيعيش للأبد في كل دقة من قلبي الفخور Ay mi familia, oiga mi gente Canten al coro و ما تنسوش حبنا لي توَجَد حيعيش للأبد في كل دقة من قلبي الفخور Ay mi familia, oiga mi gente Canten al coro و ما تنسوش حبنا لي توَجَد حيعيش للأبد في كل دقة من قلبي الفخور"
0172,Hamza Namira,بتستخبى (Betestekhaba),Egyptian,ولاد الناس الشبعانين معروفين و المُدَّعين المُحدِثين مفقوسين مهما حاولوا ياخدوا لقطة مهروشين مهما حاولوا يداروا برضه مكشوفين يابني إنت .. أيوة إنت شايف نفسك كده ليه مين إنت؟ و من إمتى؟ معووج بأمارة إيه بتستخبى في الفلوس صاحبي، الغنى غنى النفوس ده شكله نقص ولا إيه؟ مالكش وصف في القاموس داخل بزفة و مهرجان عامل مهم في المكان و إتنين تلاتة كدابين بيندهوك مستر فلان جواك عقد و بتداريها بس إحنا فاهمين اللي فيها أصل إنت يابني في الحقيقة بالونة و الفراغ ماليها أستاذ في لفت الانتباه و هو مين فارق معاه و مين هيتصاحب عليك غير اللي قرشك إشتراه طول عمري أحب السلكانين ناس دوغري مش ممثلين بأبعتلهم أجدع سلام لو لسه يعني موجودين مغرور غرور و ياريتنا جايين ع المزاج ده شوية و هتدخل علينا لابسلي تاج كلك عِبَّر و شايفنا مش قد المقام إرحمنا من عقدك بقى و شوف لك علاج يا واد إنت.. أيوة إنت نافِش ريشك كده ليه؟ مين إنت؟ و من إمتى؟ منفوخ بأمارة إيه بتستخبى في الفلوس داخل لي دخلة الطاووس ماشي و عينيك مش شايفة غيرك ناقص على البشر تدوس أنا، أنا، أنا و أنا و أنا ما خلاص بقى زهقتنا هتموت و تبقى العين عليك و إنت ولا تهمنا طب إفترضنا إن إنت جامد و إنك خلاص أهم واحد خفيت كده م النقص يعني؟ ولا مافيش أمل يا بارد! كان نفسي أقولك إقتنعنا كان نفسي أقولك إشترينا بس إنت من عمل إيدينا يبقى بصراحة اللوم علينا طول عمري أحب السلكانين دول فوق دماغنا متشالين ماليش أنا في المُدَّعين ما تفوق لنفسك إنت مين
0173,Khaled Selim,لكل عاشق وطن (Lekoll 3ashe2 Watan),Egyptian,لكل عاشق وطن .. ولكل طير مرساه ولكل شمس شروق .. بعد الغروب تحياه ولكل قلب حبيب .. مكتوب عليه يلقاه قدر وجمعنا .. وإدى الحياة معنى قولي بحبك خللى .. الدنيا تسمعنا ضمينى داوى جراح .. قلبى اللى قبلك داب الحب يعني مصير .. يجمع ما بين اتنين وأجمل الأحلام .. لو حلم بين قلبين إيدى في إيديكى خلاص .. ما يهمناش الناس وكفايا اعيش إحساس .. قلبك واقول الله لكل عاشق وطن .. ولكل طير مرساه ولكل شمس شروق .. بعد الغروب تحياه ولكل قلب حبيب .. مكتوب عليه يلقاه
0174,Amr Diab,بالضحكة دي (Bel Dehhka Dee),Egyptian,بالضحكة دي قلبي متعلق دي صورتها في دماغي بتعلق لو أقول دي أحلى مافي الدنيا مين بعد الجمال دا هيعلق بالمشية دي كله يتعلم أهي دي اللي على الكل هتعلم لو أقول دي أحلي ما في الدنيا مين بعد الجمال دا يتكلم مظبوطة ظبطة مافيهاش غلطة مافيهاش تلت التلاتة كام مش بجاملها ولا بجملها دي حاجة مش محتاجة كلام والنظرة دي فيا بتأثر ودا حلم عمري بيتفسر لو أقول دي أحلى ما في الدنيا مين دا اللي يعارضني هنهزر مرسومة رسمة وعليها بسمة تتفتح قصادها الببان وبتتهادى كله إلا دا أنا مش قد دلعها كمان والنظرة دي فيا بتأثر ودة حلم عمري بيتفسر لو أقول دي أحلي ما في الدنيا مين دا اللي يعارضني هنهزر
0175,Amr Diab,یا بخته (Ya Bakhto),Egyptian,مين في الدنيا دي أطيب منّا ده اللي بيعرفنا بيِّدمِنّا مين في الدنيا دي أطيب منّا ده اللي بيعرفنا بيِّدمِنّا ده إحنا قلوب من بدري مسامحة مهما حاولنا أو مَثِّلنا قولولي مين عاقل في الدنيا يستحمل على خدنا دمعة يا بخته يا بخته اللي تحبه قلوبنا ويا بخته اللي يدوق من شوقنا، من شوقنا ولّا يقرب، ولّا يقرب منّا ده يا بخته يا بخته اللي تحبه قلوبنا ويا بخته اللي يدوق من شوقنا، من شوقنا ولّا يقرب، ولّا يقرب منّا قابلنا، لو يوم عرفت تحب غيرنا هتلف وهترجع تجيلنا عيني يا عيني علينا يا عيني ده ليلنا، رايق يا حظ اللي يعاشرنا في فروق كتير بينهم وبينّا عيني يا عيني علينا يا عيني قولولي مين عاقل في الدنيا يستحمل على خدنا دمعة يا بخته يا بخته اللي تحبه قلوبنا ويا بخته اللي يدوق من شوقنا، من شوقنا ولّا يقرب، ولّا يقرب منّا ده يا بخته يا بخته اللي تحبه قلوبنا ويا بخته اللي يدوق من شوقنا، من شوقنا ولّا يقرب، ولّا يقرب منّا يا بخته يا بخته اللي تحبه قلوبنا ويا بخته اللي يدوق من شوقنا، من شوقنا ولّا يقرب، ولّا يقرب منّا ده يا بخته يا بخته اللي تحبه قلوبنا ويا بخته اللي يدوق من شوقنا، من شوقنا ولّا يقرب، ولّا يقرب منّا
0176,Hamza Namira,ولا صحبة أحلى (Wala Sohba Ahla),Egyptian,ولا صُحبة أحلى من تجلّي الذات ولا حضن أدفى من ونس في النفس غاب الصُحاب لكن الهوى حاضر قادر ياخدني لحد عين الشمس ساب القمر ضيُّه على بابي نور لي كل اللي طفاه الأمس أنا وحدي جايز بس منّي كتير حالمين بعالم فيه قلوب تتحس يا بحر فاصل شطّنا عنهم بيننا وبينهم ألف سدّ وسد عايشين بنلضم جرحنا واحنا فيه شوك في روحنا ألمه فاق الحد يا صبح جاي يصحّي في عيوننا هنعدّي يومنا لو يا دوب ع القدّ ده الوحدة صُحبة والصدى راجع يرُد صوتنا هو هو الرد ننادي تاني بس مين سامع ولا صحبة أحلى من تجلّي الذات ولا صحبة أحلى من تجلّي الذات ولا حضن أدفى من ونس في النفس
0177,Feel El Neel,أنا طخيت الظابط (Ana Ta5eit Al Zabet),Egyptian,"أنا طخيت الضابط بس ما طخيت النائب العام انا طخيت الظابط بس ما طخيت النائب العام الضابط شريف كان مستأصدني طلع ميتين أمي بدون أسباب بيسحب رخصي حاولت أشرحله لكن زعل مني إكمني ماعنديش عربية أنا طخيت الضابط بس ما طخيت النائب العام أنا طخيت الضابط بس ما طخيت النائب العام أنا عمري ما مشيت عكسي ولا إتخانقت مع سواق تاكسي ولا عمري هوبت ناحية روكسي طول عمري في حالي مخليني في نفسي طول عمري في نفسي مخليني في حالي أنا طخيت الضابط بس ما طخيت النائب العام أنا طخيت الضابط بس ما طخيت النائب العام لما ضربت الرصاصة بتاعتي مشت يمين بدل ماتمشي دوغري لما ضربت الرصاصة وقف الموسيقى يا أخي خلينا نشرح للناس...شكراً لما ضربت الرصاصة بتاعتي أنا أنا ماسك المسدس بإيدي اليمين ضربت الرصاصة بإيدي اليمين مشت يمين شوية جت من جانب ودنه الشمال تسألني كيف من جانب ودنه الشمال وانا ضارب بإيدي اليمين؟ أقولك لأنه واقف مواجه واقف باصص ليا وهو انسان ما مرايا لأنه إنسان يلف ودنه الشمال تلف معاه فالمهم ما علينا الرصاصة جت من جنب ودنه الشمال وراحت معدية و هووووب خبطت فين؟ في الحيطة الحيطة بتاع مين؟ النائب العام قام يصرخ يقول مش عارف أنام عيب يا جماعة أنا برضه النائب العام ""بقى ده اسمه كلام؟"" و الست بتاعه عايز يعرف إذا كان ده اسمه كلام فحبسوني طبعاً لانه جريمة كبير"
0178,Tamer Hosny,أنا مصري (Ana masry),Egyptian,لو هلف الدنيا ديا بشوق عنيا وقلبي راجع للبلد دي ايه اللى فيها كل شئ من القلب طالع ناسها رجاله بجد وعمله نادره ف اى حته والشرف ده لاي حد انه مصري دي مش مبالغه انا مصري فوق راسي شايل بلدي وعشانها اضحي بعمري واى صعب يهون مين قدي ده انا نيلها جوه ف دمي وحروفها نور على اسمي هيا اغلي شئ ف الكون ولو تسال يعنى ايه مصري يعنى قلب وروح ومبدأ طول حياتنا شعب اصلي وبالسلام ديما بندأ انت مسلم او مسيحي اخوات احنا حقوقنا واحده حاجه تحصل بينا لاءه طول تاريخنا بينا وحده انا مصري فوق راسي شايل بلدي وعشانها اضحي بعمري واى صعب يهون مين قدي ده انا نيلها جوه ف دمي وحروفها نور على اسمي هيا اغلي شئ ف الكون
0179,Frozen 2 (OST),الخطوة الصح [The Next Right Thing] (Alkhatwat ssah),Egyptian,شفت ضلمة كتير، بس مش زي دي هنا برد. هنا غربة. وجع قلب خلاص ضاعت حياتي وإنطفى النور أهلا يا ضلمة، يأست من الحرب بمشي دايما وراك طول الحياه لكن رحتي في مكان أنا مش لاقياه الحزن ده بيشدني لقاع الأرض لكن صوت بيهمس في عقلي سامعاه رغم اليأس والضياع، إهربي من القاع وإبتدي بالخطوة الصح يا ترى فيه نهار بعد الليل؟ مش عارفة أقرا ما بين السطور أنا اوحدي وتايهة في الحياه كنت النجمة اللي بتبعتلي النور إزاي هأقدر أقوم؟ او مش ليلك لمين هيكون؟ إبتدي بالخطوة الصح خدي خطوة، خطوتين ده اللي أنا أقدر عليه نادوب قبل الخطوة الصح مش هبص بعيد قوي كده ثيء فوق الإحتمال هاخد نفسي الي جلي، الخطوة والإختيار ده اللي أناهأقدر عليه مهما كان ليل هشوف قلبي ورا الأنوار يطوف وابتدي الخطوة الصح وبعد النور هييجي إيه لا يبان إنه هغبش شيء رح يرجع لبا زي ما كان؟ بعدها هاختار إني أسمع الصوت واقوم بالخطوة الصح
0180,Pocahontas (OST),الوحوش ٢ [Savages (Part 2)] (El wohoosh 2),Egyptian,انت عارفة طريقك دلوقتى كمليه يا بنتى حان الوقت حان !يلا يا رجالة نور الفجر بان !هاتوا المسجون !لازم نحرق الزبالة أنا مش عارفة أعمل ايه يا قلبى دليلى احتار !نهجم ع الاشرار طير يا نسر و خدنى ليه نبدأ منغير انذار يا قوى انت يا جبار !ندفنهم الحثالة دول أنا زاد خوفى عليه (!اهجم) (!اقتل) تلعب بيا الأقدار (!احرق) !اهجم! اقتل! احرق !الوحوش الوحوش !أشرار أندال !اقتلوهم !الوحوش الوحوش جنس مالوش أمان مايعرفوش الحب معندهمش قلب (صوتها عالى طبول الحرب) يلا ندق طبول الحرب يلا ندق طبول الحرب بيعملوا ايه؟ !دول مش بنى أدمين (!يلا دقوا طبول الحرب) أنا مش عارفة أعمل ايه صوتها عالى طبول الحرب لا
0181,Khaled Essam,زمن (Zaman),Egyptian,حظك كدا الكوتشينة مش متفنطة و الدنيا ماسكة فرشة مش شبعانة ف وشك لخبطة وقابلت ناس و قلت هما يبقو سترك و الغطا و اديك وحيد واقف بعيد و طلعت فتره مؤقتة زمن واحنا لينا تمن مزاد بنبيع بعض علن ياناس مين بحاله راضي ياناس ياناس ياناس زمن واحنا لينا تمن مزاد بنبيع بعض علن ياناس مين بحاله راضي ياناس ياناس ياناس زمن واحنا لينا تمن مزاد بنبيع بعض علن ياناس مين بحاله راضي ياناس ياناس ياناس عشمك في خلق الله خلاك غريب حالك وعرفت ان الاه هي اللي بقيالك تايه يا حول الله ولا حد قال مالك مين قالك الدنيا هتحن علشانك زمن واحنا لينا تمن مزاد بنبيع بعض علن ياناس مين بحاله راضي ياناس ياناس ياناس زمن واحنا لينا تمن  مزاد بنبيع بعض علن ياناس مين بحاله راضي ياناس ياناس ياناس اصحي يا كداب الدنيا دنيا مفيش احباب وعملت بناب بس ملقش عشان غلبان كان نفسي في فهمان كل اللي كل كان بس جعان كان نفسي زمان العبها حبي الاقيها سلكان بس ملقتش العشم غشم والخسسه في سباق عوزت كامل ملقتش غير الله انا احب أوضح ان انا مش داء عاملوني الاول واعملو حكام لو مين يبعني مبيعش زميلي اديك اصول وانت ابقي ادعيلي يا زمن عجيب في الكلب يجيلي يعملي مني يقولي ازميلي اطلب يا صحبي واديكو عيني بس اما عوزت طلعتو عيني ربي ما يحوجنا ويملالي جيبي رزمن يا لساني مكانك يا ايدي
0182,Ruby (Egypt),ابقى قابلني (Eb2a Abilni),Egyptian,ابقى قابلني لونامو عينيك ولا ليله ولا يوم ياشاغلني عليك ابقى قابلني لونامو عينيك ولا ليله ولا يوم ياشاغلني عليك تشغلي قلبي وتنسى حبي وتنسى قلبي اللي حب عنيك تشغلي قلبي واه ياقلبي تسبني اسهر وافكر فيك تشغلي قلبي وتنسى حبي وتنسى قلبي اللي حب عنيك تشغلي قلبي واه ياقلبي تسبني اسهر وافكر فيك ابقى قابلني لونامو عينيك ولا ليله ولا يوم ياشاغلني عليك بكره هتعرف وتشوف بعنيك ماهو ياانا ياانت والله ماتنفع الطيبه معاك والبادي اظلم وانا بتحداك تشغلي قلبي وتنسى حبي وتنسى قلبي اللي حب عنيك تشغلي قلبي واه ياقلبي تسبني اسهر وافكر فيك ابقى قابلني لونامو عينيك ولا ليله ولا يوم ياشاغلني عليك
0183,Cairokee,مصراوى (Masrawy),Egyptian,إنت مصراوي ولّا خلاص مش ناوي هتشيل الحمل معانا ولا خلاص تنسانا بتحب بلادي ولّا نسيت أجدادي بتغني أغاني زمان ولّا عامل مش غاوي وتقول يا ليل يا عين ع الليلة ديه وتغني أغاني زمان المية مية وتقول يا ليل يا، ع الليلة ديه وتغني أغاني زمان المية مية إنت مصراوى وبدمك تفديها بتغير عليها ودمك حامي ولا ناسيها دايما بتشكي ومش عاجبك الحال طب ما تورينا الهمة وكفاية كلام متقولش ده كان زمان إحنا النهارده نتعب، نشقى ونعلى وربك هيرضى متقولش ده كان زمان إحنا النهارده نتعب، نشقى ونعلى وربك هيرضى إنت مصراوي ولّا خلاص مش ناوي هتشيل الحمل معانا ولا خلاص تنسانا بتحب بلادي ولّا نسيت أجدادي بتغني أغاني زمان ولّا عامل مش غاوي وتقول يا ليل يا عين ع الليلة ديه وتغني أغاني زمان المية مية وتقول يا ليل يا، ع الليلة ديه وتغني أغاني زمان المية مية
0184,Tarzan (OST),(عالمين (نهاية [Two Worlds (Finale)] (Alameen (nehaya)),Egyptian,خلي إيمانك نبضك اللي بيحميك عالمين نفس الحياة نور في القلب ومصير بيقول في حياتنا إزاي في حياتنا إزاي هنعيش؟ خلي إيمانك نبضك اللي بيحميك عالمين نفس الحياة
0185,Ruby (Egypt),عمرى ما استنيت حد (Omri Mastaneit Had),Egyptian,أنا عمري ماستنيت حد ولا يوم بكيت وناديت حد ولا عمري مره جريت ورى حد باعني فيوم لو جاني قلبي فيوم صد أنا أبيعه ماستناش رد ليه أرضى اني فيوم قلبي يعيش مظلوم ولا ولاولا قربتلي دموع ولا ولا ولا قلبي عاش مخدوع ولا ولا ولا حد يستاهل جراحي ولا ولا ولا أمشي سكة مالهاش رجوع أنا عمري ماستنيت حد ولا يوم بكيت وناديت حد ولا عمري مره جريت ورى حد باعني فيوم لو جاني قلبي فيوم صد أنا أبيعه ماستناش رد ليه أرضى اني فيوم قلبي يعيش مظلوم أنا أنا أنا وقتي عمره ما ضاع ولا ولا ولا اوعدني حد وباع انا أنا أنا اللي يحلم انه يلاوعني أنا أنا أنا سهل أقوله علطول وداع
0186,Ahmed Saad,أخويا (Akhouya),Egyptian,أخويا ده ده ده ده يا عمّ مش صاحبي ده ده ده ده أهمّ أخويا ده ده ده ده يا عمّ مش صاحبي ده ده ده ده أهمّ معرفش مين كدّاب قالك مافيش أصحاب وفي ضهري صاحبي جدع ملازمني عمره ما ساب لو إترميت في النّار بيجبني من جوّه ده أنا وحياة الإخوة ماليش إلّا هو أخويا ده ده ده ده يا عمّ مش صاحبي ده ده ده ده أهمّ أخويا ده ده ده ده يا عمّ مش صاحبي ده ده ده ده أهمّ دول لمّا شافونا سوا قالو دول من نفس الأمّ قالو من نفس الأمّ قالو قالو من نفس الأمّ لو صاحبي على عيبه هقول معندوش عيب ده أنا عمري ما أسيبه ولا هو عمره يسيب لو الزّمن غدّار يدّيني كده قوّة ده أنا وحياة الأخوة ماليش إلّا هو ده أخويا ده ده ده ده يا عمّ مش صاحبي ده ده ده ده أهمّ أخويا ده ده ده ده يا عمّ مش صاحبي ده ده ده ده أهمّ دول لمّا شافونا سوا قالو دول من نفس الأمّ قالو من نفس الأمّ قالو قالو من نفس الأمّ
0187,Group of Artists (Arabic),رايحين شايلين في ايدنا سلاح (Rayheen Shayleen Fe Edna Selah),Egyptian,رايحين رايحين شايلين في ايدنا سلاح راجعين راجعين رافعين رايات النصر سالمين سالمين حالفين بعهد الله نادرين نادرين واهبين حياتنا لمصر باسمك يا بلدي حِلفنا يا بلدي جيشك وشعبك يِرُد التحدي باسمك يا بلدي حِلفنا يا بلدي جيشك وشعبك يِرُد التحدي أرضك وزرعك شمسك وقمرك شِعْرِك ونَغَمِك نيلك وهَرمِك بدمي أفادي واصد الأعادي وأفدي بروحي عيونك يا مصر رايحين رايحين شايلين في ايدنا سلاح راجعين راجعين رافعين رايات النصر سالمين سالمين حالفين بعهد الله نادرين نادرين واهبين حياتنا لمصر شرفك يا بلدي عزك كرامتك يا غالية ده حقك أمانة في رقبتي شرفك يا بلدي عزك كرامتك يا غالية ده حقك أمانة في رقبتي حبك وسحرِك ليلك وكَرمِك في نَخلِك وطَرحِك في صبرك وسَهرِك في صَحوِي هانادي و في استشهادي هاسجل نشيدي في تاريخك يا مصر
0188,Mufasa: The Lion King (OST),[I Always Wanted a Brother] ياما حلمت بأخ ليا (Egyptian Arabic) (Yama Helmt Be'akh leiya ),Egyptian,تاكا: هاكون ملك محدش يقدر يعصي لي  أمر يعصي أمر  و احنا سوا موفاسا: آه سوا تاكا: هتكون ليا أنا أخ و ضهر موفاسا: ها طبعا مظبوط تاكا: هاكون ملك موفاسا: هاكون ملك تاكا: محدش يقدر يكسرلنا أمر يكسر أمر، و احنا سوا موفاسا:  آه سوا تاكا: نصطاد الفريسة في نهر و بر موفاسا: خلي بالك! تاكا: يلا يلا يلا الجوقة: إيه هي مامتك عارفة أنك جيت لهنا؟ تاكا: مخدناش تصريح زي الريح زي الريح إجري الجوقة:  إيه بابا قالك إيه؟  كدة ممكن تضيع تاكا: يلا في السريع في السريع في السريع يلا الجوقة: إيه هي مامتك عارفة أنك جيت لهنا ؟ تاكا: أجدع فرار  في النهار في النهار  يلا الجوقة: بابا قالك إيه؟  كدة ممكن تضيع تاكا : بتمنى أمي تشوفني أكبر و اقول تاكا: ياما حلمت بأخ ليا ياما حلمت بأخ ليا جنبي يكون تاكا و موفاسا : و ياما حلمت بأخ ليا ياما حلمت بأخ ليا جنبي يكون موفاسا: شايف الشجرة؟ طيورها شايفة الدنيا من فوق تاكا: شايفة من فووق يا اخي موفاسا: يا اخي تاكا: لما أكون ملك كله هيطيع موفاسا: مستهون بيهم ليه دول احرار تاكا: أنا سريع موفاسا:كتار ومحدش منهم هيضيع تاكا: عيونهم متشوفنيش موفاسا: من فوق شافونا سوا( ها) خليك كدة ورا أوهام تاكا: خلاص أنا مليت يلا  يلا الجوقة : هي مامتك عارفة أنك جيت  لهنا؟ موفاسا: نصطاد لنا غزال أحنا كبار تاكا: احنا مش عيال يلا الأسد: أصل باباه كان قال إن الشبل دا ضار تاكا: إياك حد تاني يقول عنه كدة متقولش دا عن اخويا متقولش ضار عن اخويا اوعى تقرب لأخويا في يوم دي اوامري تاكا و الجوقة : أخويا و أنا هنقذه وهعض اللي يخربشه يطلب ويؤمر  براحته هو راح فين ؟ موفاسا: ياما حلمت بأخ ليا بفتكر ماما في النية وأناديها كل سنة الجوقة و موفاسا:  وأناديها كل سنة ( من هنا) كل سنة، أناديها كل سنة موفاسا  : والكل يغني لأخويا أنا أدي عينيا لأخويا أنا هبقى الملك و اخويا جنبي كمان تاكا:  ياما حلمت بأخ ليا لو في خطر حواليا يحط إيده في إيديا يا موفاسا موفاسا: ايه يا تاكا تاكا : هوصل لأبعد مكان هسبقك و أنا الكسبان هسبق أنا الكسبان هسبق أنا الكسبان
0189,Alice in Wonderland (OST),شمساية الأصيل [All In The Golden Afternoon] (Shamsayet El Asil),Egyptian,الفراشة جاية تبوس خد التوليب والشمساية ضيها جميل الصبحية نفوق ونرجع ننعس في شمساية الأصيل شوف النرجس واقف غضنه بيرقص والبتفسج عوده ده نحيل زهر الزنبق مال على الهندبا في شمساية الأصيل الغرايب والعجايب كلهم متجمعين عند المارجريت الهادي اللي حواليه عجيب ياما مالزهور حاجات حنعرفها بالأخص في ربيع أبريل الهوى والحب يملى قلوبنا ده في شمساية الأصيل في شمساية الأصيل شمساية الأصيل ياما مالزهور حاجات حنعرفها بالأخص في ربيع أبريل الهوى والحب يملى قلوبنا ده في شمساية الأصيل
0190,101 Dalmatians (OST),رويلا درفيل [Cruella De Vil],Egyptian,"اكيد دي رويلا! معقول دي كانت زميلتك في المدرسة؟ هي دي! رويلا درفيل, غوريلا أم غل دايما قدمها نحس, دمها يعل الدنيا لو عسل تقلبها خل رويلا, غوريلا راضعه غلاسه و مفطومه غل (رويلا , غوريلا (بس لتسمعك ام غل (دخليها يا ناني) تشوف رويلا من النظره الاولى تقول شيطان تتقلب غوله تبص في عنيها الخطر فيها, ساعتها راح تفهم الفلاق دي شكلها يغيظ, صوتها كالمعيز غير كده طويله, لا و هبيله العالم لذيذ لو يرتاح من...... رويلا.. غوريلا.. ام غل"
0191,Amr Diab,قفلتي اللعبة (Afelty El Le'ba),Egyptian,خدتي من قلبي الدقات وخدتي م الروح سحرها خدتي من الوقت الساعات وخدتي م العين ننها خدتي م الأرض الثبات خدتي م السما نجمها خدتي من كل الحاجات أحلى حاجة بحبها قفلتي اللعبة بجمالك قفلتي اللعبة عجباكي اللعبة ما بِرّاحة قلبنا مش لعبة قفلتي اللعبة بجمالك قفلتي اللعبة عجباكي اللعبة ما بِرّاحة قلبنا مش لعبة خدتي من عقلي الأفكار وخدتي م الشوق لهفته خدتي من قلبي الأسرار وخدتي م الصوت رَنِّته خدتي م الليل السمار خدتي م الهوا رِقِّته خدت دلوقتي القرار وقلبي عارف سكته قفلتي اللعبة بجمالك قفلتي اللعبة عجباكي اللعبة ما بِرّاحة قلبنا مش لعبة قفلتي اللعبة بجمالك قفلتي اللعبة عجباكي اللعبة ما بِرّاحة قلبنا مش لعبة قفلتي اللعبة بجمالك قفلتي اللعبة عجباكي اللعبة ما بِرّاحة قلبنا مش لعبة قفلتي اللعبة بجمالك قفلتي اللعبة عجباكي اللعبة ما بِرّاحة قلبنا مش لعبة
0192,Hussein Al Jasmi,اتكلم كل يوم يومين (Etkalem Kol Youm Youmeen),Egyptian,في كتير غاليين في حياتك عنهم مَلهي ومشغول سمعهم صوتك ما هو لو مهتم تقول في حاجات بتفوتك والغيبة عمالة تطول ده في ثانية مواعيد بينا بتتأخر أوقات مانعوضهاش صالح اللي مخاصمك فرصة ومتضيعهاش ما هو لو شاف اسمك هيرد عليك على طول و اتكلم كل يوم ... يومين بلاش تقول ... تقول بعدين دول الدفا، مش معرفة دول اللي جوه نني العين و اتكلم كل يوم ... يومين بلاش تقول ... تقول بعدين دول الدفا، مش معرفة دول اللي جوه نني العين و اسمع مني رَوَّق و افتح صفحة جديدة صفيها مع الشايلين وامسك في حبايبك حابي على الحبة الغاليين قول اللي في نفسك بالكلمة قلوب بتلين و اتكلم كل يوم ... يومين بلاش تقول ... تقول بعدين دول الدفا، مش معرفة دول اللي جوه نني العين و اتكلم كل يوم ... يومين بلاش تقول ... تقول بعدين دول الدفا، مش معرفة دول اللي جوه نني العين أوقات لو حتى مجرد رنة بترجع ذكرى قديمة ما بينّا و الغالي تبان غلاوته دايماً بسؤالك عنه والعمر تزيد حلاوته كل أمّا تقرب منه و اتكلم كل يوم ... يومين بلاش تقول ... تقول بعدين دول الدفا، مش معرفة دول اللي جوه نني العين و اتكلم كل يوم ... يومين بلاش تقول ... تقول بعدين دول الدفا، مش معرفة دول اللي جوه نني العين
0193,The Hunchback of Notre Dame (OST),نور الجنة [Heaven's Light] (Nor el genna),Egyptian,يا ما و يا ما هناك شفت من شباك أثنينن أحبة في وسط الليل نازل عليهم نور بيتهادى نازل عليهم نور من الجنة عارف أني حعيش و الحب ميعرفنيش مهما خيالي تمنى و شي ده مين مخلوق للويل و بعيد عن النور و الجنة فجأة أبتسم لي ملاك جميل و باس خدي من غير ما يستنى ليه محلمش إن دي ممكن تحس بي و الليلة راح أدق الأجراس في برج فيها بيثنى لازم هو ده نور الجنة
0194,Haifa Magic,طقي وفرقعي (To2i W Far2a3i),Egyptian,قال ايه انا مش طبيعيه وجمالي مهوش رباني وعملت 200 عمليه طب مين يجي يتحداني طق طق طق طق طق طق طب ضرب وبهدله هتحس ببلا ده انا جنيه يا بت وانتي معصصه اوي ومقصقصه وقال عملالي ست يااختي واوعي تبصي لحبيبي ده بتاعي يا قردة بلاش اصل انا مالياله اوي عينه روحي دوري علي خفاش طق طق تت طق تت طق ...تت طق طق طق طقي وفرقعي وف روحك قطعي وحطي الغاز علي راسك وفي نفسك ولعي شوفي عودي وخصري يا بنتي اختصري ...واتوكسي. بصي في المرايا تلاقي سلايه ....أما أنا سكسي. انا موزه يا بنتي وقادره مش فاكره يا بنتي يا تيييت أما انتي يا بيبي سحليه وهتتجوزي خرتيت اخيييه طب ضرب وبهدله هتحس ببلا ده انا جنيه يا بت وانتي معصعصه اوي ومقصقصه و قال عملالي ست واللي مهوش عجبه يشد حواجبه ويعمل تاتوووووه وهطلع عينه وعين أصحابه وعين اللي جابوووه ايوه انا صاروخ والكل يدوخ لما بفوت كده وسيطهم قنبله فرتيكه لبنان امريكا انا عارفه انا جامده عليهم انا عارفه اني انا غايظاكم انا هفضحكم فضاضيح اما انا بقي جامده وثابته يا جبل ما يهزك ريح طب بومب وفرقعه رقص ومرقعه ..آخرهم بتزنق رقصني يا ولا ايوه انا مشكله واللي ما عاجبه يطق طق طق تت طق تت طق طق طق تت طق تت طق اصبر واستني عليا هتشوفوا كده من كتير كل يومين ليكو مفاجأه يمكن اعمل فوازير
0195,Ramy Essam,راح نلتقي (Rah Nelte'i),Egyptian,بشبه لناي مكسور وبتشبهي صوتي بشبه وطن سحبوه لمنصه الإعدام، وبتشبهي المشنقة، والوردة في قميص المدبوحين بالغدر، والحلم واقف فوق كتاف الصبر. وبتشبهي موتي، وبتشبهي السجان، أنا وإنتي زي اتنين حالفين يعيشوا العمر الآخر. بشبه لشعب، وبتشبهي الميادين واقفين ما بينا يا حبيبتي العساكر. بشبه لناي مكسور وبتشبهي صوتي بشبه وطن سحبوه لمنصه الإعدام، وبتشبهي المشنقة، والوردة في قميص المدبوحين بالغدر، والحلم واقف فوق كتاف الصبر. وبتشبهي موتي، وبتشبهي السجان، أنا وأنتي زي اتنين حالفين يعيشوا العمر الآخر. بشبه لشعب، وبتشبهي الميادين واقفين ما بينا يا حبيبتي العساكر. لو نفترق يا حبيبتي، راح نلتقي. لو نفترق يا حبيبتي، راح نلتقي. لو نفترق يا حبيبتي، لو نفترق يا حبيبتي، لو نفترق يا حبيبتي، راح نلتقي لو بعد حين. لو نفترق يا حبيبتي، راح نلتقي أنا قلبي عايش في ضمير القدس، وشهيد في وسط المعركة، أمروه بضبط النفس. إنتي الضمير، والثورة، والبركان، وإنتي الخلاص لو يفهموا معنى الخلاص. لو نفترق، راح نلتقي لو بعد حين. يرجع ضمير الشعب للميادين، يترد حق الأرض للغايبين. تحرم حيطان السجن عالمساجين. أنا قلبي عايش في ضمير القدس، وشهيد في وسط المعركة، أمروه بضبط النفس. إنتي الضمير، والثورة، والبركان، وإنتي الخلاص لو يفهموا معنى الخلاص. لو نفترق، راح نلتقي لو بعد حين. يرجع ضمير الشعب للميادين، يترد حق الأرض للغايبين. تحرم حيطان السجن ع المساجين. لو نفترق يا حبيبتي، راح نلتقي. لو نفترق يا حبيبتي، راح نلتقي. لو نفترق يا حبيبتي، لو نفترق يا حبيبتي، لو نفترق يا حبيبتي، راح نلتقي لو بعد حين. لو نفترق يا حبيبتي، راح نلتقي لو بعد حين. لو نفترق يا حبيبتي، راح نلتقي لو بعد حين. لو نفترق يا حبيبتي، راح نلتقي لو بعد حين.
0196,Nelly (Egypt),كان في فراشة صغنططة (Kaan Fe Farasha Ṣoghanttatta),Egyptian,كان فيه فراشة صغنططة مفرفشة ومزقططه لابسة بلوزة منقطة على جونلة مخططة منقطة ومخططة وسط الجنينة لمحتها وهي طايرة فى الهوا وسط الجنينة لمحتها وهي طايرة فى الهوا ناديتها بصت تحتها قلتها تيجى نلعب سوا قالتلى طيب يا إسمك إيه أنا هاستخبى وأختفى فى أى مطرح هلتقيه وإن كنتى شاطرة تعرفى قولتلها طب يلا العبى يا أمُ جناحات ملونة قولتلها طب يلا العبى يا أمُ جناحات ملونة يلا ياحلوة جربى هاتروحى فين منى أنا طارت وغابت فى الشجر وعند أشجار اللمون غابت تمام عن النظر ولونها تاه بين الغصون بصيت بعينى ما شفتهاش من الشجر ماعرفتهاش بصيت بعينى ما شفتهاش من الشجر ماعرفتهاش كان الورق ستر وغطا أنا قلت لأ مابدهاش مديت إيديا للغصون وبسرعة هزيتها أوى لقيت جناح بألف لون بينفرد وينطوى
0197,Oumaima Taleb,الممنوع مرغوب (El Mamnou Marghob),Egyptian,ف الْأَوَّل وَأَنَا لسه بَعِيدٌ كَان بِيَقُول أشْعَارٌ فَيَا صَوْت ضحكتي كَان أُغْنِيَّة وَاللَّيّ بيلفت نَظَرِه لِوَاحِدَة أَنَّهَا ع الدُّنْيَا قَوِيَّةٌ ف الْأَوَّل وَأَنَا لسه بَعِيدٌ كان بيحب إِنِّى ذَكِيَّةٌ مهما أَلْبَس حُلْوٌ عَلِيًّا قالي ماشوفتش زيك وَاحِدَة ومحدش يُشْبِه لِيَا بَعْدَ مَا طالني وَخَدّ قَلْبِي مبقاش مُرْتاح فَضْل الْحُلْو يَقُل ف عَيْنِه لِحَدّ مَا رَاح فَجْأَة كَلَامِه أَتَغَيَّر عَنِّي وميزاتي اتقلبت لعيوب اتاريه كَان بيقرب مِنِّي علشان الْمَمْنُوع مَرْغُوب بَعْدَ مَا طالني وَخَدّ قَلْبِي مبقاش مُرْتاح فَضْل الْحُلْو يَقُل ف عَيْنِه لِحَدّ مَا رَاح فَجْأَة كَلَامِه أَتَغَيَّر عَنِّي وميزاتي اتقلبت لعيوب اتاريه كَان بيقرب مِنِّي علشان الْمَمْنُوع مَرْغُوب ف الْأَوَّلِ كَانَ حَلَم جَمِيل وَقْت ماكان بيقربَلِي قَبْلَ مَا بِطَلَب يتجابلي قالَ إنْ أَنَا أَجْمَلُ أُمْنِيَةٌ ومحبش أَبَدًا قَبْلِي ف الْآخَر بَقِي حَمْلِي تَقِيل وَاللَّيّ الْأَوَّلِ كَانَ شَادَه بَقِي مَش عاجبه وَبَقِي ضِدِّه حَتَّى جَمالِي وَسِحْر عَيْنِيًّا بَقِي مَش حُلْوٌ وَعَلِيٌّ قَدَّه
0198,Amr Diab,خبر أبیض (Khabar Abyad),Egyptian,أي حاجة حلوة بتجرالي إنت السبب فيها أي فرحة معاك واصلة لي مديون لك أنا بيها أي حاجة حلوة بتجرالي إنت السبب فيها أي فرحة معاك واصلة لي مديون لك أنا بيها يا خبر أبيض ع الفال الحلو وياك جربت الطعم الحلو وكإن ده عمر عليا جديد والدنيا إحلوِّت مشيت حلو يا خبر أبيض ع الفال الحلو وياك جربت الطعم الحلو وكإن ده عمر عليا جديد والدنيا إحلوِّت مشيت حلو إنت لما ظهرت لقيتني مابقتش أشوف غيرك ده إنت دَوَّختني خليتني أنا تحت تأثيرك أصل دي حقيقة ومتشافة إن إنت حاجة تانية فرق بينهم، لأ دي مسافة ولآخر الدنيا يا خبر أبيض ع الفال الحلو وياك جربت الطعم الحلو وكإن ده عمر عليا جديد والدنيا إحلوِّت مشيت حلو يا خبر أبيض ع الفال الحلو وياك جربت الطعم الحلو وكإن ده عمر عليا جديد والدنيا إحلوِّت مشيت حلو يا خبر أبيض ع الفال الحلو وياك جربت الطعم الحلو وكإن ده عمر عليا جديد والدنيا إحلوِّت مشيت حلو يا خبر أبيض ع الفال الحلو وياك جربت الطعم الحلو وكإن ده عمر عليا جديد والدنيا إحلوِّت مشيت حلو
0199,Brother Bear (OST),مفيش مفر [No Way Out] (M'fysh Mahrab),Egyptian,كل ما أروح مكان ليه بجرح قلب ؟ لكن مهما أقول محال محال هيمحي الذنب أنا قابل أضحي بكل شيء كل حياتي كمان لو بس طريق الهدى لقلبي يبان أخي الدب، صاحبك آذاك وثقت فيه، وآمنت بيه وبغدره رماك ياما عليك خبيت لكن مش قادر أخبي العار ومنايا حد، أو حتى شيء يجي ويطفي النار مفيش مهرب من الضلمة دي أمل مفيش عارف حفضل أسير لكن مفيش لده بديل ولا أقدر أعيش كده كتير
0200,Mahmoud El-Lithy,حطالي روج (Hattali Rouge),Egyptian,حطالي روج ياخرابي ع المسكره ماتبطلي بقي افتري حرام عليكي انا قلبي مابقاش قادر عاكسني اه بس تعاكس بالراحه انا عايزه اكون مرتاحه ده الشوق تعبني في قلبي والشوق قادر روحي انا قلبي انا عقلي انا عشقي انا تيجي هنا هاجي هنا تروح هناك هروح هناك معاك معاك معاك معاك معاك روحي انا قلبي انا عقلي انا عشقي انا تيجي هنا هاجي هنا تروح هناك هروح هناك وراك وراك وراك وراك وراك انا بضعف من كلامك الحلو ياولا انا قلبي ضعيف مش قدك ماترحم يالا بالراحه عليا بص طب خليك نص نص بلاش تتعبلي قلبي بلاش بهدله ولا الخدود اه من جمالهم ياني انا من اوامها بعاني طب ده انتي بقي شغلاني و حسي بيا هو انت ايه اه من كلامك ياانا ياعم ده انا غلبانه ماخلاص بقي ارحم قلبي وحس بيا روحي انا قلبي انا عقلي انا عشقي انا تيجي هنا هاجي هنا تروح هناك هروح هناك معاك معاك معاك معاك معاك روحي انا قلبي انا عقلي انا عشقي انا تيجي هنا هاجي هنا تروح هناك هروح هناك وراك وراك وراك وراك وراك ماتهدي اللعب حبه حرام مش كده ده مين في الدنيا ديا يستحمل كده ماتروق حبتين ده انا لسه يدوب بلين من كتر حلاوه حبك هموت مش كده طب اقولها ان انا بقي مش قدها اه من هزه وسطها دي بت عودها دي نار ودمار وشاغلني انا خبره ياه لأ ده انا خبره ومدرسه لأ ومعلمه في الاسي اسأل عليا انا ولا مليون يشغلني روحي انا قلبي انا عقلي انا عشقي انا تيجي هنا هاجي هنا تروح هناك هروح هناك معاك معاك معاك معاك معاك روحي انا قلبي انا عقلي انا عشقي انا تيجي هنا هاجي هنا تروح هناك هروح هناك وراك وراك وراك وراك وراك ياابني انت ايه كفايه ماترحم بقي مش قد حبك انا ده حبك شقي ماتتعبنيش معاك ماتدوخنيش وراك خلاص هعيش معاك ماتهمد بقي حطالي روج ياخرابي ع المسكره ماتبطلي بقي افتري حرام عليكي انا قلبي مابقاش قادر عاكسني اه بس تعاكس بالراحه انا عايزه اكون مرتاحه ده الشوق تعبني في قلبي والشوق قادر
0201,Ahmed Adaweya,يا تاعبني (Ya Ta'ebny),Egyptian,يا بلدي يا واد يا واد إنت مفيش مثالك و قوامك إنت يا بلدي يا واد يا واد إنت مفيش طعامتك و جمالك إنت يا بلدي يا واد آه يا واد إنت (يا بلدي يا واد يا واد إنت مفيش مثالك مثالك إنت) (يا بلدي يا واد يا واد إنت مفيش مثالك مثالك إنت) (يا بلدي يا واد إنت آه يا واد إنت) آه يا بلدي يا واد قال يا واد إنت مفيش مثالك مثالك إنت يا بلدي يا واد يا إبن بلدي إنت مفيش قوامك و جمالك إنت يا بلدي يا واد آه يا واد إنت (يا بلدي يا واد يا واد إنت مفيش مثالك مثالك إنت) (يا بلدي يا واد يا واد إنت مفيش مثالك مثالك إنت) (يا بلدي يا واد إنت آه يا واد إنت) ياللي خَدّوك مني بعدك مجَنِّني تعالي شوف حالي في البعد يا غالي ياللي خَدّوك مني بعدك مجَنِّني تعالي شوف حالي في البعد يا غالي ياللي خَدّوك ... خَدّوك مني ياللي خَدّوك مني بعدك مجَنِّني ياللي خَدّوك ... خَدّوك مني حبك مجَنِّني تعالي شوف حالي في البعد يا غالي ما تيجي تشوف حالي في البعد يا غالي ياللي خَدّوك ... خَدّوك مني (ياللي خَدّوك مني بعدك مجَنِّني تعالي شوف حالي في البعد يا غالي) (ياللي خَدّوك مني بعدك مجَنِّني تعالي شوف حالي في البعد يا غالي) (ياللي خَدّوك ... خَدّوك مني ... آه) يا تاعبني خليك على راحتك و حياتك لأوْريك قَنْزَحتَك يا تاعبني خليك على راحتك أنا و حياتك لأوْريك قَنْزَحتَك و هأخلص تاري (يا تاعبني) من اللي جرالي (يا تاعبني) و هأخلص تاري (يا تاعبني) من اللي جرالي (يا تاعبني) هلاعبك بَشْكْة و لاعبني هلاعبك بَشْكْة ما تلاعبني وريني إزاي هتغلبني يا تاعبني يا ... يا تاعبني يلا [ما تيَّلا] (يلا يلا) (6×) يلا يا حبايبي ... ما تردوا عليّا (2×) يلا [ما تيَّلا] (يلا يلا) (4×) يلا يا وردة ... يا نور عينيّا يا ست وردة ... يا غالية عَلَيّا يلا [ما تيَّلا] (يلا يلا) (4×) تسقيفة بذمة ... يا ولاد بلدنا فسحة و لمّة ... يا ولاد حواليّا يلا [ما تيَّلا - و النبي يلا] (يلا يلا) (4×) فسحة و لمّة ... يا ولاد بلدنا فسحة و لمّة ... لولاد حواليّا تسقيفة بذمة ... لولاد حتِّتنا يلا [ما تيَّلا - و النبي يلا] (يلا يلا) (4×) يلا يا رودي ... يا غالية عليّا يلا يا حبايبي ... قَسّم شوية يا ليل يا ليل يا ليل يا ليل يا ليل يا ليل يا ليل يا ليل يا ليل يا ليل يا ليل يا ليل يا ليل يا ليل يا ليل يا ليلي بيّعنا طِيْب يا طبيب و يروح العَيّا مني بيّعنا طِيْب يا طبيب بيّعنا طِيْب يا طبيب و يروح العَيّا مني ده أنا كنت سبع يا طبيب و كانت الناس تخاف مني أنا كنت سبع يا طبيب و كانت الناس تخاف مني و كانت الناس تخاف مني و كانت الناس تخاف مني و كانت الناس تخاف مني أنا لمّا الزمن غدر بي يا طبيب و بِعِدُم حبايبي عني أنا لمّا الزمن غدر بي يا طبيب و بِعِدُوا حبايبي عني بدعي لك يا رب بدعي لك يا رب بدعي لك يا رب تسامح ... تسامح الناس اللي مش راحمينّي يلا [ما تيَّلا] (يلا يلا) (4×) فسحة و لمّة ... يا ولاد حواليّا تسقيفة بذمة ... يا ولاد حواليّا فسحة و لمّة ... و ولاد حواليّا تسقيفة بذمة ... ما تردوا عليّا يلا [و النبي يلا] (يلا يلا) (4×) يلا يا وردة ... يا نور عينيّا يا ست وردة ... يا غالية عَلَيّا يلا يا رودي ... يا نور عينيّا يلا يا وردة ... هنغني شوية
0202,Ragheb Alama,التقيل تقيل (Ettieel Tieel),Egyptian,التقيل تقيل و القمر معدي و الموضوع جميل و أنا قد التحدي قلبي ليك قتيل هدي اللعب هدي ده انت عايز الف درس و مش حتبقي قدي خبره في الغرام سيب قلبك معايا حتلاقي اهتمام والدلع حكاية مهما اقول كلام عنك مش كفاية ده انت يضربوا مئة سلام لما تكون معدي يلا يلا يلا ده الفَرَح مكاننا يلا يلا يلا يلا يلا ده الفَرَح مكاننا يلا الزمن زماننا و الحياة عشاننا و اللي حايحسدونا يلا شكرا حلوا عنا يلا يلا يلا ده الفَرَح مكاننا يلا يلا يلا يلا يلا ده الفَرَح مكاننا يلا الزمن زماننا و الحياة عشاننا و اللي حايحسدونا يلا شكرا حلوا عنا إنت في الجمال حاجة مش عادية حتة من الخيال و مش من الدنيا ديه حبك إحتلال و مسيطر عليا هأعمل مئة ألف احتفال يوم ما حتبقي ليا يلا هات إيديك و انسي الدنيا بحالها قلبي كله ليك و القصص قفلها حد يشوف عينيك و مايدوبش في جمالها روحي من نظرة و سلام جيت شقلبت حالها يلا يلا يلا ده الفَرَح مكاننا يلا يلا يلا يلا يلا ده الفَرَح مكاننا يلا الزمن زماننا و الحياة عشاننا و اللي حايحسدونا يلا شكرا حلوا عنا يلا يلا يلا ده الفَرَح مكاننا يلا يلا يلا يلا يلا ده الفَرَح مكاننا يلا الزمن زماننا و الحياة عشاننا و اللي حايحسدونا يلا شكرا حلوا عنا
0203,The Princess and the Frog (OST),فى نيو اورلينز [Down in New Orleans] (Fe New Orleans),Egyptian,في الجنوب في .. في مدينة .. انا بحبها دي ستاتها حلوين زيها .. ورجالتها جدعان والمزيكا ماليه المكان .. بالليل تسمعها وطول النهار ولما تملى الجو تلقى اسمعها مني تلقى نفسك فرحان شوف لك صاحب وتعالى معاه .. جهز نفسك واتفق وياه دا الانبساط حيلف ويدور .. رح تلقاه في نيو اورلينز وخد عندك .. فيه اعمال .. ياتفرحك ياتجيب مية اشكال وتحقق المطلوب .. او عكسه معاك في نيو اورلينز شغال تعالى مكسوف ليه .. يالله جرب حتستنى ايه لو ناوي تفرفش حبه كم يوم لذيذ .. يبقى تيجي نيو اورلينز في قصور ابهه .. عايشين فيها ناس متريشين الغني والفقير كلو يجوز .. احلامه تكون في نيو اورلينز
0204,Cinderella (OST),"أسمع صوت العندليب [Oh, Sing Sweet Nightingale]  ('asmae sawt aleandalib)",Egyptian,"أسمع صوت العندليب, أسمع صوت العندليب فوق الشجر أه أسمع صوت العندليب, أسمع صوت العندليب فوق...فوق أه أسمع صوت العندليب, أسمع صوت العندليب فوق أه أسمع صوت العندليب, صوت العندليب أه أسمع صوت العندليب, صوت العندليب أه أسمع صوت العندليب أه أسمع صوت العندليب, صوت العندليب"
0205,Hamza Namira,إتخمينا (Etkhammeina),Egyptian,(إحنا إتخمينا، ضحكتوا علينا بقى بعد ما قيدنا الشمع ف إيدنا عذراً لغبائنا، إحنا إتعلقنا بقى بعد ما خدتوا قلوبنا هتمشوا) ليه فرشنا الأرض ورد و إحنا مش جايلنا حد مولد و علينا إتفض و سابونا موجوعين إتخدعنا من زمان حتى يشهد المكان كل مرة نقول رهان و كل مرة خسرانين علقنا زينة لولاد لذينة غدروا بينا بعد الوجايب نفس السيناريو كله آذينا نسحب ورق و نلبس في شايب علقنا زينة لولاد لذينة غدروا بينا بعد الوجايب نفس السيناريو كله آذينا نسحب ورق و نِلبِس في شايب إحنا إتخمينا و إتغشينا في ناس بايعين، بايعين شكراً لغباءنا إتعلقنا إحنا بحبال دايبين إحنا إتخمينا و إتغشينا في ناس بايعين، بايعين شكراً لغباءنا إتعلقنا إحنا بحبال دايبين ليه تعبنا و جيبنا فرش ليه عزمنا ناس ماجاتش الدنيا إديتنا درس ياكش نطلع متعلمين و معلش يا قلبي خير ده إحنا معلشناك كتير في الجروح بقيت خبير آه و تشهد السنين علقنا زينة لولاد لذينة سوينا ليهم كل الهوايل فتحنا بابنا للي آذينا عملوا فينا أسوأ عمايل علقنا زينة لولاد لذينة سوينا ليهم كل الهوايل فتحنا بابنا للي آذينا عملوا فينا أسوأ عمايل إحنا إتخمينا و إتغشينا في ناس بايعين، بايعين شكراً لغباءنا إتعلقنا إحنا بحبال دايبين إحنا إتخمينا و إتغشينا في ناس بايعين، بايعين شكراً لغباءنا إتعلقنا إحنا بحبال دايبين
0206,Hamza Namira,الواد العبيط (El Wad El Abeet),Egyptian,أنا اللي قولتوا عليه ساذج وطيب وأنا اللي هتقولوا اتغير قريب ما بقاش بيقول وماله بقى بيفكر ف حاله شاف جروحه.. فاق لروحه والنهاردة خلاص مات الواد العبيط داس على كل اللي فات مات الواد العبيط كان طيب بس مات شالت عيونه الغيامة ماضي وراح بالسلامة شاف كدب الوشوش ماتت حياته البريئة بانت قصاده الحقيقة شاف ناس ما يساووش مات الواد العبيط داس على كل اللي فات مات الواد العبيط كان طيب بس مات سيبوا حياتي وكفاية خلصت معاكوا الحكاية لا.. ده كان زمان كل اللي فات اسمه غلطة قلبي شبعان م الأونطة وفيه مالكوش مكان مات الواد العبيط داس على كل اللي فات مات الواد العبيط كان طيب بس مات أنا ماشي ومش مسامح أستنى ليه؟ ونسيت كل اللي رايح وهدوس عليه بوجودكم ف حكاياتي أنا قلبي تاه وآما نسيتكم حياتي رجعت حياة
0207,The Little Mermaid (OST),(مساكين البحور (إعادة [Poor Unfortunate Souls (Reprise)] (Masakeen el bohoor (eaada)),Egyptian,برررم بم دررم طبعاً هكون عروسة جميلة وشكلي هيكون حلو كل الأمور هتمشي وفقاً للتخطيط العظيم شوية واملك الحريّة والمحيط يبقى ف إيدي ساحرة البحر لأ دي هتـ..، هتـ..، لازم إريال
0208,Abdel Halim Hafez,يا قلبي يا خالي (Ya Alby Ya Khali),Egyptian,يا قلبى يا خالي .. جاوب عن سؤالي مشغول من ايه .. وشاغلني ليه ليه ليه .. يا قلبي ليه الدنيا في عيني كانت حلوة .. ايه اللى زود حلاوتها وايه اللى خلاها غنوة .. وايه اللى خلاك غنيتها تفوت ع النور .. تقول مش نور وتعشق نور سواد العين وييجي الليل تحب الليل .. و تنسى الفجر يوم واتنين ليه ليه .. يا قلبي ليه ما يكونش يا قلبي اللى بيجرى .. لغيرك هو اللى جرالك ما تكونش قابلت عنيه مرة .. وميعادهم كان مش على بالك بتنكر ليه .. شاور لي عليه .. أشوفه معاك وأروح وياك تقاسي النار وأنا محتار .. ليه تحرمني أقاسي معاك ليه ليه .. يا قلبي ليه يا قلبي يا خالي
0209,Mohamed Mounir,لا يا ليالي لا (La Ya Layaly La),Egyptian,لا يا ليالي لا لا لا لا لا لا لا تفرقينا ولا من قمرنا لا ومن سهرنا لا لا ولا تسرقينا هيا رحلة ورحنا فيها رحنا فيها هيا رحلة وياما فيها ياما فيها سكة ماشية وعمر ماشي لسه أجمل يوم ماجاشي لا يا ليالي لا.. في الليالي البرد، قربينا لبعض إيد تطبطب إيد تداوي، صوت يونس بالحكاوي لملمينا مالدروب وإسرقينا مالغروب لا يا ليالي لا.. لسه بكره وبعده ألف سؤال ورد لسه ألف طريق وسكة لسه ألف وألف ضحكة خلي قمر السهرة صاحي من براح النور براحي
0210,Amal Maher,خذلني (Khazalny),Egyptian,خذلني في الوقت اللي ابتديت أتمنى العمر يكون معاه خذلني اللي اتخيلته إنه بكرة هيبقالي الحياة قتلني خذلني في الوقت اللي ابتديت أتمنى العمر يكون معاه خذلني اللي اتخيلته إنه بكرة هيبقالي الحياة قتلني أوقات بنتعشم غلط في ناس غلط ووقت للأسف غلط و يبقى غصب عننا .. عيار فلت يا ريته ما الخيال شطح ده باب وجع و أهو اتفتح و بصوا على وشي انطفى قفلني أوقات بنتعشم غلط في ناس غلط ووقت للأسف غلط و يبقى غصب عننا .. عيار فلت يا ريته ما الخيال شطح ده باب وجع و أهو اتفتح و بصوا على وشي انطفى قفلني حبيته ليه ..  حبيته ليه دي حاله يمكن أو مرض يمكن عدوى و سابني ليه و سابني ليه فيه أسئلة توفي الغرض مالهاش جدوى فيه شيء كبير كان بينا قل يمكن مل بقى ع الفراق بيستعجلني و خذلني في الوقت اللي ابتديت أتمنى العمر يكون معاه خذلني اللي اتخيلته إنه بكرة هيبقالي الحياة قتلني أوقات بنتعشم غلط في ناس غلط ووقت للأسف غلط ويبقى غصب عننا .. عيار فلت يا ريته ما الخيال شطح ده باب وجع و أهو اتفتح و بصوا على وشي انطفى و قفلني
0211,Aladdin (OST),(خطوة (إعادة [One Jump Ahead (reprise)] (Khatwa (IAada)),Egyptian,فار سكك، حقير ده انا قلبى كبير لو كانوا بصوا كويس انا من برا فقير بس أنا... عندى حاجات جوايا اكبر بكتير
0212,Moana (OST),أنا موانا [I am Moana] (Ana mawana),Egyptian,في بنت حلوة أعرفها بنت غير كل البنات بتحب البحر وناسها جريئة حبة ساعات يمكن الدنيا تعاكسها والرحلة فيها آلام إنما كل اللي بيحصل بيفيدنا ساعات نتغير في لحظة نتعلم حاجات ترشدنا في صوت جوانا بيفضل يهمس لنا ويفكرنا ولما يوشوش ليكي موانا كملي المشوار موانا اسمعيني ماتنسيش أنتي مين أنا مين؟ أنا بنت بحب جزيرتي أنا بعشق المحيط بيناديني أنا بنت زعيم الجزيرة من نسل أشجع البحارة عدوا زمان كل البحور بينادوني عدت في رحلتي أخطار وفردت قلوعي كل شيء واجهته كان مجهول وقواني واللي كان بيناديني كان دايماً جوايا ده زي الموج اللي بيهدى ويعلى شايلة صورتك في قلبي عشان تفكرني ده مهما كان عارفة الطريق أنا موانا
0213,Hussein Al Jasmi,الفرق كبير (El Farq Kebeer),Egyptian,تصدق إني لسه بأكتشفك و أنا اللي كنت فاكرني عارفك و بأسمع عنك من معارفك و أتاريني كنت يا عيني غلبان من بعيد حلو أه صحيح بس خليني أكون معاك صريح قربك مش بس حلو لا ده كمان مريح روحك باينة في كل مكان و أتاريها الدنيا عندك لسه بخير لسه بخير وأتاري من بره لجوه الفرق كبير آه كبير و يا عيني ع اللي بعيد ده فايته كتير فايته كتير ده أنت يا مصيبة كبيرة طلعت خطير طلعت خطير ما تخليني معاك قاعد شوية دي الدنيا جنبك مِحْلِّوية فيك حتة برضه م اللي هي مع الوقت أديها بتبان الخطوة من عندي لحد عندك و الله بتفرق في حلاوتك ده مفيش حلوين من بعدك ده إنت لوحدك بالمكان و أتاريها الدنيا عندك لسه بخير لسه بخير وأتاري من بره لجوه الفرق كبير آه كبير و يا عيني ع اللي بعيد ده فايته كتير فايته كتير ده أنت يا مصيبة كبيرة طلعت خطير طلعت خطير
0214,Ruby (Egypt),عسل يا ناس (A'asal Ya Nas),Egyptian,ده عسل يا ناس في كريمة بيضرب ليه لما بشوفه الوقت الاقيه هرب صوته لما يناديني بتمزج واتلهي طول ما ببقى جمبه عمري ما بتورب ده عسل يا ناس في كريمة بيضرب ليه لما بشوفه الوقت الاقيه هرب صوته لما يناديني بتمزج واتلهي طول ما ببقى جمبه عمري ما بتورب ماله زي كل مادى اجمد كل مادى احلى كل مادى احلى اي اي حب ده ولا سحله ولا قرصة نحلة ولا قرصة نحلة ماله زي كل مادى اجمد كل مادى احلى كل مادى احلى اي اي حب ده ولا سحله ولا قرصة نحلة ولا قرصة نحلة وياه توهت خالص وبغير وبتفرس بيكملي اللي ناقص وتقوله ده يتدرس دق وداب وسلم وبقيت متسستمه طب راح فين لساني ومعاه ليه بتخرس وياه توهت خالص وبغير وبتفرس بيكملي اللي ناقص وتقوله ده يتدرس دق وداب وسلم وبقيت متسستمه طب راح فين لساني ومعاه ليه بتخرس ماله زي كل مادى اجمد كل مادى احلى كل مادى احلى اي اي حب ده ولا سحله ولا قرصة نحلة ولا قرصة نحلة ماله زي كل مادى اجمد كل مادى احلى كل مادى احلى اي اي حب ده ولا سحله ولا قرصة نحلة ولا قرصة نحلة
0215,Wegz,عاشت الأسامي (Ashet El Asamy),Egyptian,أعلام البطولة أهلي عنوان الرجولة أنا واحد من أهلي اللي الأسطورة بيرسموها أعلام البطولة أهلي عنوان الرجولة أنا واحد من أهلي اللي الأسطورة بيرسموها كانت أحلام و حققناها في ضهر بعض سنين عشناها و الدم أحمر في قلبي إنتصارات مقدرش أنساها الحب اللي جوانا و العيلة اللي مجمعانا و البيت اللي مش حيطان و بس أحلامنا عاشها معانا غنوا، غنوا، غنوهالي دايماً يفضل نسره عالي التاريخ بيخلد إسم أهلي و الإحساس خيالي غنوا، غنوهالي دايماً يفضل نسره عالي التاريخ بيخلد إسم أهلي و الإحساس خيالي كلكوا عارفين مين أهلي و عاشت الأسامي كلكوا عارفين مين أهلي و عارفين فين عنواني كلكوا عارفين مين أهلي و عاشت الأسامي كلكوا عارفين مين أهلي و عارفين فين عنواني عاشت الأسامي بذكريات مابتنتهيش إيه بينك و بينه علشان في قلوبنا تعيش إنتم أساس في قلبي إنتم ناس مابتتنسيش بنعيش علشان نشجع بنشجع علشان نعيش لو إتعاد الزمان هأعيد كلامي تاني هأعيش أحكي أمجادهم، قَدَّرني، البركة في لساني أنا كل سطر في قصة بطلها أهلي و ناسي أهلي ضحوا علشاني، أنا مش هنسالكم كل حياتي آه هأفضل فاكر، عاشت الأسامي مش هبطل أشجع اللي باقي من حياتي متشال على كتاف أبويا مسمع صوت هتافي بعده أنا اللي شايل بعدي إبني على كتافي غنوا، غنوا، غنوهالي دايماً يفضل نسره عالي التاريخ بيخلد إسم أهلي و الإحساس خيالي غنوا، غنوهالي دايماً يفضل نسره عالي التاريخ بيخلد إسم أهلي و الإحساس خيالي كلكوا عارفين مين أهلي و عاشت الأسامي كلكوا عارفين مين أهلي و عارفين فين عنواني كلكوا عارفين مين أهلي و عاشت الأسامي كلكوا عارفين مين أهلي و عارفين فين عنواني
0216,Coco (OST),كلنا عارفين خوانيتا [Everyone Knows Juanita] (Klna earifin khawanita),Egyptian,كلنا عارفين خوانيتا عينيها ألوانها عجيبة بسنان حصان و بدقن ديب و كمان فستانها مجرجر عالأرض !انت غيرت الكلام] [!في معانا قاصر شعرها ليفة مطبخ أما الرجل عود ملوخية و لو شكلي أحسن شوية كان ممكن تفكر فيا [فكرتني بالذي مضى]
0217,Hamza Namira,طال غيابك (Tal Gheyabak),Egyptian,لمّا تسمع غنوة حلوة تلمسك تفتح حكاية إفتكر إحساس قلوبنا لما غنيتها معايا يا غريب في البعد عنك يا قريب و في روحي ساكن كلهم أبعدلي منك بالقلوب مش بالأماكن بأسهر ليالينا بأسمع أغانينا طال غيابك ياللي سايب ذكريات ما بننساهاش لو بيرجع كل غايب يوم رجوعك ليه ماجاش؟ طال غيابك ياللي سايب ذكريات ما بننساهاش لو بيرجع كل غايب يوم رجوعك ليه ماجاش؟ كل مرة بأبقى خايف مِ البعاد لَنضيع و ننسى وأبقى متكتف و شايف واحدة واحدة قلوبنا تقسى بس عهدنا و إتفاقنا كل مرة يفكرونا لو نسينا أو تعبنا أو بِعِدنا يرجعونا أيامنا واحشاني إوعى تغيب تاني طال غيابك ياللي سايب ذكريات ما بننساهاش لو بيرجع كل غايب يوم رجوعك ليه ماجاش؟ طال غيابك ياللي سايب ذكريات ما بننساهاش لو بيرجع كل غايب يوم رجوعك ليه ماجاش؟
0218,4M Band,ديسكو ديفاني (Disco Deewane),Egyptian,(×2) ديسكو.. ديسكو ديسكو ديفاني ديسكو (×6) ديسكو ديفاني [الكورس] ديسكو ديفاني (أها، أها، أها، أها) أوه ديسكو ديفاني (أها، أها، أها، أها) حيرتني بهواك (ديسكو) رقصت قلبي معاك (ديسكو) أما جاشي ولا خيال (ديسكو ديفاني) كده الحياة بتدوب (ديسكو) في طريق مليانة دموع (ديسكو) عمري ما ابطل رقص معاه (ديسكو ديفاني) [الكورس] معادشي فيها خلاص (ديسكو) ما الحب جنة يا ناس (ديسكو) مليان بالسعادة والجمال (ديسكو ديفاني) ده العمر واحد بس (ديسكو) خليها رقص ف رقص (ديسكو) برقص أحلى وأنا وياك (ديسكو ديفاني) [الكورس] ديسكو (×6) ديسكو ديفاني
0219,Amr Diab,الكلمة الحلوة (El Kelma El Helwa),Egyptian,يا لالالي ويا لالالي ويا لالالي ويا لالا يا لالالي ويا لالالي ويا لالالي ويا لالا الكلمة الحلوة عشانك أحلى كلام من قلبي أنا ليك إنت الموضوع يا حبيبي إتفضل أهلاً أهلاً بيك على الدقة الصوت دا له رقة اتكلم بقى وريني قولها وإوعى تقول لأ قولها دي أحلى قصاد عيني دا فيه كلمة تغير دنيا بتغير دنيا بحالها شوف كام واحد أجلها وغلاوتك ندموا عليها آسف، مين قالك إنها ضعف دي بتكبر أوقات لو قلتها مش هنشيل من بعض وهنقصر مسافات دا واحشني لوحدها لو تتقال صدقني بتسوى كتير ليها من الغاليين مفعول السحر وليها أجمل تأثير دا في كلمة تغير دنيا بتغير دنيا بحالها شوف كام واحد أجلها وغلاوتك ندموا عليها أنا ماشي كإني مغمي عينيا خلاص مش شايف غير النغزة الطعمة الضحكة الناعمة الباقي السر في بير وبحبك أيوة بحبك كلمة نقولها ليه نخبيها دا الأجمل نستعجلها، يلا نفرح قلبنا بيها على الدقة الصوت دا له رقة إتكلم بقى وريني قولها وإوعى تقول لأ قولها دي أحلى قصاد عيني دا في كلمة تغير دنيا بتغير دنيا بحالها شوف كام واحد أجلها وغلاوتك ندموا عليها الكلمة الحلوة عشانك أحلى كلام من قلبي أنا ليك
0220,Alice in Wonderland (OST),في بلاد الخيال [In a World of my Own],Egyptian,في العالم بتاعي الأرانب و القطط هتعيش في بيوت جميلة يلبسوا في اليوم هدوم كتيرة في بلاد الخيال و الزهور هيكون فيها سر مستخبي هيكلمني بحكمة لما أشكي و ده كله في بلاد الخيال الطيور تبقى تهدي تسلم لما تهدي في النهار تاخد و تدي أخبار بلاد الخيال صوت الميا نازلة ع الصخور أسمعها غنوة في الفضا بتدور ماهو العالم اللي بتمناه جوه بلاد العجايب و الخيال
0221,Ruby (Egypt),آه من عمايله (Ah Men Amaylo),Egyptian,آه من عمايله فيا كل مرة أقول خلاص لا هيبقى ليّا ولا هأبقى ليه آه ده تاعبني معاه لا عارف أبعد ولا أنساه وقصاد عينيا تملّي ألاقيه آه من عمايله فيا كل مرة أقول خلاص لا هيبقى ليّا ولا هأبقى ليه (آه) آه ده تاعبني معاه لا عارف أبعد ولا أنساه وقصاد عينيا تملّي ألاقيه طب هأعمل إيه بالنار محتار طب هأعمل إيه بالنار محتار معلش يا قلبي إستنى عليه مسيره يِقَّدَرني آه من عمايله فيا كل مرة أقول خلاص وقصاد عينيا تملّي ألاقيه اللي مخليني أنا لسه صابر عليه إنه عشاني بيرجع تاني لما الدنيا بتقسى عليه اللي مخليني أنا لسه صابر عليه إنه عشاني بيرجع تاني لما الدنيا بتقسى عليه طب هأعمل إيه بالنار محتار طب هأعمل إيه بالنار محتار معلش يا قلبي إستنى عليه مسيره يِقَّدَرني آه من عمايله فيا كل مرة أقول خلاص لا هيبقى ليّا ولا هأبقى ليه (آه) آه ده تاعبني معاه لا عارف أبعد ولا أنساه وقصاد عينيا تملّي ألاقيه
0222,Frozen 2 (OST),لما أكبر [When I'm Older] (Lamaa 'akbar),Egyptian,مَن هناك؟ سمانثا؟ هافهم كل حاجة لما هاكبر وهاعرف ليه الدود بيحب المش لا وهافهم في البتنجان وهاقول على اللي كان إنها حاجات عادية ما تخوفش هاعرف كل إجابة لما هاكبر زي ليه اتحبسنا في غابة مالهاش سور؟ وهافهم بعد تلت سنين إن دا كان تخاريف مجانين وان المفروض دلوقتي أكون مسرور (لا مؤاخذة) الهدوء هو التعود فك أسرار الزمان والمكان لما اكبر فهمان هابقى حاسس بالأمان حتى لو راقبني كائن آخر آخر جنان بص كل حاجة هتتفهم لما اكبر عشان هابقى ما باترعبش.. ما باخافش وبمستقبلي هاحلم لما ابقى عجوز وافهم إننا بنكبر وهنفهم اللي ما اتفهم زماان هو ده
0223,Hamza Namira,كده الأيام (Keda El Ayam),Egyptian,كده الأيام كده الأيام كده رحلة سنين العمر كده الأيام كده بتجري السنين و تِمُر تعدي أوام تعبنا والله تعبنا كده الأيام كده الأيام كده رحلة سنين العمر كده الأيام كده بتجري السنين و تِمُر تعدي أوام تعبنا والله تعبنا يوم بنحلف ع الغرام .. ع الغرام و يوم بنرجع في الكلام و يوم يِعَّلِم في القلوب .. في القلوب و يوم بيمشي و السلام يوم بنحلف ع الغرام .. ع الغرام و يوم بنرجع في الكلام و يوم يِعَّلِم في القلوب .. في القلوب و يوم بيمشي و السلام كده الأيام كده الأيام كده رحلة سنين العمر كده الأيام كده بتجري السنين و تِمُر تعدي أوام تعبنا والله تعبنا غريب و لسه ما نعرفوش يفتح لنا ع الجنة باب حبيب و قُلنا ما نبيعوش هو اللي يسقينا العذاب و يوم معانا و يوم علينا تعبنا والله تعبنا غريب و لسه ما نعرفوش يفتح لنا ع الجنة باب حبيب و قُلنا ما نبيعوش هو اللي يسقينا العذاب و يوم معانا و يوم علينا تعبنا والله تعبنا كده الأيام كده الأيام كده رحلة سنين العمر كده الأيام كده بتجري السنين و تِمُر تعدي أوام تعبنا والله تعبنا كده الأيام كده الأيام كده رحلة سنين العمر كده الأيام كده بتجري السنين و تِمُر تعدي أوام تعبنا والله تعبنا
0224,Sharmoofers,"٦،٥ هيبتا (بام بام ازيجلي بام بام) (5,6 Hepta (Hepta Song))",Egyptian,[شارموفرز]: السلام عليكم خمسة ستة هيبتا حوارات موضوعات مفتوحة في كل حتة ألوان كتير من  العلاقات متلغوصين... جوة البالتة بقولك ايه، هو انت سمعت محاضرة هيبتا؟ ولا انت لسة نونة ببزازه و لابس البافتة ايه دة يا جماعة؟ سامع الإذاعة كلام كتير متنطور نفسي بجد يكون إشاعة أعمل مجنون وأقف علي السور أعمل Bye bye هتلاقي البنت علي السطح بفستانها تقول لك Hi إسمة يوسف عندة إكتئاب طفيف مثقف لا وجودي حساس حزين يمكن كفيف [عمرو يوسف]: ضميني خذيني في احضانك انا مش شايف مكانك   … [شارموفرز]: هو انتي بجد؟؟!! [ياسمين رئيس]: آه بجد …وإسمي رؤي مالك مش مكبر حد و داخل فينا شمال مش عاجبك الحال إسمع كلامي الي هيتقال [عمرو يوسف]: بتردي ليه طب ما انا موجود ….ولا انتي ناسيه؟ [شارموفرز]: شكلك شبة البرقوقة [عمرو يوسف]: قصدك شبة القراصية [شارموفرز]: كريم و دينا [جميلة عوض]: إنت هتتريق علينا؟ [ أحمد مالك]: تتريق ليه؟ couple لذيذ و هادي [شارموفرز]: إيه الحلاوة دي؟ [جميلة عوض]: بحبه من تالتة اعدادي، يا حمار [شارموفرز]: إيه الشقاوة دي؟ [أحمد مالك]: والموضوع ما مشيش وعادي [شارموفرز]: ليه الرزالة دي؟ [شارموفرز]: أنا مش هتريق عليكوا علي فكرة انتوا تمام في ناس مريبة تستاهل الكلام [شارموفرز]: هو اسمه ايه؟ الفنان كان اسمه ايه؟ اسمة رامي دخل دخلة حرامي شكله اتكسف من كلامي بس لسة واقف قدامي لية ؟؟؟؟ أنه الفنان الملطخ بالألوان الساحر الدجال قدامة المستخبي يبان [ أحمد داوود]: إيه ياعم انت! ماله فيلم هيبتا؟ تتريق عليا و داخل عامل فيها جتة! [شارموفرز]: زادت الاقاويل نتفق نعمل Deal… [أحمد داوود]: متتكلمش تاني و انا ارسمك علي المنديل [شارموفرز]: هولا علا مالك بالناس دوله، ركبك الوزه وقالك يلا بينا نلعب بوله كان بيهيس بالليل وماسك موبايلة علي الwhatsapp قالك كلمتين رحتي انتي فاتحة الباب وقلعتي الحجاب وكمان خطيبك إتساب رجع  Single للشباب [دينا الشربيني]: هههمممممممممم حاسه بالنفسنة أنا أنا شامة ريحة الشمتنة تعالى هنا الكلام بين انت وأنا علي ال Beat دة سيكا إسمع الكلام مع المزيكة [دينا الشربيني]: زمباليجي زامبالوجو ايزي ماما أتجوز موجو مش فاهمين أي كلام خليهولك لما نعوزه [عمرو ودينا]: سمك لبن تمر هندي شوية ملح كريمة لباني [عمرو يوسف]: باسمع الاغاني عامل فيها من كوكب تاني
0225,Sheikh Emam,فاليري جيسكار دستان (Valéry Giscard d'Estaing),Egyptian,فاليرى جيسكار ديستان و الست بتاعه كمان هيجيب الديب من ديله و يشبع كل جعان يا سلاملم يا جدعان ع الناس الجنتلمان د احنا هنتمنجه واصل و هتبقا العيشه جنان التليفزيون هيلون و الجمعيات تتكون و العربيات هتمون بدل البنزين بارفان و هتحصل نهضه عظيمه و هنبقا الاجه و قيمه و هتحصل نهضه عظيمه و هنبقا علينا القيمه ف المرسح او ف السيما او ف جنينة الحيوان و هتبقا الأشيا زلابيه و لا حوجه لسوريا و ليبيا و هنعمل وحده أرابيا مع لندن و الفاتيكان و الفقرا هياكلو بطاطا و هيمشو بكل ألاطه و بدال ما يسمو شلاطه هيسمو عيالهم جان و دا كله بفضل صديكى ديستان الرومانتيكى و لا حدش فيكو شريكى ف المسكن و السكان و لا حدش فيكو شريكى ف المسكن و السكان
0226,Mayada El Hennawy,دوا عيني (Dawa Einy),Egyptian,دوا عيني ودوا أشواقي وسر غرامي عيونك أنت دوا قلبي فى عز الآمي ومعنى حياتي غرامك أنت دوا عيني ودوا اشواقي وسر غرامي عيونك أنت دوا قلبي فى عز الآمي ومعنى حياتي غرامك أنت انا بنسى الدنيا عشانك وأنت الى ساقتني حنانك انا بنسى الدنيا عشانك وانت الى سقتني حنانك وغلاوتك عندى فى لوقايا وبعدى وغلاوتك عندى فى لوقايا وبعدى وغلاوتك عندى فى لوقايا وبعدى يا عينى يا سيدى من قلبى بحبك ايوه بحبك انت يا حبيبى حبيبى ياحبيبى حبيبى ياحبيبى ياحبيبى باشتقلك ليل ونهار والشوق اقوى من النار باشتقلك ليل ونهار والشوق اقوى من النار مابقاش فى ايدايا أختار حبيت وحكايتي حكاية باشتقلك ليل ونهار والشوق أقوى من النار باشتقلك ليل ونهار والشوق أقوى من النار مابقاش فى ايدايا أختار حبيت وحكايتي حكاية أنا بنسى الدنيا عشانك وأنت إلي سقتني حنانك أنا بنسى الدنيا عشانك وأنت الي سقتني حنانك وغلاوتك عندي فى لوقايا وبعدي وغلاوتك عندي فى لوقايا وبعدي وغلاوتك عندي فى لوقايا وبعدي يا عيني يا سيدى من قلبي بحبك أيوه بحبك أنت يا عيوني عيوني يا عيوني يا عيوني يا روحي يا عيوني سيدي  سيدي سيدي سيدي اه يا سيدي يا عيوني يا روحي يا عيوني يا عيوني يا أغلى الناس حبك ع العين الراس آه سيدى يا أغلى الناس حبك ع العين والراس ارميني فى بحر هواك أسقيك من نبع هوايا يا عيوني يا أغلى الناس حبك على العين الراس سيدي سيدي يا أغلى الناس حبك على العين والراس ارمينى فى بحر هواك اسقيك من نبع هوايا أنا بنسى الدنيا عشانك وأنت إلي سقتنى حنانك أنا بنسى الدنيا عشانك وأنت الى سقتنى حنانك وغلاوتك عندى فى لوقايا وبعدي وغلاوتك عندي فى لوقايا وبعدي يا عيني يا سيدي من قلبي بحبك أيوه بحبك أنت
0227,Dumbo (OST),روح ماما [Baby Mine] (Roh Mama),Egyptian,روح ماما ما تبكيش روحي ما تزعلنيش احضني انسى الأحزان ذوق الحنان، يا روح ماما ما تصدقش اللى تقال العب وافرح، اومال خلى عينك تلمع كمان وانسى اللى كان، يا روح ماما احلى منك مفيش روح ماما اغلى منك مليش روح ماما فى عينيا دايما جميل واحلى فيل روح ماما
0228,Kareem Abd El-Wahab,ناركو فايرة (Narko Fairah),Egyptian,لسه الحديث  ممدود لسه النفس فيه حيل وحقنا  مردود وغضبنا نازل سيل مشوار واديه طولان وانت اللي فيه غرمان حاذر من الخية ماتصيدش غير كربان ناركوا فايرة وعقولكوا حايره واديها لسا العركة دايرة الخوف ناخركوا  علشان فاكركوا صاحي مذاكركواومفيش مسايرة ايدكوا قوية طايحين أذيه بس اللي أقوي صاحب القضية تحميني كلمة تإذيكوا كلمة والفرق بينا مالأصل كلمة الله أكبر في التمثيلية عاملين ضحية وانتوا الحقيقة ثعبان وحية ضمايركوا باينة من غير معاينة حكايتنا باقية حكايتكوا فانية الرب واحد والعمر واحد واتتوا بحالكو يرعبكوا واحد
0229,Amr Diab,خلص على قلبي (Khallas 'Ala Alby),Egyptian,قُربك يِتّاخِد دَوا من غير ما أسأل دكتور غيرك عندي ولا الهوا لا هَلِف معاك ولا أدور أنت الحلوين كلهم بجمالهم على بعضهم جيت أنت و سَفَرتُهُم من غير ختم و باسبور خَلَص على قلبي كمان خَلَص ده الدلع اللي بييجي يخَلَص إعلى لي كمان عَلِّي العالي يا جايب من الأخر و مخَلَّص خَلَص على قلبي كمان خَلَص ده الدلع اللي بييجي يخَلَص إعلى لي كمان عَلِّي العالي يا جايب من الأخر و مخَلَّص يا مِعَّلي في نفسيتي و مخِلّي مزاجي تمام أنا طول ما إنت في دنيتي رايق مية سنة قدام و اللي زمان أنا شوفتهم عجبوني و عجبتهم جيت إنت و زعلتهم يالا أهي كانت أيام خَلَص على قلبي كمان خَلَص ده الدلع اللي بييجي يخَلَص إعلى لي كمان عَلِّي العالي يا جايب من الأخر و مخَلَّص خَلَص على قلبي كمان خَلَص ده الدلع اللي بييجي يخَلَص إعلى لي كمان عَلِّي العالي يا جايب من الأخر و مخَلَّص خَلَص على قلبي كمان خَلَص ده الدلع اللي بييجي يخَلَص إعلى لي كمان عَلِّي العالي يا جايب من الأخر و مخَلَّص خَلَص على قلبي كمان خَلَص ده الدلع اللي بييجي يخَلَص إعلى لي كمان عَلِّي العالي يا جايب من الأخر و مخَلَّص
0230,Hamza Namira,مش سليم (Mesh Saleem),Egyptian,جزء كان تعبان و خَف و جزء لسه للأسف كان زمان عفريت دفنته بعد فترة رجعلي ألف مش يا ماضي لسه سايبك إيه بقى تاني اللي جايبك كنت ماشي خلاص كويس مرّة واحدة شريطي سَف تاني تاني إرجع يا ماضي تاني يلا فكرني إن أنا لسه واقف مكاني عادي عادي أصلي إتعودت عادي هات بقى أخرك ما هو يا أنا يا إنت الليلة دي تاني تاني إرجع يا ماضي تاني يلا فكرني إن أنا لسه واقف مكاني عادي عادي أصلي إتعودت عادي هات بقى أخرك ما هو يا أنا يا إنت الليلة دي مش قفلنا الصفحة ديّه و إتفقنا خلاص يا وَحش مش ردمنا على قديمنا غطيناه بتراب و قَش شفتني عايش في وِحدة قلت ترجع واحدة واحدة كل حبة تغيب وتيجي تنُط لي وعاملني عِش و تاني تاني إرجع يا ماضي تاني يلا فكرني إن أنا لسه واقف مكاني عادي عادي أصلي إتعودت عادي هات بقى أخرك ما هو يا أنا يا إنت الليلة دي و تاني تاني إرجع يا ماضي تاني يلا فكرني إن أنا لسه واقف مكاني عادي عادي أصلي إتعودت عادي هات بقى أخرك ما هو يا أنا يا إنت الليلة دي عارف إني مش سليم لسه غارز في القديم لسه كل ليلة بدخل ويّا نفسي في سين وجيم قوللي عاوز إيه جاوبني روح لحالك ليه تاعبني مرّة واحدة سبني أمشي و أدوس على الماضي الأليم و تاني تاني إرجع و إكسرني تاني يلا فكرني إن أنا لسه واقف مكاني عادي عادي أصلي إتعودت عادي هات بقى أخرك ما هو يا أنا يا إنت الليلة دي و تاني تاني إرجع يا ماضي تاني يلا فكرني إن أنا لسه واقف مكاني عادي عادي أصلي إتعودت عادي هات بقى أخرك ما هو يا أنا يا إنت الليلة دي (يا إنت)
0231,The Princess and the Frog (OST),(فى نيو اورلينز (بداية [Down in New Orleans (Prologue)] (Fe New Orleans (Bedaya)),Egyptian,النجمه اهو .. بتلالي فوق اتمنى وقول .. من قلبك قول الدنيا حتسمع ليك وتنول كل اللي نفسك فيه
0232,The Jungle Book (OST),ثق فيا [Trust In Me] (Thiq Fiya),Egyptian,بس أنا مش زي التانيين اللي عاملين اصحابك انت تقدر تعتمد عليا خايف ليه؟ ثق فيا ده أنا أفديك لو بعنيه خد بالك هشيلك فعنيه خد مني حنية هسهر لحراستك لو نمت طول مانا وياك اطمنت ماتخفش يا صاحبي هفضل جمبك فين ما كنت بدأت تنام؟ آسف خايف ليه؟ ثق فيا أنا أفديك لو بعنيه
0233,Al Massrieen,لما ابتدينا نغني (Lama Ebtadena Neghany),Egyptian,لما ابتدينا نغني .. قلنا بحبك لا قالوا علينا بنحلم .. الحلم حققناه احنا اتولدنا بنضحك .. احنا أمل وحياة .. احنا أمل وحياة الغنوة بالنسبة لنا .. عالم بلا أسوار كل الزهور حقيقية .. والفجر والأنوار وما فيش سما صناعية .. ما فيش غيوم وسحاب .. ما فيش دموع وعذاب جبنا لغنوتنا .. زهور جناينا .. ضحكة طفولتنا .. أول أمل لينا جبنالها إحساسنا .. كل مشاعرنا .. أصدق تجاربنا .. وحلم عاش فينا هنغني للعالم .. على طريقتنا نخلق بغنوتنا .. دنيا من الأنغام .. دنيا من الأحلام في وسط كون حيران .. عيشنا أمل وحياة لما ابتدينا نغني .. قلنا بحبك لا قالوا علينا بنحلم .. الحلم حققناه احنا اتولدنا بنضحك .. احنا أمل وحياة .. احنا أمل وحياة الغنوة معبدنا .. وقلوبنا فيها شموع بنحس من غيرها .. أجسادنا من غير روح وفيها أوطاننا .. وركننا الدافي .. وأرض أحلامنا .. عايشة وبتنادي هنغني للعالم .. على طريقتنا نخلق بغنوتنا .. دنيا من الأنغام .. دنيا من الأحلام في وسط كون حيران .. عيشنا أمل وحياة لما ابتدينا نغني .. قلنا بحبك لا قالوا علينا بنحلم .. الحلم حققناه احنا اتولدنا بنضحك .. احنا أمل وحياة .. احنا أمل وحياة هاتمر بينا سنين .. تتغير الألوان .. تتبدد الأوهام .. يمكن نكون عايشين هييجوا ناس تانيين .. نفس المكان واقفين .. في ليلة تحت الضوء .. هيغنوا حلم جديد ويغنوا للعالم على طريقتهم .. ويعيشوا دنيتهم .. دنيا من الأنغام .. دنيا من الأحلام وفي وسط كون فرحان .. هيغنوا للإنسان لما ابتدينا نغني .. قلنا بحبك ** كان سهل جداً نكدب .. لكن بحبك ** احنا اتولدنا بنحلم .. الحلم حققناه .. الحلم حققناه الغنوة بالنسبة لنا .. عالم بلا أسوار كل الزهور حقيقية .. والفجر والأنوار وما فيش سما صناعية .. ما فيش غيوم وسحاب .. ما فيش دموع وعذاب لما ابتدينا نغني .. قلنا بحبك لا قالوا علينا بنحلم .. الحلم حققناه احنا اتولدنا بنضحك .. احنا أمل وحياة .. احنا أمل وحياة
0234,The Princess and the Frog (OST),ما بيل ايفانجلين [Ma Belle Evangeline] (Ma Belle Evangeline),Egyptian,بتنور في الظلمه .. الليل ما بيل ايفانجلين بعيده عني لكن .. قلبها دقته معروف لمين جيتادور .. جوتيم .. ايفانجلين انتي في عز الليل .. خيال جميل ازاي في جمالها تكون .. بتحب راي المسكين مشوار الحب في قلبك .. وحبيتها ايفانجلين غنو عن الحب .. احلى مافي القلب تسوى ايه الدنيا لو نسيناه ؟ بتنور في الظلمه .. الليل .. بحبك ايفانجلين
0235,Mohamed Henidy,كاجولوه (Kajweloh),Egyptian,او اوو اووو او اوو او اوو اووو او اوو لبسوني و روقني عايز البنت تموت لمّا تشوفني او اوو اووو او اوو اصرفوا ما تخافووش بلوبلاك و مخطط و كارووه كاجولوه اوه اوه روشنوه اوه اوه كاجولوه اوه اوه روشنوه اوه اوه لبّسوه أمريكوه اوه اوه او او اوه اوه اوه اوه اوه اوه اوه اوه اوه اوه حسين.. عايز قميص، الكمام فيرزاتشي و باقية القميص فيرزاتشي ايــــــــــــــه أووووووه ايــــــــــــــه أووووووه مش عايز ابقى جاكسون ولا عايز ابوس مادونا انا عايز بس اروشِن واتهنّى و اخش دُنيا يا ريتك تبقى جاكسون يا ريت تبوس مادونيا انا عايز بس اروشِن واتهنّى و اخش دُنيا طالع لجدود جدودوه أصيل و زي ابوووه كاجولوه اوه اوه روشنوه اوه اوه كاجولوه اوه اوه روشنوه اوه اوه لبّسوه أمريكوه اوه اوه او او اوه اوه اوه اوه اوه اوه اوه اوه اوه اوه بص يا حسين، انا عايز الشراب من فوق فيرزاتشي ومن تحت فيرزاتشي ايـــــــــــــــه أوووووووووووه سينوتي وكاب ونايكي ونضارات ريبان هوليوود يابنت خالتي جايلك راكب حصان سينوتي وكاب ونايكي ونضارات ريبان هوليوود يابنت خالتي جايلك راكب حصان هتسوقي علي عوقك، هلعبلك كونج فوو كاجولوه اوه اوه (يلا) روشنوه اوه اوه (ياعيني ع الفقير ياولداه) كاجولوه اوه اوه (ايوه) روشنوه اوه اوه (ايووه) لبّسوه أمريكوه (ياريت) اوه اوه او او اوه اوه اوه اوه اوه اوه اوه اوه اوه اوه الله يمسيك يابا الحاج دهشوري بالخير مافيش عِمة فيرزاتشي ؟ فيرزاتشي مات يا خلف يا عين امك يا فيرزاتشي
0236,Mufasa: The Lion King (OST),باي باي [Bye Bye] (Egyptian Arabic) (Bye Bye),Egyptian,أنت مش ملك يا كداب في الضل نايمان عامل سبع وهايمان يعدي السما بدر جديد في الليل و النهار مالوش في الهزار و أنا زيـه جبار ضنايا مات وقت الغروب فات هشوف جوا عنيك أخر نظرة ليك و بعدها باي باي يلا روح باي باي أطلع الأشجار وفي كل الأغوار و هبعتك باي باي و هبعتك باي باي كل شئ في إيديا باي باي شايفه نور حواليا معناه دايرة الحياة بالمفتشر نقول يا قاتل يا مقتول و شوف الجوارح  هيا يبحوموا من فوقك وفي  لحظة ينقضوا دا نفس اللي في أرضي اهرب بعيد أهرب بعيد هشوف جوا عنيك أخر نظرة ليك و بعدها باي باي و يلا روح باي باي أطلع الأشجار وفي كل الأغوار و هبعتك باي باي تروحوا في الباي الباي باي باي ورايا انتقام ولو جي موتي قوام عمري ما هموت .. كابوس بيِفزَعك كده كده لو تحاول منه تقوم يثَبتِك باي باي (مش قدنا) باي باي باي باي
0237,Ruby (Egypt),خد بوسة (من فيلم عصابة الماكس) (Khod Bosa (from Esabet el Max movie)),Egyptian,قولوا للمتغاظ إن إحنا اتعودنا خلاص أصل مافيش حد بيشبهنا إيش جاب بلي لجمباظ قولوا للمتكاد إحنا على أتم استعداد تسمع مننا كلمة تضايقك لولا إن مافيش ألفاظ وقولوا له خد بوسة وانسى الحوسة اللي انت وقعت فيها خد بالك أنا جايالك اتدلع عليك ما صعبت عليا يا جدع يا ضعيف قدام الدلع وطالما طلعت بتضعف هفضل أدلع فيك خد بوسة وانسى الحوسة اللي انت وقعت فيها خد بالك أنا جايالك اتدلع عليك ما صعبت عليا يا جدع يا ضعيف قدام الدلع وطالما طلعت بتضعف هفضل أدلع فيك قولوا للمقموص إن احنا جايين مخصوص الدنيا عشان نشغل فيك ونضايقك وقت أما نعوز قولوا للغيران غير مننا بقى حبة كمان يا صغنن روح خد كورسات بطلنا خلاص ندي دروس وقولوا له خد بوسة وانسى الحوسة اللي انت وقعت فيها خد بالك أنا جايالك اتدلع عليك ما صعبت عليا يا جدع يا ضعيف قدام الدلع وطالما طلعت بتضعف هفضل أدلع فيك خد بوسة وانسى الحوسة اللي انت وقعت فيها خد بالك أنا جايالك اتدلع عليك ما صعبت عليا يا جدع يا ضعيف قدام الدلع وطالما طلعت بتضعف هفضل أدلع فيك
0238,Fayza Ahmed,يا تمر حنة (Ya Tamr Henna),Egyptian,يا تمر حنة يا تمر حنة خليتي بينا وبعدتي عنا يا تمر حنة يا تمر حنة خليتي بينا وبعدتي عنا الورد كله كسا الجنانين واشمعنى انتي اللي شاردة منا الورد كله كله كسا الجنانين واشمعنى انتي انتي اللي شاردة منا يا تمر حنة يا تمر حنة بالليل بنسأل وبالنهار علشان نبلغ شوق الأحِبة وطال عليهم الانتظار ولا فيش فى قلبك ريحة المحبة بالليل بنسأل وبالنهار علشان نبلغ شوق الأحِبة وطال عليهم الانتظار ولا فيش فى قلبك ريحة المحبة كنتي شمعتنا كنتي نور بيتنا كنتي سامرنا وانفض سامرنا الورد كله كله كسا الجنانين واشمعنى انتي انتي اللي شاردة منا الورد كله كله كسا الجنانين واشمعنى انتي انتي اللي شاردة منا ياتمر حنة ياتمر حنة سألت عنك فى كل ناحية ما حد طمن قلبى عليكي وقالوا ماتت وقالوا صاحيه وياما قالوا وعابوا فيكي سألت عنك فى كل ناحية ما حد طمن قلبى عليكي وقالوا ماتت وقالوا صاحيه وياما قالوا وعابوا فيكي كنتي شمعتنا كنتي نور بيتنا كنتي سامرنا وانفض سامرنا الورد كله كله كسا الجنانين واشمعنى انتي انتي اللي شاردة منا الورد كله كله كسا الجنانين واشمعنى انتي انتي اللي شاردة منا ياتمر حنة ياتمر حنة الحب عمره ما يتتاقل ياليل ياليل ياليل بالمال الحب بالحب مش بالدبله والخلخال ما يتمر العيش فى خاين العيش ولا العشره ولو سقيته حلاوة الشهد فى فنجان يالليل يالليل يالليل كنتي شمعتنا كنتي نور بيتنا كنتي سامرنا وانفض سامرنا الورد كله كله كسا الجنانين واشمعنى انتي انتي اللي شاردة منا الورد كله كله كسا الجنانين واشمعنى انتي انتي اللي شاردة منا ياتمر حنة ياتمر حنة ياتمر حنة ياتمر حنة
0239,Amr Diab,سبتك (Sebtak),Egyptian,سبتك و قلت هما يومين و مسيري هأرتاح و هأنسى مش عارف إزاي و بعد سنين حضنك بيوحشني لسه سبتك و قلت هما يومين و مسيري هأرتاح و هأنسى مش عارف إزاي و بعد سنين حضنك بيوحشني لسه بأموت حبيبي تعالى مشتاق لكل ما فيك خلاص تعبت كفاية ماتقولش هنت عليك بأموت حبيبي تعالى مشتاق لكل ما فيك خلاص تعبت كفاية ماتقولش هنت عليك إرجع هتمشي تاني لفين ما كفاية رجعني وياك لأحلى سنين، دلوقتي ماتقولش بكرة إرجع هتمشي تاني لفين ما كفاية رجعني وياك لأحلى سنين، دلوقتي ماتقولش بكرة بأموت حبيبي تعالى مشتاق لكل ما فيك خلاص تعبت كفاية ماتقولش هنت عليك بأموت حبيبي تعالى مشتاق لكل ما فيك خلاص تعبت كفاية ماتقولش هنت عليك سبتك و قلت هما يومين و مسيري هأرتاح و هأنسى مش عارف إزاي و بعد سنين حضنك بيوحشني لسه سبتك و قلت هما يومين و مسيري هأرتاح و هأنسى مش عارف إزاي و بعد سنين حضنك بيوحشني لسه بأموت حبيبي تعالى مشتاق لكل ما فيك خلاص تعبت كفاية ماتقولش هنت عليك بأموت حبيبي تعالى مشتاق لكل ما فيك خلاص تعبت كفاية ماتقولش هنت عليك بأموت حبيبي تعالى مشتاق لكل ما فيك خلاص تعبت كفاية ماتقولش هنت عليك بأموت حبيبي تعالى مشتاق لكل ما فيك خلاص تعبت كفاية ماتقولش هنت عليك
0240,Maya Diab,عيش أحلى سنين (Eiish Ahla Snin),Egyptian,عيش أحلى سنين في حياتك يلا ما تستناش مين تبقى الجنة قصاده شايفها و ما يعيشهاش وسط ناس حابينا واللي يجمع بنا فرحة عشنا بنرسم تفاصيلها ويا بعض سنين ضحكة صافية و حلوة دنيا زي الغنوة حاجة زي الحلم وبنعيشها احنا الاتنين بينا نلغي كلمة أحزان من جوة قاموسنا بينا نفرح ونصدق احساسنا وننسى زمان وليالي زمان انا و انت ونجوم الليل ايه اللي ناقصنا غنينا وضحكنا ورقصنا وزرعنا الفرحة في كل مكان عيش أحلى سنين في حياتك يلا ما تستناش مين تبقى الجنة قصاده شايفها و ما يعيشهاش وسط ناس حابينا واللي يجمع بنا فرحة عشنا بنرسم تفاصيلها ويا بعض سنين ضحكة صافية و حلوة دنيا زي الغنوة حاجة زي الحلم وبنعيشها احنا الاتنين بينا نلغي كلمة أحزان من جوة قاموسنا بينا نفرح ونصدق احساسنا وننسى زمان وليالي زمان انا و انت ونجوم الليل ايه اللي ناقصنا غنينا وضحكنا ورقصنا وزرعنا الفرحة في كل مكان بينا نلغي كلمة أحزان من جوة قاموسنا بينا نفرح ونصدق احساسنا وننسى زمان وليالي زمان انا و انت ونجوم الليل ايه اللي ناقصنا غنينا وضحكنا ورقصنا وزرعنا الفرحة في كل مكان وزرعنا الفرحة في كل مكان
0241,Pocahontas (OST),في مفترق النهر [Just Around The Riverbend] (Fî muftaraqi-n nahri),Egyptian,"إعتاد النهر منذ زمان لا ينزله مرتين إنسان فماء النهر متغير وما يحير فلتغيير هم رافضون للماضي عاشقون مع أن هذا يؤخر لو نفكر أرى أمامي الأحلام تقف في مفترق النهر تمام أرى تريقين في مفترق النهر تمام أمضي إلى أين, من سيجاوبني؟ أحتار ما بين عقلي أم حلمي القديم يا واهب الأحلام قل لي, أرجوك, قل لي أنا أشعر به خلف الأشحار, لطيفه ليلا ونهار وأراه يقف عند الشلال فوق الجبال تراني الآن في انتظار أن يصل من البحار لتجمع الأيام بيننا في مفترق النهر هنا في مفترق النهر هنا أمام طريقين في مفترق النهر هنا أمضي إلى أين, من يجاوبني؟ أحتار ما بين عقلي أم حلمي في مفترق النهر هنا في مفترق النهر هنا هل أمشي طريقا مرسوم؟ ثابتا مفروضا علي ولما أتجوز كوكوم؟ وأفقد حلمي الوردي هل ستحظى أيامي بزوج أحلامي هنا حول نهر الأحلام"
0242,Hamza Namira,قرار شخصي رقم ١ (Qarar Shakhsy Rakam 1),Egyptian,قرار شخصي رقم واحد و ما تفكرش تحاسبني أنا مش هأجري ورا حاجة عشان أعصابي محتاجة أعيش بطريقة تناسبني بأصالح نفسي على نفسي و ماشي العمر تدريجي و بأخد سكتي عادي مافيش أحلى من العادي و تيجي زي ما تيجي محصلة بعضها الدنيا و فَرقَها مش مَهول و لو سألوني يوم عنها أنا مضطر أقول محصلة بعضها الدنيا و فَرقَها مش مَهول و لو سألوني يوم عنها أنا مضطر أقول مافيش حاجة بتستاهل أكون زعلان أوي جداً أكون فرحان أوي جداً أكون قلقان أوي جداً مافيش حاجة بتستاهل أكون زعلان أوي جداً أكون فرحان أوي جداً أكون قلقان أوي جداً و بأتصاحب على الأيام و ييجي الليل و قبل ما أنام أفكر عايز إيه تاني أقول ولا حاجة نقصاني أنا مرضي و كله تمام يهِّل النور أقول سلامات بحب اللحظة دي بالذات تعالي يا دنيا نتسابق و مين يكسب ماهوش فارق بتشبه بعضها الحكايات تِبَوَّخ دنيتي أضحك ولا بسألها ليه و بسأل نفسي ع المكسب خسرت قصاده إيه تِبَوَّخ دنيتي أضحك ولا بسألها ليه و بسأل نفسي ع المكسب خسرت قصاده إيه مافيش حاجة بتستاهل أكون زعلان أوي جداً أكون فرحان أوي جداً أكون قلقان أوي جداً مافيش حاجة بتستاهل أكون زعلان أوي جداً أكون فرحان أوي جداً أكون قلقان أوي جداً ما بأهربشي و أهرب ليه أنا إخترت الحياة تتعاش و بأتعلم طريقي منين و ما إتعلمتهاش ببلاش ما أخليش حاجة تملُكني ولا حاجة تبكيني و لو جت حاجة تجرحني هييجي يوم تقويني مافيش حاجة بتستاهل أكون زعلان أوي جداً أكون فرحان أوي جداً أكون قلقان أوي جداً مافيش حاجة بتستاهل أكون زعلان أوي جداً أكون فرحان أوي جداً أكون قلقان أوي جداً مافيش حاجة بتستاهل أكون زعلان أوي جداً أكون فرحان أوي جداً أكون قلقان أوي جداً مافيش حاجة بتستاهل أكون زعلان أوي جداً أكون فرحان أوي جداً أكون قلقان أوي جداً
0243,Frozen (OST),ولي اول مرة في عمري [For the First Time in Forever],Egyptian,فتحوا الشبابيك والبيبان وده عمره ما بيحصل في العموم اتاري عندي اهلي صحون كتير انا اصحي وابات مشفتش في بيتنا حفلات فتحوا اخيرا عندنا الابواب هنشوف ضيوف في بيتنا وده شئ طبعا غريب وعشان نتعود محتاجة تدريب ودي اول مرة انا هفرح بلمزيكا والانوار واول مرة هكون برقص وسط ضيوف كتار خوف ده ولا سعادةولا احساس مجهول ودي اول مرة هكون مش لوحدي علي طول الليلة هلبس الفستان كأني زهرة في البستان وشكلي هايجيب اخر جمال بشوفه قاعد زي امير وشه كأنه بدر منير هاكل واعمل نفسي مش شايفاه وبعد كدة نضحك ونغني ومن غير استأذان يدخل قلبي وميدقش ببان ودي اول مرة في عمري وهنسي فيها الاحزان واول مرة في عمري يحس قلبي بلحنان انا بتمني حاجة غريبة اني احلم بحبيب واول مرة في عمري جايز يبقي لي نصيب سر الجليدمتكشفيش عيشي زي  ماشعبك بيعيش داري الاحساس حطي قناع لومرة غلطي سرك هيتزاع لو عملتي اخطاء لو عملتي اخطاء هتبقي من الاعداء هتبقي من الاعداء كل الحراس هيفتحوا الابواب الابواب ولاول مرة في عمري سر الجليد ميكشفش هيجيلي اللي بتمناه عيشي زي شعبك مايعيش ودي فرصة انسي انا فيها الاخران داري واتمتع بلحياة داري احساسك وخبيه عندي النهاردة فرصة قبل مايقفلوا الابواب عشان دي اول مرة في عمري ايوة اول مرة في عمري يفتحولي طريق
0244,Moana (OST),المجهول بيناديني (إعادة) [How Far I'll Go (Reprise)] (almjhwl bynadyny (e'eadh)),Egyptian,أنا حاسة بموج المحيط بيناديني ممكن أشوف اللي مش معروف حاسة مدري أدور عن المجهول ومش حاخاف ومهما أشوف حفضل أقوم مهما أبعد فيه في طريق أمشي ده اختيار أخدته ومش هاتوه عنه مهما كان مجهول ولا مش معقول عاوزة أمشي فيه شايفة نورها هناك في المحيط بيناديني وصوت بيكون أروح على طول القمر نوره جا وحينور طريقي وادي ها معاه وأنا وياه!
0245,Tamer Hosny,واحشني يابن اللذينه (Waheshny Ya Ebn El Lazeena),Egyptian,تيجي نتعرف على بعض كده من اول وجديد ونعيد لحظة سلامنا لما الايد كانت حاضنه الايد تيجي نتعرف على بعض كده من اول وجديد ونعيد لحظة سلامنا لما الايد كانت حاضنه الايد آه واسأل من تاني .. اسمك ايه في حد في حياتك حبيبي ولا ايه ومش مهم مين فينا اللي زعل تاني واحشني يابن اللذينه ارجعلي بعدك بعاني ومش مهم مين فينا اللي زعل تاني واحشني يابن اللذينه ارجعلي بعدك بعاني من الناس تيجي اخدك ونمشي ونرجع حياتنا تاني وتنام الليل في حضني كالعاده بنسمع اغاني من الناس تيجي اخدك ونمشي ونرجع حياتنا تاني وتنام الليل في حضني كالعاده بنسمع اغاني آه واسأل من تاني .. اسمك ايه في حد في حياتك حبيبي ولا ايه ومش مهم مين فينا اللي زعل تاني واحشني يابن اللذينه ارجعلي بعدك بعاني ومش مهم مين فينا اللي زعل تاني واحشني يابن اللذينه ارجعلي بعدك بعاني
0246,Americana Show,الدنيا ريشة في هوا (El Donya Risha F Hawa),Egyptian,الدنيا ريشة ف هوا طايرة بغير جناحين إحنا النهارده سوا وبكره حنكون فين في الدنيا؟ ياما ناس بتتقابل من غير معاد يجمع بينهم وناس بتتحايل على الفراق يبعد عنهم بيضمهم بإيديه ويتفرقوا حواليه سبب لقاهم ايه؟ وكان فراقهم ليه؟ ياللي بتسأل عن الحياة خدها كده زي ما هي فيها ابتسامة وفيها آه فيها أسية وحنية ياما الحياة فيها للي بيشكيها واللي بيرضيها واللي يقاسيها
0247,Amir Eid,أنا الأهلي (Ana Al Ahly),Egyptian,أنا الأهلي اللي كان و الحاضر أنا الإسم اللي هز جبال من الأول لحد الأخر هيفضل مصنع الأبطال أنا قد الحياة و تحدي و لسه عندي قوة و عندي أعدي ألف سد و أعدي أقوم و أطلع و أهد جبال أنا الإسم اللي لف الدنيا و ماضي تيشيرت في اليابان بطل عدى حدود أفريقيا و لسه في قلبه حلم كمان في ضهري و من سنين قواني قلوب إدت كتير علشاني أنا الأهلي اللي صان العشرة دهب مش قشرة ولا بهتان بدايتي و كانت كده بَلِف سنين كل ده و لسه في أكتر من كده سنين وهابنيها أنا اللي هكمل كمان في ضهري كتير من زمان معايا جماهيري بتسند بيها [محمود الخطيب عند إعتزاله] ألف شكر ... ألف شكر [جماهير الأهلي] بيبو بيبو بيبو بيبو [كورس] أهلي أهلي أهلي أنا الأهلي اللي رَبَّى وعَلِّم بكلمة حب مسموعة و جيل من بعد جيل بيسلم و رايتي تملّي مرفوعة أنا النجم اللي فوق في العالي أنا اللي مفيش إيدين واصلة لي أنا روح الفانلة الحمرا و أنا الناس اللي عايشة لي أنا الأهلي اللي سابق دايماً و دايماً سكتي قصادي و مهما الدنيا بتعطلني بأوصل برضه في معادي لا قدرت يوم ظروف تحبطني ولا صوت عالي بيسكتني أنا صوتي اللي لف الدنيا و لسه بيعلي وينادي بدايتي و كانت كده بَلِف سنين كل ده و لسه في أكتر من كده سنين وهابنيها أنا اللي هكمل كمان في ضهري كتير من زمان معايا جماهيري بتسند بيها بدايتي و كانت كده بَلِف سنين كل ده و لسه في أكتر من كده سنين وهابنيها أنا اللي هكمل كمان في ضهري كتير من زمان معايا جماهيري بتسند بيها [كورس] أهلي أهلي أهلي أهلي أهلي [جماهير الأهلي] من تالتة شمال ... بنهز جبال وبأعلي صوت دايماً بنشجع الأبطال فريق كبير ... فريق عظيم أديله عمري وبرضه قليل
0248,Home on the Range (OST),مزرعة في الخط [Yodel-Adle-Eedle-Idle-Oo],Egyptian,راكضين على فين ؟! هيضيق الحبل خدي بالك هنصفي حسبنه.. غطوني بي أيه ؟ أهلاً يا عمو.. خدوه يا مغفلين.. احنا ورانا شغل كلوو سمع هص.. هتالقو لصوص في الغرب عملو ملايين من النصب و الواحد منهم فاكر نفسو ولد محصلش مهما كانو دول حراميه انا فصل ألف أو ميه وأنا قاعد أز أز لب وباكل محشي بي أولو مهبوش يا ولاد غشاش طماع ملهوف ولسه ما شفوش يا اولاد وشي عالمكشوف… لما….. دي وقفه هايله سر لأي بهيم عشان بي … بتشد القوه المغناطيسيه لي التنويم ولا بي يصيح ولا بي نوح ولا بي يغني بصوت مبحوح ولا من سهل لأي حرامي مقاسو أد اللوح انا بوضح وجهة نظري أنا …… يلا بينا يا اولاد خمس تلاف راس بالهنا و الشفا صوت يوصل لي البقر ينجن دنا أحلق شنبي لو دا مش أقدع فن من غير عض ولا تفكير بي مشيهم بالتنهيم أصلو زعيم صوتو ينوم حسو يئوم اي بهيم في حنجرتي في شطارتي بلي يؤلو دا فضل إللي … كمن صوتي تربطهم على طول عشان …..
0249,Natacha Atlas,Bastet,Egyptian,(العلاقة السورية الأمريكية في أدق مراحلها و بين دمشق و عَمّان) أنا عايزة أتكلم النهاردة وإمبارح والحاضر و بُكرة أنا عايزة العالم كله يصحى و تَفَتَّح أبوابي أقولها خليني نتكلم عن الفكر والأفكار و من زمان الذكر التربية، الحرية التجربة، الفساد الدمار و الفدائية مش لازم نسمع ونصدق لازم نِحَّكِّم عقولنا ونفكر في كل الأحوال إنسوا الصحافة والدعاية كلها جاية من النفاية (من النفاية) كلها جاية من قوتها وصوتها وصوتها هو أساس الفساد الصبر، الصبر، الصبر، الصبر أصيل حوالينا ما بينتهيش من النظام السياسي والدين الفاسد خلينا نكسره ونهدمه ونحلله ونفسره و نفَلسِفه وفي الآخر نقرر ونفهمه مين علينا ومن قلبنا إن كنا نحبه أو نكرهه وبعدين نقبله أو نرفضه نضعفت و نفكر في الملايين و الملايين المحبوسين والمحرومين من سنين ومن سنين واللي بيموتوا من الجوع خلينا نعملها دلوقتي ضروري إصحوا، قوموا معايا خلينا نفكر في الأسباب و مانخليش دول اللي ضحكوا علينا و غمموا عينينا يعملوا أكتر م اللي إتعمل فينا يا ربي ساعدنا و قرّب الحكمة لعقلنا وخلي الحب والسعادة تجمع شملنا يا ربي ساعدنا و قرّب الحكمة لعقلنا وخلي الحب والسعادة تجمع شملنا (شملنا، شملنا) و غمموا عينينا يعملوا أكتر م اللي إتعمل فينا
0250,Hany Adel,معاك في حلمك (Ma3ak Fi 7elmak),Egyptian,صدقوا فينا ده بكره بينادينا وهناخدكم لبعيد بكره ملك لينا فرصه منكم هتودينا وتخلينا نلاقي طريق جديد ده اختيارنا ناخد قرارنا نرسم طريقنا نمشي مشوارنا ومنخافش من احلامنا خليك معايا انا و انت نقدر حلمي و حلمك يفضل يكبر احنا جيل في صوت واحد بنقول معاك في حلمك احنا معاك في اللي يهمك معاك في حلمك احنا معاك في اللي يهمك احنا نقدر احنا غير احنا طريق اجباري ماشي و لسه كتير احنا حكايه بتبتدي احنا تاريخ للاجيال و هيتحكي احنا جيل مش صغير احنا جيل قادر يغير احنا المكتوب من غير شروط احنا اقوي من المفروض احنا سور في وش امبارح احنا نور في بكره سارح و هنوصل مهما يكووووووووون هنوصل مهما يكووووووووون معاك في حلمك احنا معاك في اللي يهمك معاك في حلمك احنا معاك في اللي يهمك
0251,Mohamed Hamaki,جواك عالم (Gowak 'Alam),Egyptian,[حماقي] جواك عالم مليان تفاصيل لو تتعب يوم يسند و يشيل مليان حكايات في الدم جينات عالم متفصل ليك تفصيل بص في روحك هتشوف حواديت ناس شبهك مع فرق التوقيت صورة من حلمك شكلك أو إسمك حكاويهم مالية حيطان البيت [حماقي (ويجز)] جواك عالم إحلم بيه بص فيك تلاقيه كل لحظة معاك جواك عايشة روح ملايين من سنين و سنين في الطريق وياك جواك عالم إحلم بيه (من سنين و سنين بالطاقة دي في الهوا) جواك عايشة روح ملايين (السر ده في النيل بيحكي تاريخ من الأول) آه جواك صورة مش سايباك لو في يوم تتعب هتلقى ناس كتير سانداك [ويجز] أنا تاريخي مالي الدنيا جوايا عالم هي بلادي، حب حياتي كنت بغني في مدرستي وسط أصحابي بلادي بلادي عندي فخر في جيناتي أنا طالع لأجدادي أنا شايف التاريخ حواليا أنا شايف الحياة قدامي أنا مصري و التاريخ كله عارف أنا مين إحنا اللي بدأناها، إحنا بعدين التاريخ كان فيه وقت صعب، عادي قمت معدي بيه كل وقت شدة، تلاقي بيظهر بطل فيه [حماقي (ويجز)] جواك عالم إحلم بيه بص فيك تلاقيه كل لحظة معاك جواك عايشة روح ملايين (السر ده في النيل بيحكي تاريخ من الأول) آه جواك صورة مش سايباك لو في يوم تتعب هتلقى ناس كتير سانداك
0252,Tamer Hosny,الأنوثه الطاغيه (El Onotha El Tagheya),Egyptian,طب حطي نفسك مكاني دي عيون تتقاوم دي طب إيه الحل قوليلي في أنوثتك الطاغيه دي .. الطاغيه دي طب حطي نفسك مكاني دي عيون تتقاوم دي طب إيه الحل قوليلي في أنوثتك الطاغيه دي .. الطاغيه دي وأنا جنبك لما ببص بعيد بتوحشيني أومال لو غيبتي عني كده يوم بقى يحصل إيه خليكي في حضني اوعي تسيبيني إيه الحلاوه الطاغيه دي وأنا جنبك لما ببص بعيد بتوحشيني أومال لو غيبتي عني كده يوم بقى يحصل إيه خليكي في حضني إوعي تسيبيني إيه الحلاوه الطاغيه دي أول ما ييجي الليل وتسمح الظروف بصي في السماكده من وقت للتاني أصل القمر بيحب كده كل فتره يشوف بيحب يشوف كده نصه التاني أول ما ييجي الليل وتسمح الظروف بصي في السماكده من وقت للتاني أصل القمر بيحب كده كل فتره يشوف بيحب يشوف كده نصه التاني وأنا جنبك لما ببص بعيد بتوحشيني أومال لو غيبتي عني كده يوم بقى يحصل إيه خليكي في حضني اوعي تسيبيني إيه الحلاوه الطاغيه دي وأنا جنبك لما ببص بعيد بتوحشيني أومال لو غيبتي عني كده يوم بقى يحصل إيه خليكي في حضني اوعي تسيبيني إيه الحلاوه الطاغيه دي
0253,Amr Diab,الطعامة (El Ta'ama),Egyptian,روحي ليك إنت طايرة بترفرف نفسي تعرف الغلاوة ديه ما أنا حياتي لاقيتها بتصفصف على حبيبي و روحي و عينيّا أموت أموت أنا في الطعامة ديه أموت أموت أنا في الطعامة ديه أموت أموت أنا في الطعامة ديه أموت أموت أنا في الطعامة ديه في حاجة بينا حلوة بِتريَّح في المقابلة باينة أهي عليا عايز أفَّسَر تاني و أوضح ده أنت عامل حالة مزاجية أموت أموت أنا في الطعامة ديه أموت أموت أنا في الطعامة ديه أموت أموت أنا في الطعامة ديه أموت أموت أنا في الطعامة ديه على شفايفك سيل عسل نَقَط لون عيونك جه و قضى عليّا ماهو طبيعي لو الشجر سَقَط ع الخد تفاح دي جاذبية أموت أموت أنا في الطعامة ديه أموت أموت أنا في الطعامة ديه أموت أموت أنا في الطعامة ديه أموت أموت أنا في الطعامة ديه أموت أموت أنا في الطعامة ديه أموت أموت أنا في الطعامة ديه أموت أموت أنا في الطعامة ديه أموت أموت أنا في الطعامة ديه
0254,Hakim (Egypt),آه يا قلبي (2002) (Ah Ya Alby (2002)),Egyptian,قلبي ياهو حَبّ ياهو و الأحباب جرحوه (هو) هما إتهنوا فِرحوا و غَنّوا و أنا غنيت ظلموه (هو) قلبي ياهو حَبّ ياهو و الأحباب جرحوه (هو) هما إتهنوا فِرحوا و غَنّوا و أنا غنيت ظلموه (هو) آه يا قلبي (آه يا قلبي) الواد ده جرحني في قلبي (آه يا قلبي) ده حبيبي (جرحي بيزيده) و حايلته (بوست على إيده) حبيبي (جرحي بيزيده) و حايلته (بوست على إيده) سابني و باعني و ياما لاوعني و ليه ما وقِفش جنبي؟ (آه يا قلبي) طب آه يا قلبي (آه يا قلبي) لواد ده جرحني في قلبي كنت بأقيدله شمعي و بيحلاله دمعي ده الإخلاص في طبعي و إتعودت عليه (هيه) و اللي مأثر فِيّا إنه ماحسش بِيّا بعد العشرة دِيّه باعني و هُنْت عليه (هيه) كنت بأقيدله شمعي و بيحلاله دمعي ده الإخلاص في طبعي و إتعودت عليه (هيه) و اللي مأثر فيا إنه ماحسش بيا بعد العشرة دِيّه باعني و هُنْت عليه معملش حساب لمودة و تَعَّبني معاه الواد ده (معملش حساب لمودة و تَعَّبني معاه الواد ده) عشمني و سابني و خدني و جابني و شوْقي غلبني و أخاف لَيّحِن قلبي (آه يا قلبي) طب آه يا قلبي (آه يا قلبي) الواد ده جرحني في قلبي ده حبيبي (جرحي بيزيده) و حايلته (بوست على إيده) حبيبي (جرحي بيزيده) و حايلته (بوست على إيده) مهما جرحني هو برضه حبيبي هو شيلته في قلبي جوه و أبعد عنه ليه؟ (هيه) ده اللي عشقته و اللي من الأيام فاضِلّي مالكم بينا ياللي بِتْقَسوني عليه؟ (هيه) مهما جرحني هو برضه حبيبي هو شيلته في قلبي جوه و أبعد عنه ليه؟ (هيه) ده اللي عشقته و اللي من الأيام فاضِلّي مالكم بينا ياللي بِتْقَسوني عليه؟ (هيه) يخاصمني و يزعل حبة و يجيني بشوق و محبة (يخاصمني و يزعل حبة و يجيني بشوق و محبة) و يقوللي صالحني أقوله سامحني و يستسمحني يرق و يهدى قلبي (آه يا قلبي) آه يا قلبي (آه يا قلبي) الواد ده جرحني في قلبي ده حبيبي (جرحي بيزيده) و حايلته (بوست على إيده) ده حبيبي (جرحي بيزيده) و حايلته (بوست على إيده) سابني و باعني و ياما لاوعني و ليه موقفش جنبي؟ (آه يا قلبي)
0255,Maya Diab,حلو ده (Helw dah),Egyptian,ده جاني  على عدلتي  و جاي ف حتتي ادوني بقى فرصتي الي جاي ابهار عيونه اتعلقوا .. اموره اترستائو محدش يلحقه.. ٤ استمرار حلو ده تفضل تناديني..  اتقل  وتجيني تسهر متنامشي.. تنام تحلم بيا اسهر على كيفي .. تلبس انت الصيفي الجو يسقع.. انفض انا و اسقع طقم الحنية .. اغمز بعينية تقول كدة عايزاني .. نبدأ من تاني دماغ متكلفة وليك مستحلفة  بالهنا و بالشفا يا ابو ضحكة جنان دي خطتي محكمة و خطوتي محكمة هدية من السما حسنك الفتان حلو ده اقرب ف تقرب .. ابعد و اتهرب تحتار تستغرب .. تزعل تتعصب طقم الحنية .. اغمز بعينية تقول كدة عايزاني  .. نبدأ من تاني
0256,Ahmed Mounib,الوعد والمكتوب (Elwa3d Welmaktoob),Egyptian,الوعد والمكتوب، نمشي سكك ودروب، ولا ينتهي المشوار الوعد والمكتوب، نتعب ولا بنتوب، والليل في أخره نهار الوعد والمكتوب، تقسى علينا قلوب، لا نخاف ولا نحتار يا ما لقينا الوعد، يوفي أمل موعود القلب لون الورد والصعب ماله وجود الوعد والمكتوب، وكل شيء محسوب، إلا في أحلامنا الوعد والمكتوب، لو كنت يوم مغلوب، العمر قدامنا الصبر ماله حد، مهما تمر سنين والشوق قصور تتمد، تملى قلوبنا حنين الوعد والمكتوب، نلقى بلد محبوب، نرتاح ونرمي الحمل الوعد والمكتوب، مهما بنمشي دروب، يتلم تاني الشمل قالوا زمان الوعد، سلمنا ايامنا قلنا زمان الوعد، سلم لأحلامنا الوعد والمكتوب، نمشي سكك ودروب، ولا ينتهي المشوار الوعد والمكتوب، نتعب ولا بنتوب، والليل في أخره نهار الوعد والمكتوب، تقسى علينا قلوب، لا نخاف ولا نحتار
0257,Ahmed Adaweya,ما بلاش اللون ده معانا (Ma Balash El Lon Da Ma'ana),Egyptian,ما بلاش اللون ده معانا راح تتعب أوي ويانا ولّا إحنا عشان مش قدك تشتري وتبيع في هوانا ما بلاش اللون ده معانا راح تتعب أوي ويانا ولّا إحنا عشان مش قدك تشتري وتبيع في هوانا ما بلاش اللون ده معانا، معانا، معانا بلاش ده معانا (ما بلاش اللون ده معانا راح تتعب أوي ويانا ولّا إحنا عشان مش قدك تشتري وتبيع في هوانا ما بلاش اللون ده معانا راح تتعب أوي ويانا ولّا إحنا عشان مش قدك تشتري وتبيع في هوانا ما بلاش اللون ده معانا، معانا، معانا بلاش ده معانا) هتلوِّن ليه ويانا؟ ما بلاش حركاتك ديّه إمبارح كنت معانا سكر في حلاوة طحينية هتلوِّن ليه ويانا؟ ما بلاش حركاتك ديّه ده إمبارح كنت معانا سكر في حلاوة طحينية حصل إيه مننا يا أخينا؟ توعدنا ولا بتجينا! حصل إيه مننا يا أخينا؟ توعدنا ولا بتجينا! وتعدِّي ولا بتسلم بكره اللي عطاك يعطينا وتعدِّي ولا بتسلم بكره اللي عطاك يعطينا ولّا إحنا عشان مش قدك تشتري وتبيع في هوانا ولّا إحنا عشان مش قدك تشتري وتبيع في هوانا ما بلاش اللون ده معانا، معانا، معانا بلاش ده (ما بلاش اللون ده معانا راح تتعب أوي ويانا ولّا إحنا عشان مش قدك تشتري وتبيع في هوانا ما بلاش اللون ده معانا، معانا، معانا بلاش ده معانا) هتلوِّن ليه ويانا؟ ما بلاش حركاتك ديّه إمبارح كنت معانا سكر في حلاوة طحينية هتلوِّن ليه ويانا؟ بَطَّل (حركاتك ديّه) إمبارح كنت معانا سكر في حلاوة طحينية حصل إيه مننا يا أخينا؟ توعدنا ولا بتجينا! حصل إيه مننا يا أخينا؟ توعدنا ولا بتجينا! وتعدِّي ولا بتسلم بكره اللي عطاك يعطينا وتعدِّي ولا بتسلم بكره اللي عطاك يعطينا ولّا إحنا عشان مش قدك تشتري وتبيع في هوانا ولّا إحنا عشان مش قدك تشتري وتبيع في هوانا ما بلاش اللون ده معانا، معانا، معانا بلاش ده (ما بلاش اللون ده معانا راح تتعب أوي ويانا ولّا إحنا عشان مش قدك تشتري وتبيع في هوانا ما بلاش اللون ده معانا، معانا، معانا بلاش ده معانا) هنسيبك كده على كيفك بَطّلنا خلاص نلاغيك و في يوم لو زارنا طيفك هنقول له الله يهديك هنسيبك كده على كيفك بَطّلنا خلاص نلاغيك و في يوم لو زارنا طيفك هنقول له الله يهديك وهنعمل مابنسمعشي ودموعك مابنرحمشي وهنعمل مابنسمعشي وهنقسى ولا نرحمشي وإن جيتنا فى يوم تسًّلِم راح نعمل مابنسمعشي وإن جيتنا فى يوم تسًّلِم راح نعمل مابنسمعشي ولّا إحنا عشان مش قدك تشتري وتبيع في هوانا ولّا إحنا عشان مش قدك تشتري وتبيع في هوانا ما بلاش اللون ده معانا، معانا، معانا بلاش ده معانا (ما بلاش اللون ده معانا راح تتعب أوي ويانا ولّا إحنا عشان مش قدك تشتري وتبيع في هوانا ما بلاش اللون ده معانا، معانا، معانا بلاش ده معانا) هنسيبك كده على كيفك بَطّلنا خلاص نلاغيك و في يوم لو زارنا طيفك هنقول له الله يهديك هنسيبك كده على كيفك بَطّلنا خلاص نلاغيك و في يوم لو زارنا طيفك هنقول له الله يهديك وهَنتقَل ولا نسألشي وهنقسى ولا نرحمشي وهَنتقَل ولا نسألشي وهنقسى ولا نرحمشي وإن جيتنا فى يوم تنادينا راح نعمل مابنسمعشي وإن جيتنا فى يوم تنادينا راح نعمل مابنسمعشي ولّا إحنا عشان مش قدك تشتري وتبيع في هوانا ولّا إحنا عشان مش قدك تشتري وتبيع في هوانا ما بلاش اللون ده معانا، معانا، معانا بلاش ده (ما بلاش اللون ده معانا راح تتعب أوي ويانا ولّا إحنا عشان مش قدك تشتري وتبيع في هوانا ما بلاش اللون ده معانا، معانا، معانا بلاش ده معانا) ما بلاش اللون ده معانا راح تتعب أوي ويانا ولّا إحنا عشان بنحبك تشتري وتبيع في هوانا و بلاش اللون ده معانا، معانا راح تتعب أوي ويانا ولّا إحنا عشان بنحبك تشتري وتبيع في هوانا ما بلاش اللون ده معانا، معانا، معانا بلاش ده معانا
0258,Tamer Hosny,مستني إيه (Mestany Eh),Egyptian,بيعدي يوم اثنين مش فارق عدی کام تعباني الوحده واجعني قلة الكلام حصلك ايه .. ماجتش ليه طب حتى اشوفك لما انام مش حاسس ان في حاجه بعدك فيها روح ما بقاش في للحياه شغف ولا في طموح انا بكره فين .. وبعده فين عايش فترة عدم وضوح ساييني قولي ليه لنفسي وللي فات مستني ايه لما يقولولك انه مات اروح لمين واهرب لفين كل الاماكن ذكريات سايبني قولي ليه لنفسي وللي فات مستني ايه لما يقولولك انه مات اروح لمين واهرب لفين كل الاماكن ذكريات ما بقاش في بيني وبين الدنيا اتفاق انا كل حاجه فيا اتكسرت في الفراق احساسي راح والعمر راح فكرة بعادنا كانت غباء احساس الخوف سيطر عليا بس ليه مش عارف اروح لمين وفين ولا اعمل ايه احساس غريب .. ليه يانصيب ؟ بعدت بيني وبينه ليه سايبني قولي ليه لنفسي وللي فات مستني ايه لما يقولولك انه مات اروح لمين واهرب لفين كل الاماكن ذكريات سايبني قولي ليه لنفسي وللي فات مستني ايه لما يقولولك انه مات اروح لمين واهرب لفين كل الاماكن ذكريات
0259,Encanto (OST),يمكن حاجة تحصل [Waiting On A Miracle] (Yimkin haga tehsal),Egyptian,إستنّي بس، ماتزعليش إستنّي وماتندميش أنا لسّا واحدة من عيلة مادريجال أنا تمام أيوة، أنا تمام حاشوفكوا لمّا طولوا الأحلام أنا مش تمام أنا مش تمام مابحرّكش جبال بين إيديا الورد يموت أنا ماقدرش أتحمل لمّا الوقت يفوت يمكن حاجة تحصل مابشفيش المكسور مابغيّرش نور نهار أو إعصار صعب أخبّي أو أكتم أي إنكسار يمكن حاجة تحصل، تحصل لوحدي في الحكاية الموجود مش كفاية واقفة عند الباب وحلمي بعيد ليه مش زيّكوا؟ إدّيني التغيير بس إدّيني فرصة وفي الظل كمان ماليش مكان فتّحي خلاص فتّحي خلاص فتّحي خلاص يمكن أحرّك الجبال أطرح ورد وأغيّر الحال حد يقوللي بس أنا أروح لفين يمكن حاجة تحصل فجأة آه، فجأة أنا هاشفي المكسور أورّي عيلتي كل جديد لقيت نفسي ولا أنا لسّا بعيد؟ ملّيت خلاص من الإنتظار هاختار أنا مستعدّة أيوة، أنا جاهزة حاعمل الحاجة زي ما أنا عايزة أرجوك إدّيني معجزتي زي عيلتي وخلّي حاجة تحصل ولّا عمرها ماهتحصل؟
0260,Kareem Abd El-Wahab,الوطن الأكبر (El Watan El Akbar),Egyptian,وطني حبيبي الوطن الاكبر يوم ورا يوم امجاده بتكبر وانتصراته مالية حياته وطني بيكبر وبيتحرر وطني .. وطني وطني يا مالك حبك قلبي وطني يا وطن الشعب العربي يا اللي ناديت بالوحدة الكبرى بعد ما شفت جمال الثورة انت كبير واكبر كتير من الوجود كله من الخلود كلــه يا وطني وطني حبيبي الوطن الاكبر يوم ورا يوم امجاده بتكبر وانتصراته مالية حياته وطني بيكبر وبيتحرر وطني .. وطني حلو يا مجد يا مالي قلوبنـا حلو يا نصر يا كاسي رايتنا حلوة يا وحدة يا جامعه شعوبنـــا حلو يا احلى نغم في حــياتنا يا نغم ساري بين المحيطين بين مراكش والبحرين في اليمن ودمشق وجدة نفس الغنوة لأجمل وحدة وحدة كل الشعب العربي وطني حبيبي الوطن الاكبر يوم ورا يوم امجاده بتكبر وانتصراته مالية حياته وطني بيكبر وبيتحرر وطني .. وطني قوميتنا اللي بنحميها اللي حياتنا شموع حواليها جنه بتضحك للي يسالم وجحيم ساير على اعاديها شوفوا بيروت بعد العدوان الاستعمار فين والطغيــــــان قدر الشعب وقوته زادت وبورسعيد حكايتها اتعادت عاش وانتصر الشعب العربـــي وطني حبيبي الوطن الاكبر يوم ورا يوم امجاده بتكبر وانتصراته مالية حياته وطني بيكبر وبيتحرر وطني .. وطني وطني يا ثوره على استعمارهــم املا جزايرك نار دمرهم لو نستشهد كلنا فيك صخر جبالنا راح يحاربهم الاستعمار على ايدنا نهايته راح م الدنيا زمانه و وقته لا في الجزائر ولا في عمان تهدا الثوره على الطغيان الا بنصر الشعب العربي وطني حبيبي الوطن الاكبر يوم ورا يوم امجاده بتكبر وانتصراته مالية حياته وطني بيكبر وبيتحرر وطني .. وطني وطني يا جنة الناس حاسدينها على امجادها وعلى مفاتنها ياللي قنالك رجعت ملكك وانت لخير الدنيا صاينها علي السد وخذ من خيره صنع وازرع وابني بنوره ياللي علاك في قلوبنا عبادة يا وطن كل حياته سيادة وطن العزة الوطن العربي وطني حبيبي الوطن الاكبر يوم ورا يوم امجاده بتكبر وانتصراته مالية حياته وطني بيكبر وبيتحرر وطني .. وطني وطني يا زاحف لانتصراتك ياللي حياة المجد حياتك في فلسطين وجنوبنا الثائــــر حنكملك حرياتك احنا وطن يحمي ولا يهدد احنا وطن بيصون مايبدد وطن المجد يا وطني العربي وطني حبيبي الوطن الاكبر يوم ورا يوم امجاده بتكبر وانتصراته مالية حياته وطني بيكبر وبيتحرر وطني .. وطني
0261,Moustafa Saad,بين البنات (Bein Elbanat),Egyptian,ومن بين البنات إنتي نزلتي في الجمال آية عيونِك روح بتتنفس و نبضِك دق جوايا ومن بين البنات إنتي نزلتي في الجمال آية عيونِك روح بتتنفس و نبضِك دق جوايا شفايفك نبت من الجنة و عودِك مِ السما هربان دَهب شعرك بلا حِنة في حضنك لسه أنا عشمان (دَهب شعرك) هواكي زي نسمة صيف تِلاغي القلب من جوه سواد الكحل مش بالكيف يا أجمل ما جَنَت حَوا هواكي زي نسمة صيف تِلاغي القلب من جوه سواد الحُسْن مش بالكيف يا أجمل ما جَنَت حَوا يا شاربة الحُسْن تحويجة و ساقية الخد مَيِّة ورد كفوفِك مِسك غزلاني حنانك ما وَرَد ع الأرض هواكي زي نسمة صيف تِلاغي القلب من جوه سواد الكحل مش بالكيف يا أجمل ما جَنَت حَوا يا ليلي
0262,Hamada Helal,الليلة (El-leila),Egyptian,لقييناك حابس، فا جيناك لابس لقييناك راسي، خليناك حايس لقييناك حابس، فا جيناك لابس لقييناك راسي، خليناك حايس عليكم حابس، عندي وكابس قوة الراسي، رعباكو وهاجس عليكم حابس، عندي وكابس قوة الراسي، رعباكو وهاجس شجينا جدارك نورنا زار دارك اتفرطوا حروفك صيرنا زوارك شجينا جدارك نورنا زار دارك اتفرطوا حروفك صيرنا زوارك لفوا واندارو قلبي أنا في دارو داللي متصافين محمي بجداره لفوا واندارو قلبي أنا في دارو داللي متصافين محمي بجداره الليلة الليلة الضيف ضيافتنا الليلة هيشيل فرداني الشيلة م العين ساحبين الكحيلة الليلة الليلة الضيف ضيافتنا الليلة هيشيل فرداني الشيلة م العين ساحبين الكحيلة الليلة الليلة هدينا جداركو الليلة ولا في شوفان ولا حيلة قوتكو الليلة هزيلة الليلة الليلة هدينا جداركو الليلة ولا في شوفان ولا حيلة قوتكو الليلة هزيلة عليكم حابس، عندي وكابس قوة الراسي، رعباكو وهاجس لفوا واندارو قلبي أنا في دارو داللي متصافين محمي بجداره الليلة الليلة مردود الحق الليلة معدولة معايا الميلة عادت للعين لكحيلة الليلة الليلة هدينا جداركو الليلة ولا في شوفان ولا حيلة قوتكو الليلة هزيلة الليلة الليلة مردود الحق الليلة معدولة معايا الميلة عادت للعين لكحيلة الليلة الليلة هدينا جداركو الليلة ولا في شوفان ولا حيلة قوتكو الليلة هزيلة
0263,Ahmed Saad,لو تيجي (Law Tigi),Egyptian,لو تيجي تشوف حالي بعدك شوف وصلت لإيه وجع الليالي حبيبي مش قادر عليه مش لاقي سكة رجوعي ينفع في يوم تتراح وجراح بتمشي بس بتسلم جراح مين يملا مكانك مين والراحة تيجي منين غايب وسايب ذكريات باقين شوق ماتحملش مخلوق وياريت بإيدي أفوق دي الخطوة برجع لك قصادها اثنين ليل بيجيب في ليل إحساس ثقيل وأنا قلبي مش قادر خلاص بعدك يشيل كان فيه مكان ليّ زمان معقول لقلبي لقيت بديل لو ناسي ما تقولي ناسي إزاي قدرت تعيش ده أنا نفسي ليلة تعدي أقول موحشتينيش إحساسي إنك فاكرني أكيد، أكيد ع البال طب ليه مفيش مرة تطمني بسؤال مين يملا مكانك مين والراحة تيجي منين غايب وسايب ذكريات باقين شوق ماتحملش مخلوق وياريت بإيدي أفوق دي الخطوة برجع لك قصادها اثنين (ليل (ليل) بيجيب في ليل (بيجيب في ليل) إحساس ثقيل (إحساس ثقيل (وأنا قلبي مش قادر خلاص بعدك يشيل (يشيل كان فيه مكان (كان فيه مكان) ليّ زمان (ليّ زمان) معقول لقلبي لقيت بديل
0264,Bahaa Soltan,صاحبي يا صاحبي (النسخة الحزينة) (Sahby Ya Sahby (Sad Version)),Egyptian,إيه يا عم ده مالها العالم برة عاملين كده ليه؟ وأنا وإنت يا صاحبي مالنا مش لايقين كده ليه؟ مش شبه الناس دي في حاجة، ولا فاهمين منهم حاجة ولا عارفين نسلك وسط الهوجة، هنعمل إيه؟ صاحبي يا صاحبي إنت اللي لوحدك شبهي ده في ناس في كروش بتعبي وفي ناس بتنسى تربي صاحبي يا صاحبي إنت اللي مقويلي قلبي إنت اللي ساندني وجنبي وطول ما إنت كتف في كتفي نقدر ع الدنيا، نقدر ع الدنيا يا صاحبي الدنيا دي طلعت قاسية قساوة وإحنا يا عيني غلب ولا عندنا خطة ولا سوء نية وماشيين كده بالحب وبنتلكك ع الضحكة، لو تيجي معانا كده سكة وإياك الدنيا تغير فينا طيبة القلب صاحبي يا صاحبي إنت اللي لوحدك شبهي ده في ناس في كروش بتعبي وفي ناس بتنسى تربي صاحبي يا صاحبي إنت اللي مقويلي قلبي إنت اللي ساندني وجنبي وطول ما إنت كتف في كتفي نقدر ع الدنيا، نقدر ع الدنيا يا صاحبي يا صاحبي
0265,Frozen 2 (OST),في الغابة بتوه [Lost In The Woods] (Fi lghaba batouh),Egyptian,مشيتي ليه في سكة تانية بدون إنذار؟ سيبتيني ليه وحدي أفكر على طول؟ خدتي القرار، ومن حقك اﻹ ختيار أنا ممكن أوصل ليك بس بقول جايذ إنت تبقي زمقتي مني عرور اﻷيام مين قال دلوقتي بطارد قلبك مش زي زمان؟ وﻷول مرة أنا جوه الغابة بتوه الشمال بقى جنوب وإنت مناك كنت بوصلك للبيت وبقيت في الغابة بتوه وماعرفش الطريق ايك منين في الغابة بتوه للوضوع الخطوة الجايل منا منوع عمري ما قلت إن إحنا مش لبعضنا وماليش غيد مع بعض نعيش وأنا فين او يضيع حبنا الأبد؟ بعرف منك الطريق لإني بقيت بتوه النهار أصبح ليل بعد غيابك آه، إنت دليلي في طريقي ومن غيرك بتوه لشا في قلبك ليا مكان؟ هاستنا إشارة (إشارة) إننا هنكون دايما سوا (دايما سوه) من غيرك، في الغابة بتوه (في الغابة بتوه) (في الغابة بتوه، في الغابة بتوه) في الغابة بتوه (في الغابة بتوه) (في الغابة بتوه، في الغابة بتوه!) في الغابة بتوه
0266,Fares Sokar,طب انا كداب - انا عندي سفينه وطياره (tab ana kadab - ana 3ndi safeena w tayyara),Egyptian,اخواتي انا كل مقول انا يعمل وعمل بيقوليلي كداب طب انا كداب الا الا طب انا كداب الا الا انا عندي سفينه وطياره بركنهم علي بابا الحاره طب انا كداب الا الا بركب لانش وبيه بتمشا وبروح عند بوراك اتعشا طب انا كداب الا الا انا اصلا ماشي مع حورجينا وفي عركه خبط انا جون سينا طب انا كداب الا الا مسي رن عليا وقالي عندنا ماتش البس ونزلي ونزلت خرمت الولا بيبي وكسبت الماتش انا مجنون والسلك ملمس بالجي كلاس بتعتي بخمس لو مش عجبك كلامي البس انا مبكدبش انا في الجيم بشيل ١٠٠ كيلو ومركب جناحات بيطيرو قالو كداب علشان بيغيرو طب انا كداب الا الا انا برمي بواكي في نيتات وبروح افطر في الامرات وفي تركيا انا شاري عمرات طب انا كداب الا الا انا ماسك ايفون ٢٠ ومتسقلونيش جبتو منين ورقم خطي ٠٢٠٠ ونا مش كداب انا كراش كل النسوان السكر سكر اجدعان ومعايا عربيت باتمان هتقولو كداب انا هقول لا انا جون ويك عورتو بفوني صورتو وروحت مشير شد سلاحو ونزل عليا عمال بيدور وما لقاني اتعور تاني وجاب صحابو ابن التيت شفتو وطلعتو لساني وسبتهم وجريت كوز مايه صحاني في البيت وامي بتقول قوم ياعبيط نايم وبتحكي في حواديت وبتكدب اصحا ياهجاص جون ويك اي هو انت في فيلم قوم اتنيل اصحا ياعم وطلعت كل ده في حلم مش عايز احلم تاني خلاص
0267,Samir Ghanem,أوخي (Ochi),Egyptian,(صوت الراديو يقول أسامي يونانية ومنها سميرياكو غانمبولوس) أنيتا إللا أنيتا إللا إللا بانو أنيتا تيكانيس ... كالا الحمد لله إللا ما خوريتسو بيللا ... أوبااا إيه إيه إيه إيه إي سيبسيخيمو أوخي أنيتا أوخي أوخي ... إيه أوخي ... إيه أكاتا ماستو بساريا أكاتا ماستو بساريا كاتا ماستو بساريا أوخي ... إيه أوخي ... إيه هللا بلوظة فاللا بلوظة هللا بلوظة فاللا بلوظة هللا بلوظة فاللا بلوظة أوبا أنيتا ... أوبا أنيتا أوخي ... إيه أوخي ... إيه إيه زيزي يا زوزو روبي سانكوروزو زيزي يا زوزو روبي سانكوروزو زيزي يا زوزو روبي سانكوروزو ياسو ... ياسو أنيتا ياسو مانوللي ياسو بسطيرمة أوخي ... إيه أوخي ... إيه إيه روبابيكيا بيكيا بوتيريا روبابيكيا بيكيا بوتيريا روبابيكيا بيكيا بوتيريا أوخي ... إيه أوخي ... إيه أكاتا ماستو بساريا أكاتا ماستو بساريا كاتا ماستو بساريا أوخي ... إيه أوخي ... إيه أكاتا ماستو بساريا أكاتا ماستو بساريا كاتا ماستو بساريا
0268,Ruby (Egypt),أمك و أبوك (Omak W Abok),Egyptian,محدش شاف صحابي اللي في فرحي اتصوروا ما بانوش حتى في واتسابي حبة مياه اتبخروا في الشدة تبص جنبك مش هتلاقي ناس إنما هتشخلل جيبك هتملى ميكروباص بس سيبك من اللي في المصلحة يعرفوك ما تحبش حد قد أمك وأبوك أمك وأبوك ما تحبش حد قد أمك وأبوك اعمل قلبك بسوستة ونضَّفه عالسريع ياما ناس بتبان أليسطه وأصلهم فقاقيع ما تسيبش أي حاجة تشكلك مشكلة هيأ نفسك كإنك في المدينة الفاضلة سابك ليه اللي سابك لو كان في النية يود ما تحبش حد قد أمك وأبوك أمك وأبوك ما تحبش حد قد أمك وأبوك فضي دماغك فضي ما تركزش إلا فيك لو صنفرت المصدي هيتلمع عليك الناس البايخة في صورك منتجها وقصها أول ما تلاقي راحتك اتلحلح روحلها خدلك حقنة نسيان وانسى كل اللى أذوك ما تحبش حد قد أمك وأبوك أمك وأبوك ما تحبش حد قد أمك وأبوك دوخت وكان نفسي أدوق حبة حنية طلع الموجود في السوق منتهي الصلاحية وعملت الخير ورميته في البحر غطس ما قبش كله عمال ينتِّش كله عمال يهبِّش بصراحة لب الموضوع وخلاصة القول بجد ما تحبش حد قد أمك وأبوك أمك وأبوك ما تحبش حد قد أمك وأبوك
0269,Mahmoud El Esseily,زعلان مني يا شتا (Za'lan Meny Ya Sheta),Egyptian,زعلان مني يا شتا ليه ؟ لما أنسى بتفكرني بيه كل اما أقول خلصنا كل السكك تودي ليه هو الفراق صاحبنا مش عايز ليه يسيبنا كل اما نحب حاجة بيقولي مش نصيبنا وغريبة الأوجاع دايماً ظالمه المتباع ليه بتيجي على اللي بايع وتنساه وغريب يا فراق سايب كل العشاق وبتيجي عليا دايماً وتقوى كانت أقرب مني ليا كانت كل حاجة هي إزاي اديتها قلبي وترد ده بأذيه لو ترجع بيا الدنيا لو جاتلي فرصة تانية هختار أكون مكانها وأنا اللي ابيع في ثانية وغريبة الأوجاع دايماً ظالمه المتباع ليه بتيجي على اللي بايع وتنساه وغريب يا فراق سايب كل العشاق وبتيجي عليا دايماً وتقوى
0270,The Aristocats (OST),اطلع سلم الموسيقى [Scales and Arpeggios] (Itla' Selem El Mosiqa),Egyptian,اطلع سلم الموسيقى سنة أولى فن بناخد فيها دروس ان كل نوتة ليها صوت مخصوص طلع الأصوات من قلبك عالية أوي لفوق و أنت بتغني في درس البيانو لو بتواظب كل يوم على التدريب هتعزف أحسن جدا بشكل رهيب باب مقفول هات مفتاح صول و افتحه و خلاص لما بتعمل واجباتك و بإخلاص ...اطلع سلم اطلع سلم الموسيقى دو مي سو دو دو  سو مي دو هتلاقي ف آخر السلم باب مقفول مايتفتحش الا بمفتاح صول لو شطار نتعلم نار الفن ده له أصول لازم تتعلم تقرأ نوتة و كشكول
0271,Natacha Atlas,مستنيك (Mistaneek),Egyptian,آه آه آه آه منك إنت و آه ياللي رميتني في بحر الآه حبيبي أنا عاوزك إنت حبيبي محتاجلك إنت حبيبي حبيبي و ماليش أقوله غيرك حبيبي آه حبيبي مستنيك مستنيك تتقل عَلَّيّا ليه؟ مستنيك مستنيك تتقل عَلَّيّا ليه؟ مستنيك مستنيك تتقل عَلَّيّا ليه؟ مستنيك مستنيك تتقل عَلَّيّا ليه؟ آه منك إنت و آه ياللي رميتني في بحر الآه آه منك إنت و آه ياللي رميتني في بحر الآه آه منك إنت و آه ياللي رميتني في بحر الآه آه منك إنت و آه ياللي رميتني في بحر الآه مستنيك مستنيك تتقل عَلَّيّا ليه؟ مستنيك مستنيك تتقل عَلَّيّا ليه؟ همسة قلبي عليك بتسلم همسة قلبي عليك بتسلم و بتتكلم عن أشواقي رد عليّا إنشالله تسَّلِّم و إنت بعيد حسيت بفراقي آه منك إنت و آه ياللي رميتني في بحر الآه آه منك إنت و آه ياللي رميتني في بحر الآه آه منك إنت و آه ياللي رميتني في بحر الآه آه منك إنت و آه ياللي رميتني في بحر الآه مستنيك مستنيك تتقل عَلَّيّا ليه؟ مستنيك مستنيك تتقل عَلَّيّا ليه؟ مستنيك مستنيك تتقل عَلَّيّا ليه؟ مستنيك مستنيك تتقل عَلَّيّا ليه؟ لو يوم تقدر على نسياني ده أنا حبيبي معاك وجداني ده أنا قلبي و روحي و عينيّا سهرانة الليل سهرانة الليل للصُبحِية ده أنا قلبي و روحي و عينيّا سهرانة الليل سهرانة الليل للصُبحِية و إنت بعيد حسيت بفراقي مستنيك مستنيك تتقل عَلَّيّا ليه؟ مستنيك مستنيك تتقل عَلَّيّا ليه؟ مستنيك مستنيك تتقل عَلَّيّا ليه؟ مستنيك مستنيك تتقل عَلَّيّا ليه؟ (آه مستنيك) مستنيك مستنيك تتقل عَلَّيّا ليه؟ مستنيك مستنيك تتقل عَلَّيّا ليه؟ (آه آه) مستنيك مستنيك تتقل عَلَّيّا ليه؟ مستنيك مستنيك تتقل عَلَّيّا ليه؟ مستنيك مستنيك تتقل عَلَّيّا ليه؟ مستنيك مستنيك تتقل عَلَّيّا ليه؟ (حبيبي)
0272,Tul8te,ضروري (Daroory),Egyptian,عالشط الكاريبي، علطول هتلاقيني الاغيك وتلاغيني، تذكرتين ليكي بس تيجي وهنتهور ونفل، ضروري هنلف بلاد أنا وأنتِ نعيش الحلم، وكنسلي كل الشغلات وأنا وأنتِ لو جي منك في جنون نعمل فرحتنا الليلة وأحجزلك وقتي المأذون عشان أنا وأنتِ مش محتاجين كلام خطفتني الغمازات عينيها توقع دبابات ضروري توريني الدار ونطيح فبلاد الإيمان ماتنسيش مفتاح البيت ماتنسيش خان العمدان وهنتجوز ونجن وتجيبيلي دستة عيال وأنا مش ناسي العدو هنرششهم برا الشام رح ترجع تاني يا حبيبي، رح ترجع تاني والعٌربة بتندهنا لهناك نشيل العاداوي، اسمع رح ترجع تاني يا حبيبي، رح ترجع تاني العٌربة بتندهنا لهناك لهناك نشيل العاداوي
0273,Moana (OST),‏عفوا [You’re Welcome],Egyptian,فاهم اللي حاسة بيه قدامك الاسطورة نعمل ايه ابهار اول مرة تشوفيه شئ حلو جدا والجميل ان الفانزات متغيروش اللي شيفاه هو ده ايوة فعلا انا ماوي صدقي تأثيري مهول الشعر الجسم ده اسطورة بيحكوها بالشعر طيب حقول ايه انا غير عفوا علشان بحكي الحياة من غير هتاف كفاية شكرا من غيري كنتم ضيعتوا ياولداه اه مين اللي شايل عنكم الاحمال بماكان طولك شبرين؟انا في ليالي البرد مين جيه خلاكم دفيانين ؟ انا قدامك اهوه اوه الشمس دي ربطها عفوا عشان اليوم يطول بانبساط حتي الرياح مسكتها عفوا في القلوع حطيتها بالساعات طيب حقول ايه انا غير عفوا عشان كل اللي جبته من زمان مش عاوز هتاف كفاية شكرا ماهي دي طبيعتي اعمل ايه عفوا آه عفوا يعني بصراحة ياحلوة ممكن اقول واعيد عشان قدراتي  رهيبة اكيد المد الجزر الارض ومفيش عندك لكل ده رد تعبان البحر حكي لي اسرار بزرع اشجار جوز الهند في النهار طبايع القصد؟ وايه النية وليه الازعاج في وقت العصرية؟ اما عن كل دي الاوشام تبقي شهادات نصر واقدام ياما سافرت وحاربت غيلان بصي وشمي الصغنن ده رقصه يجنن في الاختصار عاوز اقولك عفوا آه عفوا علي كل الحاجات دي بلاش هتاف وكفاية شكرا آه شكرا خلاص الوقت جيه اروح مشوار ممكن توعديني شكرا آه شكرًا عشان مابلش شعري الخطير آه شكرا وعفوا آه عفوا وعفوا وشكرا ماوي طلعني ياكداب يامحتال يامخادع والعفو
0274,The Nightmare Before Christmas (OST),Finale (Egyptian Arabic) (Al-nehaya),Egyptian,يا صاحبتي .. أسمحي لي أقول أنا نفسي أفضل جنبك على طول سوا نتأمل النجوم و نفضل سوا طايرين في الهواء و بشكل صريح لكل البني أدمين هنفضل سوا عايشين
0275,Encanto (OST),كلكم كلكم [All of You] (kulukum kulukum),Egyptian,انسوا الهموم وهانبدأ من تاني هاتبان لنا صعبة ونحلها في ثواني هي دي عيلتي شوية نجوم كل واحد فيها منور وسط الغيوم والنجوم في السما نور شكلها بيتغير ما تخلي العقل يدور أيوه أنتي عندك أكتر أنا بتمنى تعذروني خفت إنكو تسيبوني المعجزة ديه جوه مستخبيه مش بس سحركو هي أنتو أنتو المعجزة أنتو كلكو كلكو أنا بقول إحنا بنتكلم عن برونو؟ ده برونو؟ أيوة في حاجات كتيره عن برونو هابدأ أنا بيبا فاكر يوم الفرح، قلبك اتأذى وانجرح ماكانتش نبوءة، شفت العرق عالجبين أنا عايز أقول، جوزك حبه مهول افهمي اقبلي في المطر مع البشر مهما كان ده اللي أنا قلته من زمان، مش كده؟ عندي أعذار ماقولتهاش لأ... مبسوطين إنك هنا ماتنساش! هنا وسط النور في هنا وسرور ومهما حصل هانوصل مهما كان قلت لك انه مامشيش، سمعته ورا الحيطان سامعين الصوت؟ أنا شايف كل أهل القرية هيه! انسوا الهموم انسوا الهموم الحزن ده مقسوم آه عاديين لكن بالملايين وللمساعدة احنا جايين إحنا سوا فريق أحلامي يا قوية بعيط في الأحزان وإحنا كمان مابقتش قوية لكن حكيمة النور والسماد فكرة عظيمة أيوة هانشوفه بيكبر كلنا ناحية السما يلا! النجوم ليها نور تنور عتمتنا والفصول بتدور بص على حبيبتنا تشبهلك كتير! يا ماريانو شكلك حزين؟ آه أنا قلبي مكسور نصين عندي قرايب هايلين أنت تعرف دولوريس؟ عملتي اللي عليكي، شكراً! صوتك عالي بتحب مامتك وهي فخورة بيك وبتسهر الليالي، بتكتب شعر خيالي بستغل اللحظة أصلك دايماً على بالي دولوريس أنا شايفك وأنا سمعاك أيوة كلكو كلكو يلا نتجوز واحدة واحدة كلكو كلكو بيت الأحلام عاجباني الأساسات ده لسه مش كامل ولا إحنا مظبوط! حاجة كمان قبل الاحتفالات إيه؟ محتاجين أوكرة عملنا دي علشانك أد إيه نورك بان أنتي بقيتي النور لنا شوفي إزاي مالية عيونا أنتي أحسن حاجة حصلت دخلينا فتحي خلاص اوبري لوس اوهوس هاه، شايفه إيه؟ شايفه نفسي شايفاني
0276,Mohamed Mounir,ملامحنا (Malamehna),Egyptian,كل أما نصور ملامحنا ملامحنا مش دايما بنكون هو إحنا أوقات بنبان نشبه روحنا نشبه روحنا وأوقات نتغير أوقات في الصورة نبان أهدى نبان أهدى وأوقات في اللمة تبان وحده وأوقات ملامحنا تبان باهتة تبان باهتة وساعات بتنور بس اللي يحير هو إحنا ليه تملي عيونا بتفضحنا والوقت اللي صحيح فيه فرحنا ليه عمره قصير بس اللي يحير هو إحنا ليه تملي عيونا بتفضحنا والوقت اللي صحيح فيه فرحنا ليه عمره قصير كل أما الدنيا بتجرحنا كل أما نغير مطارحنا تتبدل تفاصيل ملامحنا مابقتش صورنا تفرحنا ليه زي الأول كل أما نطبطب على روحنا على روحنا بنحن لذكرى بتدبحنا وكل أما نلملم في جروحنا في جروحنا قلوبنا بتتعور فيه ناس من نظرة بتلمحنا بتلمحنا وأول أما وجودها يريحنا فجأة بتمشي وتاخد روحنا تاخد روحنا فوق ما بنتصور بس اللي يحير هو إحنا ليه تملي عيونا بتفضحنا والوقت اللي صحيح فيه فرحنا ليه عمره قصير بس اللي يحير هو إحنا ليه تملي عيونا بتفضحنا والوقت اللي صحيح فيه فرحنا ليه عمره قصير كل أما الدنيا بتجرحنا كل أما نغير مطارحنا تتبدل تفاصيل ملامحنا مابقتش صورنا تفرحنا ليه زي الأول يييييه يييييه يييييه ورووه
0277,Tamer Hosny,هو ده بقي (Howa Dah Baaa),Egyptian,هو ده بقى الي انتي لابساله و متشيكة هو ده بقى الي انتي نازلاله و متهشتكة هو ده بقى الي اداكي ثقة يا بنت الحلال بقا ما خلاص مش دا الي منه اطلاقاً اتفاظ و كانت مرة حظ  GENE صعب تلاقي بس کا جارچ  SEMI تلاقي مني شب يوم يومين بس تركني و اطلق يا صاراح الي راح راح فضى مطرح كرهت ازود و اعتدت هطرح الباب يفوت و الراجعة ضبة بس منكرش انها ضلمة جوة من بعدك وقتي يعدي في غمضة بس واقفة ساعتك محستش بقيمة نفسي صح غير بعدك اكمني مجنن نص الشعب و دا الي تاعبك هو ده بقى الي انتي لابساله و متشيكة بقا هو ده بقى الي انتي نازلاله و متهشتكة هو ده بقى الي اداكي الثقة يا بنت الحلال زعلناهم مالغل ودينا و جيبناهم ايوة انا الي متشيكاله يا حلاوتها و هي معايا شوف عشان مش نولتهالو عمل کاريزما بس دا في خياله و الي شاف نفسه جينا نشوف نفسه NANO بس مشوفنهاش غیر بال محستش بقيمة نفسي صح غير بعدك اكمني مجنن نص الشعب و دا الي تاعبك بقا هو ده بقى بقا هو ده بقى
0278,Maha Ftouni,مأساة (Maasat),Egyptian,قلبي انا موجوع .. و أما الليل ييجي منامش .. ليه أنا أبكي دموع .. و انت اللي متتألمش .. خلتني بموت .. مش عارفه عملت انا ايه ؟!.. يعني انت تروح .. و انا وجعي ده مبيبردش .. انا كلي جروح .. و انت مفيش فيك ولا خدش .. يااه عالجبروت .. ياه عاللي بحس انا بيه .. شوفت المآساه .. انت اللي جارحني و انا اللي بدور دايما عالمواساه .. و الجرح بيتجدد كل ما بنساه شوفت المعاناه .. شوفت المعاناه مش عارفه أنساك .. ولا عايزه جراحي تقل .. و كأني معاك .. عايزة أنا لغيابك حل .. نفسي أبقي بخير .. زي ما كنت انا قبليك .. طب ما انت مشيت .. و نسيتني كأني مجتش !.. يعني انت نسيت !.. طب ليه انا بقي منستش ؟.. بعتني ببلاش .. و مكانش فيه غيري شاريك ..
0279,Tamer Ashour,دراما (Drama),Egyptian,لما انت مش فارق معاك ابعد كفايه ونفضها وخلصنا وبلاها الحكايه ولا انت مستكفتش من وجعي واذايا مستني ليه لو يعني عايز تمشي امشي مع السلامه متشيلش هم وروح و متقلبهاش دراما هتمشي ذي ما جيت ومش هتسيب علامه هتفرق ايه هو انت فاكر نفسك الدنيا وآخرها دي حكايه خلصت بكره تيجي حكايه غيرها لسه الحياه مليانه ناس مخلصش خيرها هعيشلها وإنساك ايه يعني هيحصل ايه انا مش هوقف يوم حياتي عليك و عادي فيومين تلاته هتبقا بالنسبالي ماضي هملي المكان اللي انت روحت وسبته فاضي مين يعني غاب والدنيا وقفت يوم عليه انا كنت بس عليك لاخر لحظه باقي وبقول لنفسي كتير اللي بيصبر يلاقي بس انت عادي طلعت سهل عليك فراقي هو انت ايه دلوقتي روح مبقتش فارقه كتير معايا خلصت حكايتك هرمي كل ماضيك ورايا وانا غلطتي أن انا كنت طيب م البدايه معرفش ليه انت فاكر نفسك الدنيا وآخرها دي حكايه خلصت بكره تيجي حكايه غيرها لسه الحياه مليانه ناس مخلصش خيرها هعيشلها وإنساك ايه يعني هيحصل ايه انا مش هوقف يوم حياتي عليك و عادي فيومين تلاته هتبقا بالنسبالي ماضي هملي المكان اللي انت روحت وسبته فاضي مين يعني غاب والدنيا وقفت يوم عليه
0280,Ali El Haggar,تجيش نعيش (Tegesh ne'esh),Egyptian,سمرة وبعيون كحيلة وجديلة ديل الكحيلة سمرة وبعيون كحيلة وجديلة ديل الكحيلة يانى و رمانى زمانى ومالى ف هواكى حيلة سمرة وبعيون كحيلة وجديلة ديل الكحيلة سمرة وبعيون كحيلة وجديلة ديل الكحيلة يانى و رمانى زمانى ومالى ف هواكى حيلة وباقولك إيه تجيش نعيش هوا نبتديه ولا ينتهيش وباقولك إيه تجيش نعيش هوا نبتديه ولا ينتهيش يا سمرة حبك اخدنى من روحى وبقيت روحى يا سمرة حبك اخدنى من روحى وبقيت روحى سلسال حنانك وعدنى يداوى حزنى وجروحى بحر الحياة موجه عالى وانا طوق نجاتى ف ايديكى بحر الحياة موجه عالى وانا طوق نجاتى ف ايديكى تعاليلى ميلى تعالى وانا اعيش معاكى وبيكى وباقولك إيه تجيش نعيش هوا نبتديه ولا ينتهيش وباقولك إيه تجيش نعيش هوا نبتديه ولا ينتهيش سمرة وبعيون كحيلة وجديلة ديل الكحيلة سمرة وبعيون كحيلة وجديلة ديل الكحيلة يانى و رمانى زمانى ومالى ف هواكى حيلة وباقولك إيه تجيش نعيش هوا نبتديه ولا ينتهيش وباقولك إيه تجيش نعيش هوا نبتديه ولا ينتهيش يا سمرة والسنة لولى تضحكلى يضحك زمانى يا سمرة والسنة لولى تضحكلى يضحك زمانى عيونك السود قالولى أقطف معايا الأمانى طل القمر فوق سطوحنا إرمى شعورك عليا طل القمر فوق سطوحنا إرمى شعورك عليا وتعالى نفرح بروحنا ونعيش سنيننا اللى جاية وباقولك إيه تجيش نعيش هوا نبتديه ولا ينتهيش وباقولك إيه تجيش نعيش هوا نبتديه ولا ينتهيش سمرة وبعيون كحيلة وجديلة ديل الكحيلة سمرة وبعيون كحيلة وجديلة ديل الكحيلة يانى و رمانى زمانى ومالى ف هواكى حيلة وباقولك إيه تجيش نعيش هوا نبتديه ولا ينتهيش وباقولك إيه تجيش نعيش هوا نبتديه ولا ينتهيش وباقولك إيه تجيش نعيش هوا نبتديه ولا ينتهيش وباقولك إيه تجيش نعيش هوا نبتديه ولا ينتهيش وباقولك إيه تجيش نعيش هوا نبتديه ولا ينتهيش وباقولك إيه تجيش نعيش هوا نبتديه ولا ينتهيش
0281,Tamer Hosny,الذوق العالي (El Zoua El Aaly),Egyptian,عمال تعلي الذوق بذوقك العالي العالي آه یا واخدنا لفوق حلاوتك ياللي في بالي ياللي في بالي عمال تعلي الذوق بذوقك العالي العالي آه یا واخدنا لفوق حلاوتك ياللي في بالي ياللي في بالي انت اختصار لمعنى الجمال والورد مال ميل عليك هليت بألوان الربيع وقفوا الجميع يتغازلوا فيك انت اختصار لمعنى الجمال والورد مال ميل عليك هليت بألوان الربيع وقفوا الجميع يتغازلوا فيك ده لولا حوالينا الناس ده لولا حوالينا الناس ده لولا حوالينا الناس ده لولا حوالينا الناس هتتباس يعني هتتباس دوقني شهدك أدوق ده انا هنيئا لي هنيئا لي اصل مفيش مخلوق يجراله اللي بيجرالي اللي بيجرالي دوقني شهدك أدوق ده انا هنيئا لي هنيئا لي اصل مفيش مخلوق يجراله اللي بيجرالي اللي بيجرالي انت اختصار لمعنى الجمال والورد مال ميل عليك هليت بألوان الربيع وقفوا الجميع يتغازلوا فيك انت اختصار لمعنى الجمال والورد مال ميل عليك هليت بألوان الربيع وقفوا الجميع يتغازلوا فيك ده لولا حوالينا الناس ده لولا حوالينا الناس ده لولا حوالينا الناس ده لولا حوالينا الناس هتتباس يعني هتتباس
0282,Oliver and Company (OST),كان يا ما كان [Once Upon A Time In New York City],Egyptian,دايما تبتدي بكان يا مكان في بلد بعيد عايش فيها الفرح في قلب الهموم هتلقى فيها مليون إحتمال بيخلي دايما دوام الحال في الدنيا يا صاحبي من المحال يدوم شفت ازاي بيبتدي الحماس في بلدنا دي يبقالك صحاب قلبها حساس و ما بيهمش حد أصلك إيه لو اختارك مش حيسأل ليه و تبتدي معاه حكاية ما تنساهاش يا أوليفر ما بلاش تتكسف ما تستناش فرصتك جات ما تسبهاش و خليك عنيد من حقك الأمان و نقول كان يا مكان نقول يا مكان في بلد بعيد الحكاية دايما تبتدي في بلدنا دي اللي آخر اليوم بتكون عايمة في الهموم و إزاي يبقى الناس في حالة انتشاء و الدنيا تمطر برا حزن و إشتياق و المطر بيغسل قلبك يا مهوم يا أوليفر ما تبكيش رغم المأساة دي حتعيش الخوف دايما يروح ما يجيش، حتبقى سعيد طول ما في إصرار الليل دايما أخره نهار و نقول كان يا مكان في بلد بعيد الحكاية دايمًا تبتدي في بلد بعيد
0283,Amal Wahbi,من بحر للتاني (Min Bahr Li Tani),Egyptian,من بحر للتانى الغربة وخدانى معرفش فين بتروح ايام معدية هى الحياة فيا ولا حلاوة روح كل اللى انا فكراه انى مودعتكش خدنى الطريق وياه غنتللى مسمعتكش وبدأت احزانى من بحر للتاني الغربة وخداني معرفش فين بتروح أيام معدية هى الحياة فيا ولا حلاوة روح ياريتنى اكون موجة مرة فى يوم هوجة اخرج عن التيار احضن ملايتنا وابوس حيطان بيتنا واكون له الف نهار مين علمك تسكت ياموج يا ابو الاحباب بتمنى يوم ترجع جايبلي ألف جواب ولامرة تنسانى ايه اللى فاضللي نفسى يطول ضلي يوصل لشارعنا يضحك لاصحابي وينام على كتابي والصبح يجمعنا اخر وعودك ايه ياحلم زى الضى بتزيد فى بعدك ليه وان قلت مرة جاي ليه تنسى عنواني
0284,Pinocchio (OST),اديني صفارة [Give a Little Whistle] (Eddeeny Sofara),Egyptian,فاهم حاجة؟ ا-اه بس انا هعمل الصح تمام يا ابني و أنا هساعدك أي وقت تعوزني صفر كدهو كدهو؟ لا لا جرب تاني كدهو؟ لا يا ابني اسمعني أنا أيوه كده يلا بقى هنغنيها لو وقعت في ورطة ف يوم معرفتش تعمل ايه اديني صفارة اديني صفارة لو قدام المغريات معرفتش تعمل ايه اديني صفارة اديني صفارة مش قصدي صوت سخيف عاوز صوت مش عادي و نفسك لو ضعيف نادي جيميني يا جُدجُد !أيوه امشي طريقك مستقيم و لو مرة زليت اديني صفارة اديني صفارة و دايما خلي دليلك الضمير (2x) و دايما اخلي دليلي الضمير !حاسب
0285,Ruby (Egypt),انا لو زعلانة (Ana Law Zalana),Egyptian,لا عادي براحتك مين قالك ان انا متضايقة من الاول عارفة انك ماشي و مش هبقى انا ليك لا عادي براحتك تبعد تفضل مش فارقة طول عمرك موجود في حياتي و مش حاسة انا بيك انا لو زعلانة ، زعلانة على وقتي الي معاك ضيعته على قلبي الي بايدي وجعته على ثقتي في نفسي الي اتهزت ميت مره معاك ايوه انا غلطانه بأمانة كان لازم تيجي مني من الاول انا ليه سبت الوقت يطول مش كنت انا اولى بكل دقيقة ضاعت وياك و ياعم بسيطة يالتوفيق الف سلامه الروح في ايدين الي خالقها و انا لسه بعيش و ياعم بسيطة منك في الدنيا دي ياما انا بس الي مكنتش شايفة و كان في تشويش انا لو زعلانة ، زعلانة على وقتي الي معاك ضيعته على قلبي الي بايدي وجعته على ثقتي بنفسي الي اتهزت ١٠٠ مره معاه ايوه انا غلطانه بأمانة كان لازم تيجي مني من الاول انا ليه سبت الوقت يطول مش كنت انا اولى بكل دقيقة ضاعت وياك ايوه انا غلطانه بأمانة كان لازم تيجي مني من الاول انا ليه سبت الوقت يطول مش كنت انا اولى بكل دقيقة ضاعت وياك
0286,Tania Saleh,عيني في عينك (Einy Fi Einik),Egyptian,عيني في عينك يعني انتِ مصدقة ؟ بيني و بينك أوطان متفرقة كوابيس متحققة و ذنوب متلفقة إيه الحكاية بقى ؟ مش ناوية نتصالح ؟ عيني في عينك يعني انتِ مصدقة ؟ بيني و بينك أوطان متفرقة عيني في عينك يعني انتِ مصدقة ؟ بيني و بينك أوطان متفرقة كوابيس متحققة و ذنوب متلفقة إيه الحكاية بقى ؟ يا شمس داخلة عِروتي و كمي تشبه أبويا في ضحكته لأمي يا شمس داخلة عِروتي و كمي تشبه أبويا في ضحكته لأمي ليه كل حاجة مغيّرة حسنك ؟ لا دي ابتسامتك .. ولا ده حزنك ليه كل حاجة مغيّرة حسنك ؟ لا دي ابتسامتك .. ولا ده حزنك خدي بحضنك فقرنا و ضمّي و خدي بإيد الحلو و المالح و تعالي نتصالح ذاعولنا كام غنوة و مسمعناش و خدنا كام خطوة و ملحقناش ذاعولنا كام غنوة و مسمعناش و خدنا كام خطوة و ملحقناش مين اللي كان بالخطوة دي بادئ ؟ و ليه في مكان البيت بكون لاجئ ؟ مين اللي كان بالخطوة دي بادئ ؟ و ليه في مكان البيت بكون لاجئ ؟ الفجر صادق، ليه مصدقناش ؟ و ليه نسينا ضحكة إمبارح ؟ و رفضنا نتصالح عيني في عينك يعني انتِ مصدقة ؟ بيني و بينك أوطان متفرقة عيني في عينك يعني انتِ مصدقة ؟ بيني و بينك أوطان متفرقة اسمك ممشي الريشة على عودي جمبي و مسافرة امتى هتعودي ؟ عودي ندهلك لما عودك طل متخلينيش بالحب دا اتذل على الأقل اعترفي بوجودي على الأقل اعترفي بوجودي دنا اللي بعبد فلّك الطارح و أنا اللي راضع عيشك الصابح دنا اللي بعبد فلّك الطارح و أنا اللي راضع عيشك الصابح ما تيجي نتصالح عيني في عينك يعني انتِ مصدقة ؟ بيني و بينك أوطان متفرقة عيني في عينك يعني انتِ مصدقة ؟ بيني و بينك أوطان متفرقة كوابيس متحققة و ذنوب متلفقة إيه الحكاية بقى ؟
0287,Ruby (Egypt),نظرة (Nazra),Egyptian,نظرة من عينه ليا ونظرة من عيني ليه قلبي قال علي اللي بيا وقلبه قال علي اللي بيه نظرة من عينه ليا ونظرة من عيني ليه قلبي قال علي اللي بيا وقلبه قال علي اللي بيه ومنها وحسينا أن أحنا لبعضينا ومنها وحسينا أن أحنا لبعضينا نظرة من عينه ليا ونظرة من عيني ليه قلبي قال علي اللي بيا وقلبه قال علي اللي بيه بعد الكلام بالعين أتكلموا القلبين قالوا كلام أشواق وغرام معرفناش جيبنه منين بعد الكلام بالعين أتكلموا القلبين قالوا كلام أشواق وغرام معرفناش جيبنه منين ومنها وحسينا أن أحنا لبعضينا ومنها وحسينا أن أحنا لبعضينا نظرة من عينه ليا ونظرة من عيني ليه قلبي قال علي اللي بيا وقلبه قال علي اللي بيه
0288,Hussein Al Jasmi,تسلم إيدينك (Teslam Edenak),Egyptian,تِسلَم إيدينَك ياللي في حب مصر بتضحي بسِنينَك ياللي إنت وَفّيت وعد كان بينها و بينك ياللي إنت كنت شايلها دايماً جوه عينك تِسلَم إيدينَك ياللي إنت شايل هم بلدك فوق كتافك كل اللي عِرفَك و اللي قابلك و اللي شافك بيدعي بإسم مصر ليك الله يعينك تِسلَم إيدينَك ياللي في حب مصر بتضحي بسِنينَك ياللي إنت وَفّيت وعد كان بينها و بينك ياللي إنت كنت شايلها دايماً جوه عينك تِسلَم إيدينَك ياللي إنت شايل هم بلدك فوق كتافك كل اللي عِرفَك و اللي قابلك و اللي شافك بيدعي بإسم مصر ليك الله يعينك وقت أما تزعل مصر بِتْطّيِّب خاطرها دايماً قُصاد الدنيا بِترُد إعتبارها ياللي مشيت وَيّاها في السكة لأخرها من وسط كل ولادها عارفة إنك كبيرها وقت أما تزعل مصر بِتْطّيِّب خاطرها دايماً قُصاد الدنيا بِترُد إعتبارها ياللي مشيت وَيّاها في السكة لأخرها من وسط كل ولادها عارفة إنك كبيرها تِسلَم إيدينَك ياللي ما سيبتش مصر أبداً وقت ضيقة ياللي إنت ما تخليتش عنها لو دقيقة ياللي إنت شايف مصر في عينيك الحقيقة تِسلَم إيدينَك ياللي لمصر بس حسيت بإنتمائك و بكبريائها كان بِيِكمَل كبريائك و كتير ترابها إِتْبَل من عَرَق جبينك وقت أما تزعل مصر بِتْطّيِّب خاطرها دايماً قُصاد الدنيا بِترُد إعتبارها ياللي مشيت وياها في السكة لأخرها من وسط كل ولادها عارفة إنك كبيرها وقت أما تزعل مصر بِتْطّيِّب خاطرها دايماً قُصاد الدنيا بِترُد إعتبارها ياللي مشيت وياها في السكة لأخرها من وسط كل ولادها عارفة إنك كبيرها
0289,Hamada Helal,ياريت أهالينا ماربونا (Yaret Ahalena Ma Rabouna),Egyptian,ياريت أهالينا ما ربونا ياريتهم كانوا حتى سابونا ف قلوبنا لو حتة قسوه أهو نأذي بيها اللي أذونا ربونا ب لأ عيب مايصحش سابونا في عالم متوحش وبقول بأمانه وعن نفسي جربت أتحمل ما ارتحتش ياريت أهالينا ما ربونا ياريت أهالينا ما ربونا ياريتهم كانوا حتى سابونا في قلوبنا لو حتة قسوة أهو نأذي بيها اللي أذونا معقوله نشوف الناس ديه قاسية وقلوبها مغبية وقادرين نغلبها وفي الأخر نعاملهم برضه بتربية حتى اللي نقول دول حبايبنا حطوا الفهلوة في الشوق والهوى لف ودوران بيلاعبونا قال كدة قال ايه بيحبونا ياريت اهالينا ما رابونا ياريتهم كانوا حتى سابونا ف قلوبنا لو حتة قسوه أهو نأذي بيها اللي أذونا ربونا ب لأ عيب مايصحش سابونا في عالم متوحش وبقول بأمانه وعن نفسي جربت أتحمل ما ارتحتش
0290,Amal Maher,حاجة غير (Haga Gher),Egyptian,فِـيك حَـاجَة غِـير وفِـيك مِية حاجة مِـتصَـدَّقَــة لَـمَّــا اتـقَــابِـلـت بِـيــك كــلّ اللـي ضَــاع اِتــلـقَـى بِــالـسّـرعَــة دِي، وِلــيـه؟ مِ الدّنــيـا دِي خَــدتــنِي طَب هَـا كَمان فِـيه إِيـه؟ بَـعـدِين هَـيحـصَل بَـقَى فِــيــك حَاجَـة غِــير...حَـبيبي فِيك حَـاجَة غِــير دِي الأيَّـــــام وِأنــتَ...فِــــيــهــا أَنَــــا بـــ خِـــــير دَا حِـــلـم، وَالَّا عِــــلـم اللي احـنـا فِــيـه دا أو تَــهــيــؤات؟! اللي احـنا فِـيه دا فِـيلـم رومَـانسِي مِن زَمَـان الخَـمسِـيـنـات هَـات اللي فَـات وهَـات عَ الجَايّ قـول مِية سَـنَـة نِـرسِـم سِـينـاريوهَــات وِنـعِــيـشـــهـا أنـت وَأنَــا دا أنـت أمَّـا جِـيت بَــقيت مَــبسـوطَـة مِــطَّـمّـنَـة وِأنـت أمَـا جِـيت لَــقيت كـل الحاجـات مُــمكِـنَـة
0291,Americana Show,على رمش عيونها (Al Remsh Oyounha),Egyptian,على رمش عيونها قابلت هوى طـــار عقلي مني وقلبي هوى وانا يللي كــــنت طبيب الهوى ولأهل العشق ببيع الدوا من نظرة لقتني صريع الهوى ياباي يا بوي لها ضحكة يا ويلي بلون السهر لما الورد بيملا شـفايفُ قمر ضحكة لها بالودن ابتسامة القدر فوق خدود العطاش في يوم المطر خدني شوقي لقتني بروح عندها حد تاني سبقني وخد يدها كان حبيبها وغايب بقالو سنة والنهارده وصل على بختي أنا
0292,Mufasa: The Lion King (OST),سوا هنكون (عربية مصرية) [Tell Me It's You] (Sawa Hankon [Tell Me It's You] (Egyptian Arabic)),Egyptian,من أول نظرة عين بأهرب من أحاسيس جوه في قلبي و كأني سجين عايش و الخوف جوايا مستخبي بأبعدِك عني (ما تبعدنيش) لكن غصب عني الإحساس بيزيد و مش لاقي كلام (إتكلم و قول) بس عنك مش ممكن أبقى بعيد نفس الشعور ده حاسة بيه مش معقول كأني شُفتَك من سنين (شُفتيني) حاسة بأمان وعايشة فيه معايا خليك هنا على طول مهما يكون سوا هنكون هقولك إيه؟ وفين أروح إيه اللي اكد حبك إيه مهما يكون سوا هنكون أنا وحيد، أنا مسكين مش بأنكر حبي ليكي و مهما هأروح هأقول لقلبي ما تهَّديش وياه و كل ما بأشوف وطن حد بيأخده مني و يضيع إنتي عارفة أكيد (ده أكيد) دايماً إحساسك يملا قلبي نور مَلَكتي قلبي، يا قلبي مش هأدي فرصة لحاجة تبعدنا يوم مهما يكون سوا هنكون إوعديني إوعديني دايماً ما بيننا الحب يدوم مهما يكون سوا هنكون إوعديني إوعديني ما تروحيش وتسيبيني نفس الشعور ده حاسة بيه (الشعور) كأني شُفتَك من سنين (في بالي يدوم) عايشة في أمان وحاسة بيك جوايا جوايا إوعديني إوعديني إوعديني عمري ما نبعد يوم عن بعض قوللي تاني، قوللي تاني هأسمعها حتى لو عن بُعد قوللي تاني، قوللي تاني قولها للدنيا ونقول سوا هنكون سوا هنكون
0293,Mohamed Mounir,ضي (Dhayy),Egyptian,جوايا اكتشاف لو كله خاف، أنا مش هخاف من بين آلاف كل اللي شاف قال ده اكتشاف جوايا اكتشاف لو كله خاف، أنا مش هخاف من بين آلاف كل اللي شاف قال ده اكتشاف من يومي على لوني و الناس دي صعب، صعب يغيروني عايروني عاندوني دلوقتي بس يتمنوا يشوفوني لينا سيرة سيرة، لينا ضي قولوا للي جاي، أنا جاي لينا سيرة سيرة، لينا ضي مايموتش أملي و أنا حي لينا سيرة سيرة، لينا ضي قولوا للي جاي، أنا جاي لينا سيرة سيرة، لينا ضي مايموتش أملي و أنا حي على أصلي و أصيل لو كله مال أنا مش هأميل يا طريقي الطويل هأوصل مفيش هنا مستحيل بتدوُري جه دوري أنا قلق القلق لحظة حضوري جه أواني ده مكاني أول ... أنا أول مش هأبقى تاني لينا سيرة سيرة، لينا ضي قولوا للي جاي، أنا جاي لينا سيرة سيرة، لينا ضي مايموتش أملي و أنا حي لينا سيرة سيرة، لينا ضي قولوا للي جاي، أنا جاي لينا سيرة سيرة، لينا ضي مايموتش أملي و أنا حي لينا سيرة سيرة، لينا ضي قولوا للي جاي، أنا جاي لينا سيرة سيرة، لينا ضي مايموتش أملي و أنا حي
0294,The Nightmare Before Christmas (OST),[Sally's Song] أغنية سالي (Oghniya Sally),Egyptian,أنا حاسة بشئ شايلاه الريح ريحة مأساة و حزن صريح مع أني عايزة أكون مع جاك قلبي مقبوض وهو هناك و الأوحش جاي على الابواب وجاك مش حاسس باللي أنا حاساه و ياترى هيشوف أحساسي ناحيته أيه ؟ عايشة بأمل كداب صاحبي هيفضل منه أيه ؟ و أوهامه هتاخدنا لفين ؟ مع أني عايزة ابقى مع الناس و أعيش وياه نفس الأحساس ومهما حاول مش حاسة هنكون يا ترى في الاخر سوا لأ مش أكيد و سوا مش هنعيش عشان ما حبنيش
0295,Shehab,عالعموم (Ala el'omom),Egyptian,اتعلمت مش لازم نتحاسب فوري يا شباب قوله مهري و عشمان في الدوري و لحالي مبلعبهاش زوجي موتو رجل محدش ركبني ال Audi تلاتاتي سلامي بقصقصها خلقي ضاق سيكا يا عيال مجرسها البدرة و الكيتا اعلام بوثقها ارفعها اهويها كلاب بخصمها ميبنش ليها قيمة انطرة خد قطرة ان كنتوا  رباطها يبقى احنا في السيما انا عشت افنطزها مبقعدش اكبرها معملتش انا فيها التيتا بعطيطا لحالي مش ب-cliqua ما كفاية حك بوظتوا لبعض ال-socket أ جراوي اكرفها و بجريها ب-sausage مش جوي السيما انا مش بنطير أ roben I don’t need it و sorry ازميلي شهاب ميقولش sorry بstrike هتات اكني بلعب bowling و على نفس المبدأ i walk it like I talk it فا انا اسيط متسيطش سيدك انا اقول ت-viral متڤيرالش ازميلي مبمحرش مببيضش و خط سيري واحد انا مبغيرش خيخا مش ميخا متخطرفش و على كيفي يابا انا مبتخيرش و علي ايدي اهلاهيلي اجبكم مارش بلاليع اسلك فيها مبتنضفش فا انا اسيط متسيطش سيدك انا اقول ت-viral متڤيرالش ازميلي مبمحرش مببيضش و خط سيري واحد انا مبغيرش خيخا مش ميخا متخطرفش و على كيفي يابا انا مبتخيرش و علي ايدي اهلاهيلي اجبكم مارش بلاليع اسلك فيها مبتنضفش ستف ستف ستف محتجتش يوم اقدف بنزل فردي و بفعل عمري في يوم ما اتلت سمعوني ال shhhhh اما اكون بتكلم ياسطا كل ما اسمعكوا احس الشغلة خر* الشغلة لمت كتير ماعزش اكمل سنتين انمل عنكوا الشغل اجنب يا  في البيت مكسل او معزش انزل مش مهتم بحاجة سوقكوا في عيني عفن فا انا مبشوفش حد و طرينا دماغي دية مطريها قبل ما تنام ابقى غطيها متعش عليا يا ابو اليطا سيدي بشر عافية عالخريطة برضى الناس و بالطريقة موهوب عليكوا و دي فريضة مش مسموح تعملي ابو عريضة و عالعموم الشوش هو هو زي ما هو بربنط اللغة و قلبه نضيف من جوة معزش حاجة الا لما في يوم اخدها عالعموم انا اودي بكيفي و مش بالناس و زوقها مش واجع راسي ب شغلة  قال و قولنا و اللي جاي منه في حاجة يجي يزورنا
0296,Hamza Namira,كايرو (Cairo),Egyptian,يا خسارة هأمشي، معلش هأمشي هايصة الحياة و مش عارف حد بحاول أفرح قبل أما أروح عمال أدور طول الوقت على حد شبهي لو حد جنبي كنت قلبت الدنيا بجد ده العمر حتى يحلو حتة لو روحت حتة و ليك فيها حد و أنا ليه أفرح لوحدي أنا ليه ف مكان ماحدش شبهي أنا فيه أنا عايز ناس معايا تقاسمني الفرحة دي كايرو حد هنا من كايرو مش فارقة فين من كايرو من أي حتة ف كايرو كايرو حد هنا من كايرو مش فارقة فين من كايرو من أي حتة ف كايرو الحل عندي ما أبقاش لوحدي و يا دنيا مرضي بأي حد هاتي ناس حياتي، دي زي حالاتي تقف معايا و ف ضهري تسد هاتي الحبايب، أقرب قرايب و صحاب تهزر وقت الجد هات حد غالي لو حزن جالي نضحك على الأحزان مع بعض وانا ليه أضحك لوحدي انا ليه ف مكان ماحدش شبهي أنا فيه انا عايز ناس معايا تقاسمني الضحكة دي كايرو حد هنا من كايرو مش فارقة فين من كايرو من أي حتة ف كايرو كايرو حد هنا من كايرو مش فارقة فين من كايرو من أي حتة ف كايرو
0297,Tholathy Adwa'a El Masrah,شفت الحليوة (Shouft el hilliwa),Egyptian,"بص! ..شوف! ..مين؟ يا وعدى! بص!..شوف!.. مين؟ يا وعدى! شوفت الحليوة راكبة تاكسي تاكسي ..تاكسي وعيونها راحت فاتحة نفسي نفسي .. نفسي والحب قال يا حلو مسي .. مسي ..مسي ردت وقالت:"" بوناسيرا فوق، روح كلم فوق بابي!"" قلبي فى رجلايا طار وراها راها ..راها دخلت فى شقة دخلت معاها عاها .. عاها ولقيت باباها بيستناها ناها .. ناها قولتلو:"" ياسو كاليمارااااا هاو هاو دو يو دو بابى؟ "" ابوها راجل زى المارد لابس فانيلا كم واحد وعليه خدود منفوخة زي البطيخ الصرحاوي وعليه خدود منفوخة زي البطيخ الصرحاوي و ودانه واحدة مسلوخة والتانية زى الحصاوى وي وي شناباتو! شناباتو شاناباتو! ك شنباتو شنباتو! شنباتو و بُقوا  و سنانه زي الحلزون الواحد يفضل يلاعبهم و يدخل جون وسألنى بصوت بصوت سعران:"" طلباتك ايه ايه يا خفيف؟"" قولتلوا :"" عاشق عاشق ولهان والشوق يا لطيف يا لطيف يا لطيف"" وأنا طالب القرب من بنتك متقولش لأ أنا فى عرضك وأنا طالب القرب من بنتك متقولش لأ انا فى عرضك قالي:"" تعرفها منين؟  ويا حلو وشوفتها فين؟ "" قالى "" تعرفها منين؟ ويا حلو وشوفتها فين؟ قولتلو :"" صدقنى يا اونكل ساعة ما التاكسي وقف فرمل"" قولتلو:""  صدقنى يا اونكل ساعت ما التاكسي وقف فرمل الإكس بتاع قلبي اتشنكل"" بص! ..شوف! ..مين؟ يا وعدى! بص!..شوف!.. مين؟ يا وعدى! شوفت الحليوة راكبة تاكسي تاكسي ..تاكسي وعيونها راحت فاتحة نفسي نفسي .. نفسي والحب قال يا حلو مسي .. مسي ..مسي ردت وقالت:"" بوناسيرا فوق، روح كلم فوق بابي!"" قلبي فى رجلايا طار وراها راها ..راها دخلت فى شقة دخلت معاها عاها .. عاها ولقيت باباها بيستناها ناها .. ناها قولتلو:"" ياسو كاليمارااااا هاو هاو دو يو دو بابى؟ "" بصلي حتة دين بصة ورزعني قلم و اتوصى بصلي حتة دين بصة ورزعنى قلم واتوصى و حواجبه اتنفشو بأعجوبه و اترسموا سبعة مقلوبة و حواجبه اتنفشو باعجوبه واترسموا سبعة مقلوبة وزنقني وقال: ""ياحياتى! الحلوة دى تبقي مراتى لو قابلت واد قرداتي بتنفذ تعليماتى"" وربطنى فى رجل الطربيزة وبصوت مبحوح قال:"" يا عزيزة!!"" وربطنى فى رجل الطربيزة وبصوت مبحوح قال:"" يا عزيزة!! "" يابت يا حرمى!.. حرمى! نعمين يا سي ناظمى!. ناظمى اه يابت يا حرمى !..حرمى! نعمين يا سي ناظمى!.. ناظمى! يا حليوة يا حلوة يا حالولى هاتى الكرباج الاسطنبولى يا حليوة يا حلو ة يا حالولى هاتى الكرباج لاسطنبولى و إدانى فى راسي و دراعى بالكرسي جملة وقطاعى وإدانى فى راسي و دراعى بالكرسي جملة وقطاعى والراجل حصلتلوا هوسة و الهوسة قلبت بنكسة و  النكسة عملتلوا لوثة واللوسة قلبت علي كارثة ومن يومها بطلنا معاكسة ومن يومها بطلنا معاكسة ومن يومها بطلنا معاكسة ومن يومها بطلنا معاكسة وحلفنا لنألف غنوة ونسيبها كدهو للذكرى وحلفنا لنألف غنوا ونسبها كدهو للذكرى برم برم برم برم تارا برم برم برم برم تارا بص! ..شوف! ..مين؟ يا وعدى! بص!..شوف!.. مين؟ يا وعدى! شوفت الحليوة راكبة تاكسي تاكسي ..تاكسي وعيونها راحت سدة نفسي نفسي .. نفسي .. و لبست في راسي رجل كرسي كرسي ..كرسي من يومها لما بشوف حليوة بصرخ و أقول مامي شوفت الحليوة راكبة تاكسي.. تاكسي ..تاكسي وعيونها راحت سدة نفسي .. نفسي .. نفسي ولبست في راسي رجل كرسي .. كرسي .. كرسي من يومها لما اشوف حليووووة بصرخ وأقول مامى بوناسيرا مامى كاليمارا مامى"
0298,Lady and the Tramp (OST),أغنية القطط [The Siamese Cat Song],Egyptian,احنا قططين بسبوستين احنا قططين حلوين الاتنين قلنا ناخد فكرة عن بيتنا الجديد لو عجبنا ممكن نقعد فيه للعيد بصي يا أختي ده اللي بيعوم هناك شايفاه؟ Yes ايه رأيك لو احنا رحنا لعبنا معاه لو دخلنا ايدينا جوه و طلعناه تاخدي راسه انتي و انا الديل سامعة اللي انا سامعاه؟ ده بيبي فوق مادام فوق فيه بيبي يبقي اللبن فيه لو بصينا جمبه نلقى مش بعيد لبن ليكي كتير وليا بالتأكيد
0299,The Little Mermaid II: Return to the Sea (OST),أول مرة [For a Moment] (Awel Mara [For a Moment]),Egyptian,يالله بحرفنة سيطري عالزعنفه و كأني بمية شعرة برجلي متكتفه الشمال أهوه، و اليمين فين؟ كده حفضل في دايره أحوط يومين أهو كده لقدام حلو أوي بعض الحركات ما يعملهاش إنسان و بأعوم و كأني بتمشى في بستان كسرت السجن و هربت من السجان يا محيط، فين أراضيك من زمان؟ في لحظة رجعت الحياة تحت المية بتنفس كده بتقلب و اتشقلب على كيفي بدلال ما تكعبلش بثوب و لا أغرس في رمال الدنيا حلوه كتير و كأني تحت المية بطير أنا عايشة أحلام أحلى منها ما فيش دَنا حالي فجأة تغير و هعيش في لحظة فكرت إني أكشفلك سري و أقول ساعتها ماكنش البحر يكون بالنسبة لك مجهول الدنيا إحلوت بعيوني و نورتلي أكثر بكثير من زمان حلوة جنان رح أودع الأحزان ذيلي ده زعنفه حلوه جنان جلدي تكرمش لكن أنا ما يهمنيش حتى لو بقا شعري متلخبط كنيش بقى حالي زيه مفيش اتحققت أحلامي و هعيش يا ريت ماما تجي تشوف كل اللي أنا فيه دَنا حالي فجأة تغير و هعيش حلقاك في يوم حبيبتي و ساعتها أنا رح أقول تعالي جوه فحضني سوا نغني للمحيط على طول دَنا حالي فجأة تغير و هعيش
0300,MUSlim (Egypt),الدنيا ملبشة (من مسلسل مملكة الحرير) (El Donia Melabesha),Egyptian,هو انت مش كنت طيب؟ وداهو مش كان قريب؟ هنشاور ونعييب على مين ولا مين؟ اللي حلو بقي وحش واللي كان مكمل طفش بالونة هوا بتتنفش واهي بني ادمين دنيا ملبشة وكله بعد العشا بيقلع وش الخشا وبيلبس وش من اياهم دنيا مشعوذة عاملة كويسة وهي ملبسة دا ف دا ف دا ومظبطاهم اوعي تقول فلان دا غيرهم لاحسن بكرا تلاقيه منهم يلا الله يبعدنا عنهم أشتاتاً أشتوت اللي قال هيرد غيبتي طلع هو اللي جاب سيرتي وانا قاعد جمب خيبتي وياعيني مخضوض
0301,Natacha Atlas,مش فاضيلك (Mish Fadilak),Egyptian,يا حبيبي أنا مش فاضية لك ولا فاضية للغرام هأفضى و بعدين أجيلك أنا لِيّا معاك كلام يا حبيبي أنا مش فاضية لك ولا فاضية للغرام هأفضى و بعدين أجيلك أنا لِيّا معاك كلام خلينا بعيد شوية يمكن أنسى الآسية خلينا، خلينا، خلينا يمكن أنسى الآسية ده إنت اللي عملته فِيّا يا حبيبي كان كتير يا حبيبي آه آه يا حبيبي آه آه يا حبيبي آه آه آه آه آه آه لو جاي تحيرني إبعد بعيد عني (مش عايزة أحبك) إنسى هواك لِيّا ده أنا شُفت بعينيا (الغدر من قلبك) لو جاي تحيرني إبعد بعيد عني مش عايزة أحبك إنسى هواك لِيّا ده أنا شُفت بعينيا (الغدر من قلبك) خلينا بعيد شوية يمكن أنسى الآسية خلينا، خلينا يمكن أنسى الآسية ده إنت اللي عملته فِيّا يا حبيبي كان كتير يا حبيبي آه آه يا حبيبي آه آه يا حبيبي آه آه آه آه آه آه بلاش تكَدِّبْني لو مرة، صدقني (إنت إنتهيت) صدقني يا حبيبي يا قدري و نصيبي (إنت إتنَسيت) بلاش تكَدِّبْني لو مرة، صدقني إنت إنتهيت صدقني يا حبيبي يا قدري و نصيبي (إنت إتنَسيت) خلينا بعيد شوية يمكن أنسى الآسية خلينا، خلينا، خلينا يمكن أنسى الآسية ده إنت اللي عملته فِيّا (آه آه) يا حبيبي كان كتير يا حبيبي آه آه يا حبيبي آه آه يا حبيبي آه آه آه آه آه آه
0302,Hamza Namira,معاك وليا الشرف (Ma‘ak wa Leyya ash-Sharaf),Egyptian,طول ما احنا إيد على إيد نوصل لحلم بعيد نسعد قلوب الناس ونعيش لبعضينا مشوارنا لسه طويل ماشينه جيل ورا جيل نقدر بإذن الله لسه الأمل فينا حلوة الحياة لما أجمل ما فينا يبان ترجع لنا البسمة والخير في كل مكان حلوة الحياة لما أجمل ما فينا يبان ترجع لنا البسمة والخير في كل مكان نتعب عشان إنسان مايكونش لحظة حزين يبقى الأمل عنوان طول السنين...طول السنين
0303,Tamer Ashour,قصر بعيد (Qasr Be'eed),Egyptian,في قصر بعيد ولا في الأحلام ساكنة أميرة عمري الجاي وأنا من تفكيري فيها ما بعرف أنام نفسي أعرف بس أوصلها إزاي حراسها كتير والوضع خطير ولا أمير ولا حِلة جاية وقالوا لي فوق وارجع بالسوق وما تبصش فوق بلاش معاناة أنا عمري ما أسيب أحلامي تغيب لو لينا نصيب فالحب حياة من إمتى وكان للحب معاد أو صور وحصون حراس وبلاد ده عشانها أعدي بحور وبحور وأموت لو مرة تشوفني جبال حراسها كتير والوضع خطير وأنا الأمير ولا حِلة جاية وقالوا لي فوق وارجع بالسوق وما تبصش فوق بلاش معاناة أنا عمري ما أسيب أحلامي تغيب لو لينا نصيب فالحب حياة
0304,Shehab,ستاموني (Satamoni),Egyptian,إييييه إيه ده، ليه ده ألولو كده؟ الفلوهات دي ما إنتاش ناتشها ما تعرفش إنت في يوم تقفشها والبنت باين هيموت ويهنها صوتي أوتار، مش جيتار خدها إبن السلطان وطار كله كله بيدور حولي Without me it feels so dark And you keep sayin I ain't the sun لا إستعيذي، ده الشيطان لأ إصحي وفوقي أماما وما تحرفيش في اللي دار ريحتك نتنة، نقوم من جنبك تتصدر دايمًا من فنك يفتح بُقه يجيش معايا من ع التندة نزقه زقة نعمل بس عليكو لالا وإنتو مسحيلي أماما قرود إنتو ع الجبلاية سامع صوت هوهو وهاها فأحسن مني إزاي؟ هيهي ‫ضحكت صوتي Melody توتي يعمل مهرجان يرقص عضم أتخنها فيل لا لا فاكس دباديب وإنتوا فاكس تخاريف باتت ماتت، شدوا بلاستر ‫خافوا من عم وردة الـ Scene زميلي إنتو في الهوبا ليسا هوبا، بيسا، نروحو الجيهة نلاقوك سيكا، في توتي حكيها بس أخيخا، بلا نيلة بلا في بلا وأنا أديها بلا في بلا وأنا فيها وع العادي يابا يابا أووووه إييييه بنثور عليها زي چي چيفارا متحرش! طب إيه الأمارة؟ ده أنا كرفت ودي عباطة تشتم تزعل لما نقولو ست حارة طب فاكس بقى لا لا ما تظبطي حالك بقى نص يتجنحر بس ع الفاضي نص يتدارى في كترة وعدد جوعك باين في البارات دي ولا إخلع، ما إنتاش سند والرمق مش بس لورا بيبي خرفتي، نجيبلك دوا؟ ولأ مش خسارة فيكي بس كفاية شم في إيدي مش عشان قلنا كانت بودرة ده إنتي خسارة فيكي إيري كيمي، كيمي، كيمي، كيمي، كيمي كاه ‫(نص الـ Scene ينتجلك بس في كيمي، كيمي كاه) ‫لا ما أستنضفكوش إنكو تبقوا Haters آه لا مش مرة زيك قاعدة بتندب ع الجراح لا ما شفناش فيها حد سد قصادي آه وفر إيدك عشان دُغري هعضهالك أنا معلي كل سقفة من صغري نشوفكو سكّة البقاء للأذكى قصدي كان للأسمى مش برامية باكو مفرق يجي خمسة مفرق يجي عشرة إنت تفرقلي بس فكة وتحت رجلي فلوسي تجري معيش جني بس عايش جني عايش ملك، مش بس في حلمي إنت تكاكي، يا دوب جيب في إسمي إيديكو تحت، لأ فوق نتحكمو فيكو بس بالذوق لا فيها عافية ولا خوف هدي العِوج، قلل من الطوف عشان إيه ده، ليه ده ألولو كده؟ الفلوهات دي صوتي حاسمها ما تعرفش إنت في يوم تقفشها والبنت باين هيموت ويهنها صوتي أوتار، مش جيتار خدها إبن السلطان وطار كله كله بيدور حولي Without me it feels so dark (And you keep sayin I ain't the sun) (لا إستعيذي، ده الشيطان) (لأ إصحي وفوقي أماما) (وما تحرفيش في اللي دار) إيه اللي جرى؟ Bitch Shehab baby
0305,Tul8te,وحشتيني (Wahashteeny),Egyptian,روحتي فين؟ وحشتيني لسه أنا زي ما أنا لسه، مستنيكي روحتي فين؟ روحتي فين؟ مستنيكي مستنيكي مش عارف ابطل تفكير فيكي فحاسس إنه أنا مش عارف أبعتلك ولا ما أبعتلكيش أكيد دي مش أحسن طريقة أقولك بيها انك وحشتيني بس وحشتيني الصراحة روحتي فين؟ وحشتيني لسه أنا زي ما أنا لسه، مستنيكي روحتي فين؟ روحتي فين؟ مستنيكي مستنيكي
0306,Nancy Ajram,تيجي نعيش (Teegy Ne'eesh),Egyptian,تيجي نبعد و نطنش كل الزحمة اللي مَلِّتنا ناخد وقتنا نقعد سوا لو مرة براحتنا نسمع نرغي نفضفض نخرج ناخد راحتنا والله حتى لو نقعد ساكتين سوا ياريتنا .. نشبع من بعض في يوم مثلاً إيه اللي يجرى ماهي دي الحكايات اللي بتعيش في العمر ذكرى و الناس دي نوعين، نوع دلوقتي ونوع دايماً بكرة رأيي إن مافيش غير حالاً في إيدينا على فكرة تيجي نعيش العمر لحظة بلحظة بلحظة تعالى نعيش و نسيب بكرة لبكرة لبكرة و أصلاً ده مافيش في إيدينا غير دلوقتي نعيشه تعالى نعيش ما تيجي نعيش العمر لحظة بلحظة بلحظة تعالى نعيش و نسيب بكرة لبكرة لبكرة و أصلاً ده مافيش في إيدينا غير دلوقتي نعيشه تعالى نعيش الوقت اللي بيضيع محسوب من عمرنا إحنا مالهاش معنى نأجل لحظة هتفرق للأحلى الدنيا بتمشي وبتكمل مهما إحنا قِلِقنا يبقى نروق و نسيب الجايات بقى تفاجئنا ده اللي بيفرق فعلاً في الآخر لو حسينا لو حبينا و غنينا، ضحكنا و إتشاقينا لو بس نسيب للوقت وقت ده هايكفينا و اللي يقولك مش وقته قول له ده بإيدينا تيجي نعيش العمر لحظة بلحظة بلحظة تعالى نعيش و نسيب بكرة لبكرة لبكرة و أصلاً ده مافيش في إيدينا غير دلوقتي نعيشه تعالى نعيش ما تيجي نعيش العمر لحظة بلحظة بلحظة تعالى نعيش و نسيب بكرة لبكرة لبكرة و أصلاً ده مافيش في إيدينا غير دلوقتي نعيشه تعالى نعيش
0307,Shehab,السيد (El Sayed),Egyptian,[المقدمة] يا اللي تحسوا بالفرق مصارع نفسي بالوقت جت معاكوا بالزق جت معاكوا بالحك [المقطع] ‫شهاب الـ Dope لو لسه في فضول شيل رمضان، أنا نمبر وان دي أصول في الكار فوق، زميلي شهاب في الكار فوق تستعجلش على الموت، زميلي بالدور بالدور إيه، صِيتي مسمع مطروح نغني الشباب دي تروح أمين بالسر ما نبوح بس وسطيكوا دايمًا منبوذ، إيه شد يابا شد، لف يابا لف نبعتروا في فلوس ونعيشوا في العز تمامك لكلوك يلا شد ومد أنا أهم أنا أجز هي عند بعند زميلي بتدور بالدور قولي مين ده ومين دول بشر الـ ١٠٠ ألف لون بشر مريضة ما تصون واللحمة رخيصة بتهون، إيه I be runnin' runnin' milli' rockin' On dat dirty busty bitch and I cruise ‫أثور انتفض وأنا روحي إنطفت والجته اتهرت من Booze صب وعبي كراتيني في دمي وأنا مهما أنمي مرفوض ولو مفيش حتى لو معيش عادي سهلة نعيش مظبوط شهاب يعادي في الكل شهاب يسندل على الكل ريحي أنا أطيب من الفل نجبها عافية مفيش زل عادي سهلة ومش مستهلة كلنا هنموت ومش فارقة ليه أما أغني أزميلي إنت تزمزق خسارة خسارة معاك المكسب هاتوا المكبس والعدة حضروا بيتا وقولي إمتى ‫تعوزوا Hit؟ هاها ما تخلوها ستة؟ طريقي أخضر ودماغي حركة كلها عارفة مين الريس مهما تقول شهاب السيد مهما تهاتي أنا فيك أمنيس سهل نشيل بس طبعي خير إنتوا تجروا ورا القطة وحتة تورتة لو مفيش كاش تعالى بكرة تعوزى الدفا؟ طب ما أديكي سترة شمي في إيدي لو تعوزي بودرة ولو إنتوا كترة ما بجريش كلح أنا خالص أبوط ما أمشيش أصد ما أجليش، أشيل ما أهريش أنا فعل وتنفيذ، أطس وما أرميش ما تجيش معاكوا بلك ودردشة ما تعش إنها كانت حك وحنتفة آرازي في الكل وأفليكس عليك أنا عواهر إيه بقى، عواهر فين يلا، إيه Louie on my chest and we rollin' keep your face away Gucci on your bitch and we fuckin' we fuckin' all the day Bitches booty dancin' strippin' on ma shit all the day Lotta weed we rollin' we rollin' all the day
0308,Ahmed Amin,فاست فود (Fast Food),Egyptian,طول عمري أكلي نضيف والفاست فود مانع كنت اجري جري عنيف مانهجش وانا طالع ولا عمري ادوق بلوبيف ولا كبدة مالشارع وفت فورمة خفيف ولا بعيا ولا انازع قدري اني اقابل وليف واد جارني في الرابع قاللي تدوس في رغيف شكلك جعان واقع دا سجق حودة نضيف والله ماهو راجع ولا انت قلبك ضعيف عازمك ومش دافع ورغيف يجر رغيف ماقدرتش اتراجع باكل كما الحلاليف وفتحت عالرابع باكل الدبيحة في رغيف من راسها للكارع جاب رجلي صاحب السوء بادوق واختار وادوس في حاجات ما بقيتش لحظة بافوق باكل ممبار بين الوجبات واطلب بكل هدوء كرسبي الحار بدون سلطات وبقيت عايش مزنوق في لبسي وعار على الشارع قلبت ياما فلوس كتب ودروس وكلية وامي سرقت صيغتها إللي حيلتها بإدايا عشان كريب نوتلا ولا عسلية أو كيس بطاطس حتى مش مايونيز ولا صوابع ورغيف يجر رغيف ماقدرتش اتراجع باكل كما الحلاليف وفتحت عالرابع باكل الدبيحة في رغيف من راسها للكارع وبقيت عايش بعذابي شفت جنابي يا طبيبي! على طول لابس جلبابي حتى صحابي شافو عيبي اه يا ضهري اه يا كعابي ركبي اه يا رباطي يا صليبي لفينا كلنا ما كلنا كنا في حالنا يا مواجع ورغيف يجر رغيف يجر رغيف.. يجر رغيف باكل كما الحلاليف وفتحت عالرابع باكل الدبيحة في رغيف من راسها للكارع ورغيف يجر رغيف ماقدرتش اتراجع باكل كما الحلاليف وفتحت عالرابع باكل الدبيحة في رغيف من راسها للكارع ورغيف يجر رغيف يجر رغيف.. يجر رغيف باكل كما الحلاليف وفتحت عالرابع باكل الدبيحة في رغيف من راسها للـ.....
0309,Ruby (Egypt),ندل و عيوطة (Nadl Wa Ayouta),Egyptian,تضرب وتبكي تظلم وتشكي تسبق وتحكي ومفرج علينا الناس غاوي مرازية جاي في اذية عامل ضحية عيشنا وشوفنا شيطان حساس ما تبقاش ندل وعيوطة بوّظت سمعة الاندال خلي المعايير مظبوطة ما احنا يا اشرار يا احنا عيال ما تبقاش ندل وعيوطة بوّظت سمعة الاندال خلي المعايير مظبوطة ما احنا يا اشرار يا احنا عيال ولا احنا عيال توعد وتخلف تكذب وتحلف تتهم وتحذف اللي فيك في خلق الله عامل مثالي قال مش اناني عندك ايه تاني هتسلينا بيه غير ده وما تبقاش ندل وعيوطة بوّظت سمعة الاندال خلي المعايير مظبوطة ما احنا يا اشرار يا احنا عيال ما تبقاش ندل وعيوطة بوّظت سمعة الاندال خلي المعايير مظبوطة ما احنا يا اشرار يا احنا عيال ما تبقاش ندل وعيوطة بوّظت سمعة الاندال خلي المعايير مظبوطة ما احنا يا اشرار يا احنا عيال
0310,Ahmed Saad,أشرار (من فيلم روكى الغلابة) (Ashrar (Men Film Rocky El Ghalaba)),Egyptian,اللي بيحبونا علي جمب و اركن علي جمب التانيين احنا يا ناس نفسنا نتحب من نوعية ناس حلوين عايزين حد يكلم حد يتصرفلنا في الوحشين يبيعهم كيلو يبيعهم فرط بس يبقى حد امين مش عايزين حولينا اشرار ولا حد يجي علينا بخساره بخساره ناس سالكين حولينا كتار بس انت محتاجلك نضاره مش عايزين حولينا اشرار ولا حد يجي علينا بخساره بخساره ناس سالكين حولينا كتار بس انت محتاجلك نضارة دنيا ماشيه بتتمرجح و في كل نزله احنا بنتخض عايزين نخف هنا المركب و الاندال يفضلوا علي الشط صفحه و ارسم فيها الخط ناس شمال و الباقين دايمين الي معانا يدوب علي القد نشتري بالباقي الشاريين مش عايزين حولينا اشرار ولا حد يجي علينا بخساره بخساره ناس سالكين حولينا كتار بس انت محتاجلك نضارة مش عايزين حولينا اشرار ولا حد يجي علينا بخساره بخساره ناس سالكين حولينا كتار بس انت محتاجلك نضارة
0311,Frozen (OST),الحب أجمل دار [Love Is an Open Door],Egyptian,وفي لحظة لقيتك قدامي فكرت زيك بالظبط... عشان عمري ضيعته بدور على قلبي وبحب أسهر وأفرفش وآكل تشوكلت فوندو ووياك وياكي لقيت قلبي أجمل إحساس حاجة حاسه بيها كدا زي النار حاجة حاسس بيها كدا زي النار ده الحب أجمل دار الحب أجمل دار الحب أجمل دار وياك وياكي وياك وياكي ده الحب أجمل دار في وقت واحد إيه؟ بنفسر لبعض الأحلام سرقتي مني الكلام عمري ما شفت حد بيفكر زيي صح وأنا بقول لما يحصل التلاقي معناه إن الحب باقي أنتي وأنت إحنا لبعضنا الوداع لسنوات الأحزان خلاص مش هانحس بمرار الحب أجمل دار الحب أجمل دار الحب أجمل دار معاك معاكي معاك معاكي الحب أجمل دار أقول لك على حاجة مجنونة؟ تتجوزيني؟ أقول لك حاجة مجنونة أكتر؟ موافقة
0312,Ehab Tawfik,هلي يا فرحة هلي (Helly Ya Farha Helly),Egyptian,هِلّي يا فرحة هِلّي لالي يا نجمة لالي جالي حبيبي قاللي قاللي لما جالي هِلّي يا فرحة هِلّي لالي يا نجمة لالي جالي حبيبي قاللي قاللي لما جالي إنتي شموستي جنبي تنبسطي لما بتطُلي شوق بيوصللي ضحكة بتحَلّي هِلّي يا فرحة هِلّي لالي يا نجمة لالي جالي حبيبي قاللي قاللي لما جالي دوبي يا روحي دوبي ميلي يا عيني ميلي و الضي في غروبي بيغني يا عيني يا ليلي ما أنا زاد إنشغالي و سهرت الليالي جالي حبيبي قاللي قاللي لما جالي إنتي شموستي جنبي تنبسطي لما بتطُلي شوق بيوصللي ضحكة بتحلّي هِلّي يا فرحة هِلّي لالي يا نجمة لالي جالي حبيبي قاللي قاللي لما جالي دوري يا دنيا دوري كوني يا ضحكة كوني آه حبك ضروري و الفرحة في عيوني أنا مش عارفة مالي غَيَّر فجأة حالي لما جالي قاللي قاللي لما جالي إنتي شموستي جنبي تنبسطي لما بتطُلي شوق بيوصللي ضحكة بتحلّي هِلّي يا فرحة هِلّي لالي يا نجمة لالي جالي حبيبي قاللي قاللي لما جالي
0313,Ruby (Egypt),لازقة خفاش (Lazeat Khofash),Egyptian,وانا اقول لا مايعملهاش ده لازقلى لازقة خفاش قمت بقى انت عاملى مفاجئة وبعتنى بيعه من ام بلاش وانا اقول لا مايعملهاش ده لازقلى لازقة خفاش قمت بقى انت عاملى مفاجئة وبعتنى بيعه من ام بلاش وجاتلى البلوه على سهوه وانا والله مش ناقصه خفت لاموت من القهرة روحت متحزمة وراقصة وجاتلى البلوه على سهوه وانا والله مش ناقصه خفت لاموت من القهرة روحت متحزمة وراقصة بجهز للفرح فستان وقاعده بطفش العرسان واتفقنا نجيب كام عيل لأ واخترنا الاسامى كمان اديك قلبت الضحكه عياط بدل ما اقول بلوا الشربات قاعده بلقم القهوة جاتلى البلوه على سهوه وانا والله مش ناقصه خفت لاموت من القهرة روحت متحزمة وراقصة ياعينى عليا عايشة ولاهية وانتى الامرة و انتى الناهية بقي تقابلنى بالفين مرحب وتودعنى بستين داهية يا بير غويط يا سهن يا خن انا كابسه قهرتي كابسة بن لا عارفه اشكى ولا استهوي جاتلى البلوه على سهوه وانا والله مش ناقصه خفت لاموت من القهرة روحت متحزمة وراقصة
0314,Yara,تغيير الفصول (Taghyeer El Fousoul),Egyptian,اللي عدى قبلك كله قلبي عنه فعلاً مش مسؤول كان مشقلب كلو ومش معدول حاجة تشبه تغيير الفصول صدفه جيت قصادي خطفت قلبي شغلت عقلي ودبت فيك كل ما قول كلام بيكون عليك يعني فعلا روحي لقيتها فيك كل اللي بيسألني عنك انت عيوني بتضحك بس ليه يعني ممكن احكي واقولو ايه ع اللي ساكن فيا وساكنه فيه انت اقرب ليا مني روحي شبهي حتى في لون عينيك بترتب حياتي بلمسه شيك واخد كل حلاوة الدنيا فيك اللي عدى قبلك كله قلبي عنه فعلاً مش مسؤول كان مشقلب كلو ومش معدول حاجة تشبه تغيير الفصول كل الناس في كوم وحبيبي كوم والباقي يعني مالوش لزوم شاغل بالي لما بنام واقوم انت نعمه بدعي يا ريت تدوم زي مصباح سحري بيحققلي في ثانيه كل الأمنيات ده اللي في عز صمتو قايل حاجات شكلو زي أمير الروايات انت زي باركود قلبي مش بيقبل يفتح الا بيك واخد كل حلاوة الدنيا فيك كل يوم بتشد زياده ليك زي طفله بتلجلج في كلامي لما بس بشوف عينيك ايوه طبيعي اتسند عليك فيك كاريزما تشد الكل ليك اللي عدى قبلك كله قلبي عنه فعلاً مش مسؤول كان مشقلب كلو ومش معدول حاجة تشبه تغيير الفصول
0315,Ahmed Bahr,حبيبي لو زعلان (Habibi Law Za'lan),Egyptian,(رجعة برجعة يا أبو عبير حبيبي) حبيبي لو زعلان (زعلان) البحر هناك مليان (مليان) إشرب على قد ما تقدر (إشرب ياض) و إشرب حبة كمان (ولا) حبيبي لو زعلان (زعلان) البحر هناك مليان (مليان) إشرب على قد ما تقدر (إشرب ياض) و إشرب حبة كمان (ولا) حبيبي لو عشمان (عشمان) أنا مش زي زمان (آه) إحلم على قد ما تحلم (إحلم) مفيش تحقيق أحلام (مفيش يالا) قال و إنت جاي عليا سألت (إيه) قلبي أنشف من الأسمنت (إلعب) أيام ما كنت ماسك مقلمتك (مقلمتك) كنت أنا يابني ماسك أسفلت (إسمع) ألوم على النقص ولا الناقص (الناقص) واحد مبحلق التاني باصص (إلعب) اللي مولتو ماجنم باظظ (إلعب) حشو الجدعنة كان صايص حبيبي لو مقموص (مقموص) إشرب عرقسوس (إشرب ياض) اشرب على قد ما تشرب أدي جِركِن ليك مخصوص (مخصوص) حبيبي لو متغاظ (متغاظ) ممكن تلعب جمباز (جمباز) هتنط مهما تنط أخرك تعمل شقلباظ (حبيبي، حبيبي حبيبي، حبيبي حبيبي، حبيبي حبيبي، حبيبي ياض حبيبي، حبيبي حبيبي، حبيبي حبيبي، حبيبي حبيبي، حبيبي ياض) قَيِّدّت ليكي صوابعي شموع (إلعب) قدمت أنا كل الأسبوع (إلعب) خدتي عيني و سيبتي دموع (إلعب) هو ده العشق الممنوع (يا لهوي) لسه لسه أنا عند وعودي لو مشيتي مش هأقولك عودي جوه القلب و جوه الهودي مفيش حد بيملى وجودي (إلعب) مفيش مني مفيش مني (مفيش مني) ده جمداني معذبني مفيش مني مفيش متي (مفيش مني) بموت فيا أنا عاجبني رسالة لأحدهم (إلعب) أنا لأ مش زيهم (إلعب) أنا بيهم كلهم (إلعب) أنا أجمد منهم (إلعب) حبيبي لو زعلان (زعلان) البحر هناك مليان (مليان) إشرب على قد ما تقدر (إشرب ياض) و إشرب حبة كمان (ولا) حبيبي لو عشمان (عشمان) أنا مش زي زمان (آه) إحلم على قد ما تحلم (إحلم) مفيش تحقيق أحلام (مفيش يالا) (حبيبي، حبيبي حبيبي، حبيبي حبيبي، حبيبي حبيبي، حبيبي ياض حبيبي، حبيبي حبيبي، حبيبي حبيبي، حبيبي حبيبي، حبيبي ياض) حبيبي لو زعلان البحر هناك مليان إشرب على قد ما تقدر و إشرب حبة كمان
0316,Maya Diab,اكتر شوية (Aktar Shewaya),Egyptian,شوية أكْتَر شُوَيَّة إهْتَمّ بِيَا أكْتَر شُوَيَّة وَأَسْأَل عَلِيًّا (شوبة) أكْتَر شُوَيَّة وَإهْتَمّ بِيَا أكْتَر شُوَيَّة وَأَسْأَل عَلِيًّا قَدْر تَتَقَدَّر، تتغندر، تتمنظر تَؤمُر، تَتَأَمّر دَلَّع تتدلع، تتظبط، تتشرط تَحَكُّمٌ وَتَقَرَّر قَدْر تَتَقَدَّر، تتغندر، تتمنظر تَؤمُر، تَتَأَمّر دَلَّع تتدلع، تتظبط، تتشرط تَحَكُّمٌ وَتَقَرَّر وتقرر تَشَوَّف اللَّيّ مشفتوش وتعيش ويايا اللَّيّ ماعشتوش تتهنى فِي جَنَّةِ تَجَنَّن عزالنا اللَّيّ ما يتسموش تَشَوَّف اللَّيّ ما شفتوش وتعيش ويايا اللَّيّ ما عشتوش تتهنى فِي جَنَّةِ تَجَنَّن عزالنا اللَّيّ مايتسموش تاخد عَيْنِيًّا أكْتَر شُوَيَّة، إهْتَمّ بِيَا أكْتَر شُوَيَّة وَأَسْأَل عَلِيًّا طب تاني تدوق دوقان الجَوّ الْعَالِي الجَوّ أَمَّا بيحلو تَرُوق روقان الْإِنْس ومغنى وَرَقْص هُنَا ما يخلصش تدوق دوقان الجَوّ الْعَالِي الجَوّ أَمَّا بيحلو تَرُوق روقان الْإِنْس ومغنى وَرَقْص هُنَا ما يخلصش آه حاجات مَش عَادِيَة وأكْتَر شُوَيَّة، إهْتَمّ بِيَا أكْتَر شُوَيَّة وَأَسْأَل عَلِيًّا شُوَيَّة، شُوَيَّة، شُوَيَّة شُوَيَّة شُوَيَّة قَدْر تَتَقَدَّر، تتغندر تتمنظر، تَؤمُر، تَتَأَمّر دَلَّع تتدلع، تتظبط، تتشرط تَحَكُّمٌ وَتَقَرَّر قَدْر تَتَقَدَّر، تتغندر تتمنظر، تَؤمُر، تَتَأَمّر دَلَّع تتدلع، تتظبط تتشرط تَحَكُّمٌ وَتَقَرَّر وَتَقَرَّر طب تاني مفيش تاني
0317,Maya Diab,طاقة ايجابية (Taqa Egabiya),Egyptian,مش عایزه سلبیات انا عایزه طاقة ایجابیه الفتره دي بالذات عایزه افصل بس شویه عایزه اركب طیارات واسافر كل الدنیا استمتع بالحیاه واعیشھا بس لیا مش عایزه ھموم ومشاكل عایزه حاجه بتتاكل واسھرلي سھره حلوه لحد الصباح الباكر ھاخد من الشمس بوسة فا تغیر مني النجوم والبس أحلى فستان أخلي القمر یتاخر مش عایزه سلبیات انا عایزه طاقة ایجابیه لو فی حد زعلان میجیش یمسحھا فیا انا عايزه فلوس وهدايا وحبايبي يبقوا معايا نرقص ونهد الدنيا وأرمي كل الي ورايا ومفيش حاجة تزعلني والاكس یفكو مني واعمل كل الي فنفسي ومفيش حد يحاسبني مش عایزه سلبیات انا عایزه طاقه ایجابیه لو فی حد زعلان میجیش یمسحھا فیا مش عایزه سلبیات انا عایزه طاقة ایجابیه الفتره دي بالذات عایزه افصل بس شویه
0318,Ahmed Saad,شفتشي (Shefteshi),Egyptian,الله مانا حلو و عادي اهو الله ما طلعت انا هادي اهو الله دا انا رايق خالص اهو ياتري ايه جديد حاصل هناهو؟ الله دانا دمي خفيف اهو الله البوز والهم اختفوا اها… كات فين المشكلة لا دي واضحة باينة زي الشمس ف عز الظهر اهو مين لما مشي؟ قلبت شفتشي والضحك بقي للركب والدنيا مشمشي مين لما اختفي؟ راحت الشحتفة ورحعنا لايام الدلع والهنا والفرفشة ها؟ مين لما مشي؟ قلبت شفتشي والضحك بقي للركب والدنيا مشمشي مين لما اختفي؟ راحت الشحتفة ورحعنا لايام الدلع والهنا والفرفشة الله مزيكتي بقت مقسوم الله وطلعت بعيش اليوم يا سلام فيه تراوة جت هناهو؟ وفيه كلام علي راحة بال اهو الله ما الناس اقدام اهو تؤ الله طرت انا قدام اهو الله دا انا مبسوط جدا اهو ياتري ايه جديد حاصل هناهو؟ مين لما مشي؟ قلبت شفتشي والضحك بقي للركب والدنيا مشمشي مين لما اختفي؟ راحت الشحتفة ورحعنا لايام الدلع والهنا والفرفشة ها؟ مين لما مشي؟ قلبت شفتشي والضحك بقي للركب والدنيا مشمشي مين لما اختفي؟ راحت الشحتفة ورحعنا لايام الدلع والهنا والفرفشة
0319,Ruby (Egypt),اول مرة (Awel Marra),Egyptian,اول مرة بحس ان انا من الفرحة بخاف ليعدى الوقت خايفة اكون عايشة فى كدبه ومن حلوتها خلاص صدقت لو كان حلم ياريته مايخلص بعد ماشوفته بعد ما بقى فى ايديا خلاص عيشته لمسته انا مش ممكن اضيعه منى غير لو مت اول مرة بحس ان انا من الفرحة بخاف ليعدى الوقت خايفة اكون عايشة فى كدبه ومن حلوتها خلاص صدقت قبل مااقابله مكنتش عارفه احب الدنا واعيشها بجد نفسى فى حد اوهبله حياتى وانا دلوقتى لقيت الحد لو كان حلم ياريته مايخلص بعد ماشوفته بعد ما بقى فى ايديا خلاص عيشته لمسته انا مش ممكن اضيعه منى غير لو مت اول مرة بحس ان انا من الفرحة بخاف ليعدى الوقت خايفة اكون عايشة فى كدبه ومن حلوتها خلاص صدقت
0320,Amr Diab,كده عيني عينك (Keda Einy Einak),Egyptian,كدا عيني عينك تنكر هوا كان بيني و بينك كدا عيني عينك تنسى عيون على طول فاكرينك كدا عيني عينك تنكر هوا كان بيني و بينك كدا عيني عينك تنسى عيون على طول فاكرينك ياللي زمان أنا كنت حياتك شلت زمان ليه من حساباتك ياللي زمان أنا كنت حياتك شلت زمان ليه من حساباتك كدا عيني عينك تنكر هوا كان بيني و بينك كدا عيني عينك تنسى عيون على طول فاكرينك بتعمل مش شايفني بتعمل مش عارفني مع أني في ذكرياتك أول حب في حياتك وهواك طول عمري شايفه أجمل إحساس صادفني ياللى زمان أنا كنت نصيبك كنت حبيبي وكنت حبيبك ياللى زمان أنا كنت نصيبك كنت حبيبي وكنت حبيبك كدا عيني عينك تنكر هوا كان بيني و بينك كدا عيني عينك تنسى عيون على طول فاكرينك وريني لو ناسيني وهات عينك في عيني يا حبيبي أنت خايف لتخونك الشفايف وتقول أنك فاكرني وتسلم وتناديني ياللى زمان أنا كنت حياتك شلت زمان ليه من حساباتك ياللى زمان أنا كنت حياتك شلت زمان ليه من حساباتك كدا عيني عينك تنكر هوا كان بيني و بينك كدا عيني عينك تنسى عيون على طول فاكرينك كدا عيني عينك تنكر هوا كان بيني و بينك كدا عيني عينك تنسى عيون على طول فاكرينك كدا عيني عينك تنكر هوا كان بيني و بينك كدا عيني عينك تنسى عيون على طول فاكرينك كدا عيني عينك تنكر هوا كان بيني و بينك كدا عيني عينك تنسى عيون على طول فاكرينك
0321,Shehab,كلمه قبل ما أموت (Kelma abl ma amot),Egyptian,في لحظه العالم يسود ويردعنا ومهما ندور منلاقيش طعم ومعنى مش بلقى نور مفيش غير العتمه سايب نفسي لموج الشط يسحبنا رؤيا باهته سوده وكحله وقد ما تنادي ما في خلق بتسمعنا في ذكري بغرق وازاي انساها حياتي بعدها كانت لعنه بين نارين يا شيخ متعلق بالقديم لما كبرت ندمت ماضي لحن حزين ذكرى فكل شارع من كل وقت وحين بتصحي اللي غافل والموت مش بعيد نفسي اعيش سعيد ولو لحظه في العمر حلمي كان بسيط افتكروني لو مت معرفش انا مين ناسي الدنيا توهت لا ما نيش ضعيف لكن ياما شوفت العمر يعدي بينا ولا فيوم لمحته مسحوب انا فضيقه في اكتئاب انا اسكن تولع باللي فيها وقلبي انا دافنو عالم فالصو وعيره اضطر اعيش وساخته دنيا ودين شادين في جناحي يوم وفاتي شياطين بتحوم عايزين منك منابك منابنيش اي حاجه عمري راح هباءاً نفسي اهرب من العالم واخلص على السحابه جنب الحيطه ادارى ونأسف على البشاعه والخوف من الشاشه أصبح شبه عاده كوابيس بتزورك يوماتي في منامك والدوا ما داوي ومكنش فيه افاده قولي فيه ايه مالك وايه جري لاحوالك غطسان في التعاسة وفبحور آلامك بتجلد في ذاتك ضاعت ملاذتك تايه في الملامه سودا الدنيا عقلي شاف كتير عندي من الغم بحور والأحزان خزان طابور في الهم مساجين عايشين بالعرض والطول نفسي اقوم اغيم واثور كلمه قبل ما اموت انتم طلعتوا عيني اتفو عليكي دنيا كل ما افرح تبكيني دنيا ناسها خابت عليا الحرام من ديني ما شوفنا فيها واحد يصلح يكون بديلي هتشوفو وش تاني ومعامله جافه ميري انا فيها ناجح ناجح وده شئ بديهي ومجدي اللي انت شايفه بانيه انا بايدي قصرو نجيب نهايته كله هينحني لي
0322,Tamer Hosny,الاحتياج وحش (El Ehteyag Wehesh),Egyptian,الاحتياج وحش والذكريات أشباح معششه في نفوخنا خايفين نحب جديد وملصمين شروخنا لفينا ساقيتك ياحب لغاية لما دوخنا داخلين بحاجه ساقعه خارجين بعلقه سخنه عايز تلم منه لم OPEN BUFFET الناس في صنف يكون زي العسل وصنف كان يسم الرك على النقاوه كل أما أقول فرجت خلاص هتهنى و هستجم أخد حتت شالوت في وشي ما بقولش بم بمنتهى الغباوة الاحتياج وحش ارحمني يا احتياجي مش كل مره تنده أتشك في قلبي واجي انت بتحفر لي الحفره وبقع فيها بمزاجي لا عملت حساب طلوعي ولا حتى حساب علاجي الاحتياج وحش ارحمني يا احتياجي مش كل مره تنده أتشك في قلبي واجي انت بتحفر لي الحفره وبقع فيها بمزاجي لا عملت حساب طلوعي ولا حتى حساب علاجي قلبك مربوط في ساقيه ومتغمي وعمال يلف لازم النهايه تبقى جرح وما بيرضاش يخف لازمله حدث درامي الوحده خانقه بتجبر الواحد يروح يحب ف يروح الحب نازل فوق دماغه طوب مش بيسيبه الا لما يشوفه ميت بجد ساعتها بيمشي وساعتها بيسبنا يسيب نفسنا في حالها ويبقى حالنا يرضي الرب
0323,Ahmed Farahat,دم أخوك,Egyptian,الدم دم اخوك لو طالو بيتك كانوا هدّوك وكسروا ابوابك ميرجعوش يلوموك ولا يجوا بالرحمة يطالبوك يتحملوا حسابك أخوك ولا ألف عين تسوى عيونه الأصيلة أخوك من بيت كبير في ضهره رجالة وعيلة بإيدهم قادوا نار وبدأو تار هيبلعهم ما سابولناش اختيار غير الإصرار علي وجعهم على ايدنا هيشوفوا الموت يباتوا لا حس ولا صوت إحنا في رقابهم سكاكين لا يوم هنهدى ولا نلين غير و احنا واقفين فوق قبور الشر منتصرين ومش راجعين... غير واحنا منصورين
0324,Abdel Halim Hafez,ظلموه (Zalamouh),Egyptian,ظلموه .. ظلموه القلب الخالي ظلموه قابلوه .. شبكوه .. وارتاحوا لما شغلـوه وعدوه .. يـزوروه .. ونهار ما افتكروا يهنوه نسيوه .. وفاتـوه .. واتاريهم قبل ما ينسـوه ظلموه ظلموه ظلموه .. ظلموه القلب الخالي ظلموه قابلوه .. شبكوه .. وارتاحوا لما شغلـوه وعدوه .. يـزوروه .. ونهار ما افتكروا يهنوه نسيوه .. وفاتـوه .. واتاريهم قبل ما ينسـوه ظلموه ظلموه طول عمرى قلبى خالى ويخاف من الغــرام من كل رمش جارح فى نظرة وابتســام كانت العيون تقابله وتلمَّح بالكــلام يهرب من قبل حتى ما يردلهم ســلام طول عمرى قلبى خالى ويخاف من الغــرام من كل رمش جارح فى نظرة وابتســام كانت العيون تقابله وتلمَّح بالكــلام يهرب من قبل حتى ما يردلهم ســلام طول عمرى قلبى خالى ويخاف من الغــرام من كل رمش جارح فى نظرة وابتســام كانت العيون تقابله وتلمَّح بالكــلام يهرب من قبل حتى ما يردلهم سلام لحد عنيك ما قابلونى .. نسيت روحى وتاه عقلي لحد عنيك ما قابلونى .. نسيت روحى وتاه عقلي وطال الشوق وظلمونى .. واتارى القلب هوّ اللي ظلموه .. ظلموه القلب الخالي ظلموه قابلوه .. شبكوه .. وارتاحوا لما شغلـوه وعدوه .. يزوروه .. ونهار ما افتكروا يهنوه نسيوه .. وفاتـوه .. واتاريهم قبل ما ينسـوه ظلموه .. ظلموه جبت الطبيب يداوى سألنى الجرح فيـن قلت اسأل دق قلبى اللى زايد دقتيـن جبت الطبيب يداوى سألنى الجرح فيـن قلت اسأل دق قلبى اللى زايد دقتيـن سمع فى القلب حاجه وقال ده رمش عين صاحبه رماه وناسى بقاله جمعتين سمع فى القلب حاجه وقال ده رمش عين صاحبه رماه وناسى بقاله جمعتين لحد عنيك ما قابلونى .. نسيت روحى وتاه عقلـي وطال الشوق وظلمونى .. واتارى القلب هوّ اللى ظلموه .. ظلموه القلب الخالي ظلموه قابلوه .. شبكوه .. وارتاحوا لما شغلـوه وعدوه .. يزوروه .. ونهار ما افتكروا يهنوه نسيوه .. وفاتـوه .. واتاريهم قبل ما ينسـوه ظلموه .. ظلموه انا اللى السحر دايما كنت اهرب من عينيه وانا اللى قلبى عمره ماحد جار عليـه انا اللى السحر دايما كنت اهرب من عينيه وانا اللى قلبى عمره ماحد جار عليـه انا اللى السحر دايما كنت اهرب من عينيه وانا اللى قلبى عمره ماحد جار عليـه ازاى حبيتك انت؟ وحبيتك انت ليـه؟ احتار القلب يسأل واحترت اقولّه ايـه ازاى حبيتك انت؟ وحبيتك انت ليـه؟ احتار القلب يسأل واحترت اقولّه ايـه لحد عنيك ما قابلونى .. نسيت روحى وتاه عقلـي وطال الشوق وظلمونى .. واتارى القلب هوّ اللى ظلموه .. ظلموه القلب الخالي ظلموه قابلوه .. شبكوه .. وارتاحوا لما شغلـوه وعدوه .. يزوروه .. ونهار ما افتكروا يهنوه نسيوه .. وفاتـوه .. واتاريهم قبل ما ينسـوه ظلموه .. ظلموه
0325,Mohammed Fouad,يالا بينا يالا (Yalla Bina Yalla),Egyptian,أها أها أها أها أها..أها أها أها أها أها يالا بينا يالا ياحبيبي يالا نفرح ونقول ماشاء الله أها أها أها أها أها..أها أها أها أها أها يالا بينا على طول .. على طول خلي ليلنا يطول .. يطول ياويلي ويلي ياويلي ويلي ياويلي ويلي ياويلي ياويل ويلي ويل ويلي ويل..ويلي ويل ويلي ويل ويلي ويل ويلي ويل دا خدك وردي .. وردي وردي أه ياسبب سعدي .. سعدي سعدي لو تديني وردي وردي وردي وردي .. عندي بالدنيا عيونك حلوة .. حلوة حلوة خدودك غنوة .. غنوة غنوة عيونك حلوة حلوة حلوة حلوة وعندي بالدنيا
0326,Layla Mourad,يا رايح على صحراء سينا (Ya Rayeh 'Ala Sahara Sina),Egyptian,يا رايح على صحراء سينا سلم علي جيشنا اللي حامينا قوله إحنا معاك وحياتنا فداك ولا يغلي عليك أغلي ما فينا يا رايح ... يا رايح ... يا رايح احنا ولاد عمك واخواتك وقلوبنا دايما ثكناتك تسلم و تعيش لينا قواتك ترعانا و تحرس اراضينا يا رايح ... يا رايح يا رايح على صحراء سينا سلم علي جيشنا اللي حامينا قوله إحنا معاك وحياتنا فداك ولا يغلي عليك أغلي ما فينا يا رايح ... يا رايح ... يا رايح كلنا وياك جبهة قوية و اديك في ادين الفدائية ح ترد فلسطين عربية و يا ويلهم منك اعادينا يا رايح ... يا رايح يا رايح على صحراء سينا سلم علي جيشنا اللي حامينا قوله إحنا معاك وحياتنا فداك ولا يغلي عليك أغلي ما فينا يا رايح ... يا رايح ... يا رايح الله يا سلام على فرحتنا بالنصر و طرد عدوتنا ونهار ح تقابلك امتنا بالبوس و الافراح والزينة يا رايح ... يا رايح يا رايح على صحراء سينا سلم علي جيشنا اللي حامينا قوله إحنا معاك وحياتنا فداك ولا يغلي عليك أغلي ما فينا يا رايح ... يا رايح ... يا رايح
0327,Snow White and the Seven Dwarfs (OST),بابتسامة و غنوة [With A Smile And A Song] (Bi Ebtisama W Ghenwa),Egyptian,"الحياة أبتسامة ورد صاحي منور جميل لا لا والعصافير نبتسم ونطير الحياة أبتسامة فجر أبيض فتح قلبي باب ملا قلبي شباب يجمع الأحباب انتا ايه زعلان ايه? مهما يكون, كله يهون ايه نور النهار الجديد بص و شوف كل الدنيا عيد بابتسامة و غنوة البشاير تدور في الربيع يا سلام عالنور بابتسامة و غنوة"
0328,Frozen 2 (OST),الرنة أفضل من البشر [Reindeer(s) Are Better Than People (Cont.)] (Alranat 'afdal min albashar),Egyptian,الرنّات ليست كالبشر سفن لم الحبُّ شاق؟ فلتثِق بالشعور و سهّل الأمور هيّا كريستوف اروِ الأشواق
0329,Alaa Abd Elkhalek,بحبك بإستمرار (Bahebak Be Estemrar),Egyptian,[علاء] قالوا الجمال سَمّار إحتار السُمْر فيك و البيض قالوا النهار أجمل مافيه عينيك قالوا الجمال سَمّار إحتار السُمْر فيك و البيض قالوا النهار أجمل مافيه عينيك حبيتَك أخر الأمر و حأحبك طول العمر بحبك بإستمرار بحبك طول العمر يا أجمل ما في البيض يا أحلى ما في السُمْر بحبك بإستمرار بحبك طول العمر يا أجمل ما في البيض يا أحلى ما في السُمْر [علاء و أميرة] بحب بكل براءة و جراءة و خوف بحب بكل معاني الهوى و أنا قلبي عليك ملهوف بحب بكل براءة و جراءة و خوف بحب بكل معاني الهوى و أنا قلبي عليك ملهوف و بحبِك أخر الأمر بحبك طول العمر [كورس] بحبك بإستمرار بحبك طول العمر يا أجمل ما في البيض يا أحلى ما في السُمْر بحبك بإستمرار بحبك طول العمر يا أجمل ما في البيض يا أحلى ما في السُمْر [علاء و أميرة] بحبِك من زمان بحبِك من سنين يا بحر من الحنان (أنا) دوِبْنى الحنين بحبِك من زمان بحبِك من سنين يا بحر من الحنان (أنا) دوِبْنى الحنين و بحبِك أخر الأمر بحبك طول العمر [كورس] بحبك بإستمرار بحبك طول العمر يا أجمل ما في البيض يا أحلى ما في السُمْر بحبك بإستمرار بحبك طول العمر يا أجمل ما في البيض يا أحلى ما في السُمْر [علاء و أميرة] و بحبك ليل نهار بحبك لو بعيد و لو زمانى دار هاحِبَك من جديد و بحبك ليل نهار بحبك لو بعيد و لو زمانى دار هاحِبَك من جديد و بحبِك أخر الأمر بحبك طول العمر [كورس] بحبك بإستمرار بحبك طول العمر يا أجمل ما في البيض يا أحلى ما في السُمْر بحبك بإستمرار بحبك طول العمر يا أجمل ما في البيض يا أحلى ما في السُمْر [علاء و أميرة] بحب بكل براءة و جراءة و خوف بحب في كل معاني الهوى و أنا قلبى عليك ملهوف بحب بكل براءة و جراءة و خوف بحب في كل معاني الهوى و أنا قلبي عليك ملهوف و بحبِك أخر الأمر بحبك طول العمر [كورس] بحبك بإستمرار بحبك طول العمر يا أجمل ما في البيض يا أحلى ما في السُمْر [علاء] و بحبِك بإستمرار بحبِك طول العمر يا أجمل ما في البيض يا أحلى ما في السُمْر [أميرة و علاء] و بحبك أخر الأمر و بحبِك طول العمر
0330,Mahmud Al-'Umda,مهرجان الدنيا شمال (Mahragan ad-Dunya Shamal),Egyptian,ركز بقى و اسمع منى .. هقول كلام عمره متقال وصل يابا و اسمع فنى .. ده مهرجان الدنيا شمال عندنا موهبه قادره تغنى .. المهرجان و كمان مـوال الدنيا سيرك و مسرحيه .. و ناس كتير عنيها عليا و اللى قلبه بدون حنية .. و ملهى بايع القضية و اللى ماشى سرحان سكران .. و اللى حياته كلها دخان واللى يدور على الامان .. و اللى ناسى انه انسان مالدنيا فيها اشكال و الوان .. فيها القوى عامل غلبان شوفنا كتير فيها و قسينا .. كتر الخيانة و الغدر بينا من الصحاب واقرب مالينا .. طب مين فى الدنيا باقى علينا بعدك يابا انا شوفت الويل .. عشرت الخاين و فاكرو اصيل و اللى يعيش علينا الدور .. مع اصله عاش حياته زاليل كان نفسى يابا تكون موجود .. و تشوف بعنيك اللى انا شوفتو ده الدنيا غابه و فيها اسود .. اه لو عرفت اللى عرفتو هنا واحد صدقتو امنتو .. و انا ياما من خيرى اديتلو و لا كان فى بالى يبان غدرو .. ندمنى ليه انى عشرتو و التانى دارى على قرشه .. و راضى بالذل فى عشته فى الدنيا الصالح و الطالح .. فيها الخاين فيها الجارح فيها قلوب ماليها ملامح .. فيها العيب فيها الناصح فيها الفالح خد الدرس ..فيها الجديد وابن امبارح ما هو سحر الدنيا زى البحر.. فيها العازب فيها المالح مهوش طالبين من الدنيا .. غير ان الحق يبان له طريق واخدينها ليه بسكك تانية .. ده بحورها فانية ماتبل الريق تخسرها لو باقى عليها .. تندم لوعشت بقلب رقيق تكسب منها كل ما فيها .. واحكمها بقسوة ما تبقى برئ ما هى الحقيقة لازم تتقال .. ان الدنيا كلها شمال صحبك يبعاك علشان يوصل .. ويبقى الجمل هو الجمال مش هنقول كتير و نزيع مصطفى ماندو احسن توزيع كتبو الروايه و السيناريو اسلام حجازى و كريم ماريو فـ مكانك قعد و بلاش تقوم محمود مطبعه صانع النجوم
0331,Nawal Al Zoghbi,إنت مين (Enta Meen),Egyptian,انت مين.. جيت منين. خدت قلبي في ثانيتين مش هزار.. عقلي طار قلبي حاسس بإنهيار انت فارق مش كلام .. اعلى درجة في الاهتمام واحد مش بتاع كلام .. كان عندي حسن اختيار انت لأ موضوع خطير .. واللي زيك مش كتير لما تزعل او تغير الدنيا تقلبها نار واحدة واحدة سيبلي نفسك سيبني ادلع فيك واعاكسك هنعوض ايام .. لسة الجاي كتير قدام حاسة بحب غريب .. انت بقيت مش بس حبيب سيبني اتكلم عنك بمشاعري ومن غير ترتيب
0332,The Nightmare Before Christmas (OST),أغنية أوجي بوجي [Oogie Boogie's Song] (Egyptian Arabic) ((Oghneyet 'Ugi Bugi)),Egyptian,حلو حلو حلو... مين شرف عندنا؟ بابا بديل، هاه؟ أوه خوفيني! أنت بقى اللي كل الناس بتتكلم عنه؟ ها ها ها! بتهزر! بتهزر! أنت اليعيد كداب! مش عيب عليك تستغفلني؟ أنت أكيد نصاب! ده مكحكح ومضحضح. أحسنله كان مايجيش ممكن خيوطي يجي لها فتاق ده لو الضحك ماموتنيش! لما أوجي بوجي يفول حظك معاه هباب يستحسن تسمع اللي اتقال عشان إيش جاب لجاب ولو أنت مش خايف يبقى أنت مش تمام لأن غنايا ده في ودنك هايكون آخر كلام وهو... (وهو) وهو... (وهو) وهو... (وهو) أيوة أنا أوجي بوجي يا ناس! سيبني في الحال لتواجه تهم تشبت جهلك الأطفال بيستنوني أرجوك ارجع لعقلك لا! بتهزر... بتهزر!  أنت اليعيد مخدوع حديسكت الجدع ده قبل ما أغرق في الدموع أنا بضحك من ظرفك. اللي مالوش حدود دلوقتي بعد إذنك، أنا هاعمل شغلي بجد هاتعمل إيه يا مجنون؟ كل اللي أقدر عليه... واااااه! صوت رمي الزهر عندي مزيكل وفلوس كاش عشان أنا بحب الحظ مع إني واد بكاش ومافيش هنا أحلى من التشويق في لعبة موت وحياة حياتك على كف العفريت زهر وأوجي بوجي رماه سيبني في الحال وأنا صاغ سليم قبل ما تدخل في سين وجيم! يا خبر! يا لهوي! لففت عقلي كتير أنت مش قادر تفهم موقفك اللي أنت فيه بصراحة مافيش فايدة. مافيش عندك شفيع عشان أنا أوجي بوجي، أما أنت  أكيد هاتضيع... ها ها ها ها ها ها ها!
0333,Amal Maher,عقدة حياته (O'det Hayato),Egyptian,لِـسَّـه أنـا عُـقـدِة حَـيَـاتـه...اللـي مَـا اتـفَـكِّـتش لِـسَّـه وِاللي تَـاعـبَاه مِن زمَــان.. حَــبّ يِـرجَـع بَـسّ كـان الـوقـت فَـاتــه.. حَــبّ يِـنـسـاني اِفـتكَـرني أكـتَر كـمَـان... لِسَّـه أنا أكـبَر خسَايره...بَسّ مش قَاصدَة إني أعايره وَالَّا أضَــايقـه بـكِـلمِتـين.. عَـادي جِــداً لو يِشـوف كـان فِـين مَعـايا.. يِكـتـئِب لـو شـاف بَـقىَ مِـن غِـيري فِـين... أنــا فـرصِة عُـمره اللـي خـسِـرهَــا.. طَـب لِـيه مَا مسِكـش زمان فِـيهَــا أنا فَرحة عَشان تاني يجي غِيرهَـا.. يِفــضَل مِــية سَــنَـة مِــسـتَـنِّـيهِــا.. لسـه أنا الجَرح اللي تَـاعــبُه...وأزمِته وهَـمُّه ومَـتاعــبُه وبَـعدي مش عارِف يعِيش.. كـل مَا أجِي في بــالُـه أنا بَـقَـلِّب مَـواجِع.. بَـسّ لَـو بـإيـديَّـا أنـا هـحَـاوِل مَـا أجِـيش... أيوه أنا ومَـا بَـقـولـشِ لأه...فُـرقـتي بـتيـجي بــ مَـشَـقَّـة بَـسّ هـوَّ أنــا ذَنـبي إِيــه.. دَا اللي فَـارِق هـوَّ، وَأنـا مش فَاهـمَة لِـيه.. زَعَـلي مِـنُّـه مش مَـانِـعــني أزعَـل عَــلِـيه...
0334,Haifa Wehbe,إحنا الشلة,Egyptian,إستنوا، الليلة طويلة إوعوا تروحوا يا بنات دي القعدة معاكو جميلة وأنا جايالكو على بيات ده اليوم الحلو بتاعنا مليان أسرار وحكاوي دي الكنبة اللي بتسمعنا لو نطقت تحكي بلاوي إحنا الشلة اللي ما حدش يجي عليها ولا يفرقها إحنا الضحكة اللي بتطلع من جوانا وبنصدقها ويا رب يخلينا لينا ويديم لمتنا علينا إحنا الشلة اللي ما حدش يجي عليها ولا يفرقها إحنا الضحكة اللي بتطلع من جوانا وبنصدقها ده يا رب يخلينا لينا ويديم لمتنا علينا (لمتنا علينا) (أيوة) يلا يا حلوة إنتي وهي إحكيلنا مضايقك إيه واللي مضايقك يا حبيبتي يبقى أمه دي داعية عليه ضمي على إخواتك يلا وبلاش أوجاع يا حزينة عايزين نحكي ونتسلى ونقوم ناسيين أسامينا ما إحنا الشلة اللي ما حدش يجي عليها ولا يفرقها إحنا الضحكة اللي بتطلع من جوانا وبنصدقها ويا رب يخلينا لينا ويديم لمتنا علينا إحنا الشلة اللي ما حدش يجي عليها ولا يفرقها إحنا الضحكة اللي بتطلع من جوانا وبنصدقها فيا رب يخلينا لينا ويديم لمتنا علينا ده إحنا الشلة اللي ما حدش يجي عليها ولا يفرقها إحنا الضحكة اللي بتطلع من جوانا وبنصدقها يا رب يخلينا لينا ويديم لمتنا علينا إحنا الشلة اللي ما حدش يجي عليها ولا يفرقها إحنا الضحكة اللي بتطلع من جوانا وبنصدقها يا رب يخلينا لينا ويديم لمتنا علينا
0335,Marwan Moussa,البوصلة ضاعت (Albwsla da3et),Egyptian,البوصلة ضاعت، في المحيط رسمت الطريق من اول وجديد التشابه بين الفجر وغروب الشمس بالنسبالي كان شيئ غريب حياة وموت، زائد سالب بين الاتنين انتي في عالم تالت عمر طويل، بس في ثانية خانك لو رجعت بينا، زي ما كانت بصيت لفوق عملت فحص موّت جوّة نفسي كذا شخص مافيش حد فينا مابيغلطش انا وضميري في مسابقة رقص انا بحاول افتكر كل الليالي اللي ساحت في بعض ايامها دنيتي كات سهلة بس انا اللي فضلت مصمم ع الصعب بحر كبير، مش عامل صوت نور القمر سايح على الموج بنموت م الخوف، ونخاف م الموت كلها شوية نطلع على فوق دا اللي عندي، دا اللي عندي ناس كتيرة مابقتش جنبي هما المفروض كانوا يشيلوا عني مبين لهم ان الدنية بمبي عايزين يقروني، زي الكتاب ف إديت لنفسي شوية التعليمات وش بدون اي تعبيرات مطبات، ملفات الناس دي عاملة زي البلالين حابس جوة نفسي مساجين وسط الزحمة نسيتلك انا مين حاسس اني لوحدي وسط الملايين ملامحي اختفت مخي ابتدى تسيح والبطاقة طارت مع الريح مفيش مستقبل مفيش تاريخ بس في دلوفتي، عايز اعيش عايز اعيد، عايز اتحول باقولها كتير، وبتتفوت عايز احس ان في شخص اتكون عايز العبها تاني من الاول مصيبة لو فضلنا زي ما احنا قضينا وقت طويل ليلاتي بنحرق بدأت اتغير وانا في نص الرحلة فهمت نفسي وانا في قلب الوحدة بنيت لنفسي مراية جديدة شمس بعد ليلة طويلة جِهزت وطلعت ع السفينة بس الدنية دي غريبة اصل البوصلة ضاعت، في المحيط رسمت الطريق من اول وجديد التشابه بين الفجر وغروب الشمس بالنسبالي كان شيئ غريب حياة وموت، زائد سالب بين الاتنين انتي في عالم تالت عمر طويل، بس في ثانية خانك لو رجعت بينا، زي ما كانت بصيت لفوق عملت فحص موّت جوّة نفسي كذا شخص مافيش حد فينا مابيغلطش انا وضميري في مسابقة رقص انا بحاول افتكر كل الليالي اللي ساحت في بعض ايامها دنيتي كات سهلة بس انا اللي فضلت مصمم ع الصعب
0336,Ahmed Mounib,ام العيال العشرية (Om El3eyal El3eshareya),Egyptian,مين اللي يسهر مين اللى يسهر جمبى الليل مين اللى باله معايا طويل مين اللى يسهر جمبى الليل مين اللى باله معايا طويل مين لما اتعب يسعدنى ومعايا حمل الهم يشيل مين هيا غير ست الستات وياها بتصبح وابات واجيب لمين غيرها واهادى ام العيال العشرية ياعم يا بتاع الطيب .. المسك ريحه ما يتعيب ياعم يا بتاع الطيب .. المسك ريحه ما يتعيب ادينى من العترة الطيب .. وأخد لمحبوبتى هدية لأم العيال العشرية ياعم يا بتاع المخمل .. ادينى نوع توب المحمل ياعم يا بتاع المخمل .. ادينى نوع توب المحمل علشان حبيبتى تتجمل .. ابيض بلون الصباحية ابيض يا قلب العشرية جايب معايا اللى في يدى .. وقدرت اجيبه من كدبى جايب معايا اللى في يدى .. وقدرت اجيبه من كدبى ولا تقوليش بس انا عندى وكفاية بتهلى عليا اصلك اصيلة يا عشرية ما يغلى يا ست الستات .. عليكى لولى ولا غويشات ما يغلى يا ست الستات .. عليكى لولى ولا غويشات واجيب لمين غيرك اهادى .. ام العيال العشرية مين اللى يسهر جمبى الليل مين اللى باله معايا طويل مين اللى يسهر جمبى الليل مين اللى باله معايا طويل أم العيال العشرية أم العيال العشرية أم العيال العشرية
0337,Natacha Atlas,ماعرفناش (Marifnaash),Egyptian,يا ليل ماعرفناش ماعرفناش ماعرفناش فيه إيه بالقلوب ماعرفناش ماعرفناش ماعرفناش فيه إيه بالقلوب قلبي وقلبك كانوا بيتكلموا سوا قلبي وقلبك كانوا بيتكلموا سوا ونسيب العذاب سوا ليه بتجرحني من قلبي يا حبيبي ونسيب العذاب سوا ليه بتجرحني من قلبي يا حبيبي ليه ماتردش السلام يا ساحر الغرام؟ و سلملي أعيش هلالاً أعيش هلالاً ماعرفناش ماعرفناش ماعرفناش فيه إيه بالقلوب ماعرفناش ماعرفناش ماعرفناش فيه إيه بالقلوب قلبي وقلبك كانوا بيتكلموا سوا آه ... يلا نرجع نعيش أحباب سوا يلا نرجع نعيش أحباب سوا ونسيب العذاب سوا ليه بتجرحني من قلبي يا حبيبي ونسيب العذاب سوا ليه بتجرحني من قلبي يا حبيبي ليييييييييه لييييييييييييه؟
0338,Tamer Ashour,ماكرهتوش (Makrehtosh),Egyptian,كان ما بينا أيام وحياة عمر حلو أنا عشته معاه فَ الطبيعي أشوفه أسَلِّم عادي يعني سلام لله كان ما بينا أيام وحياة عمر حلو أنا عشته معاه فَ الطبيعي أشوفه أسَلِّم عادي يعني سلام لله أنا ماكرهتوش ولا هأقدر أقول أنا مابحبوش ولا مين غلطان ولا مين خسران ولا مين اللي جمايله مايتعدوش أنا ماكرهتوش بس بحس إن أنا معرفهوش راحت لياليه و الإحساس بيه عادي زي إتنين غُرْب و ماتقابلوش مهما يحصل مش هأعاديه ولا هتوصل أشمت فيه بس لو يجمعنا مكان مش لدرجة أني أناديه مهما يحصل مش هأعاديه ولا هتوصل أشمت فيه بس لو يجمعنا مكان مش لدرجة أني أناديه أنا ماكرهتوش ولا هأقدر أقول أنا مابحبوش ولا مين غلطان ولا مين خسران ولا مين اللي جمايله مايتعدوش أنا ماكرهتوش بس بحس إن أنا معرفهوش راحت لياليه و الإحساس بيه عادي زي إتنين غُرْب و ماتقابلوش
0339,Maryam Saleh,فاليري جيسكار ديستان (Valerie Giscard D'Estan),Egyptian,"فاليري جيسكار ديستان والست بتاعه كمان فاليري جيسكار ديستان والست بتاعه كمان حيجيب الديب من ديله ويشبّع كل جعان فاليري جيسكار ديستان والست بتاعه كمان فاليري جيسكار ديستان والست بتاعه كمان هيجيب الديب من ديله و يشبع كل جعان يا سلاملم يا جدعان ع الناس الجنتلمان يا سلاملم يا جدعان ع الناس الجنتلمان داحنا حنتمنجه واصل وحتبقى العيشه جنان التليفزيون حيلوّن والجمعيات تتكوّن التليفزيون حيلوّن والجمعيات تتكوّن والعربيات حتموّن بدال البنزين بارفان فاليري جيسكار ديستان والست بتاعه كمان فاليري جيسكار ديستان والست بتاعه كمان حيجيب الديب من ديله ويشبّع كل جعان والفقرا حياكلوا بطاطا وحيمشوا بكل الاطة والفقرا حياكلوا بطاطا وحيمشوا بكل الاطة وبدال ما يسموا شلاطة حيسموا عيالهم ""جان"" فاليري جيسكار ديستان والست بتاعه كمان فاليري جيسكار ديستان والست بتاعه كمان حيجيب الديب من ديله ويشبّع كل جعان وحتحصل نهضة عظيمة وحيبقى علينا القيمة وحتحصل نهضة عظيمة وحيبقى علينا القيمة فى المرسح او في السيما او ف جنينة الحيوان فاليري جيسكار ديستان والست بتاعه كمان فاليري جيسكار ديستان والست بتاعه كمان حيجيب الديب من ديله ويشبّع كل جعان وده كله بفضل صديكي ديستان الرومانتيكي ولا حدش فيكو شريكي فى المسكن والسكان فاليري جيسكار ديستان والست بتاعه كمان فاليري جيسكار ديستان والست بتاعه كمان حيجيب الديب من ديله ويشبّع كل جعان"
0340,Mufasa: The Lion King (OST),هنروح المشوار [We Go Together ] (Arabic Egyptian) (Hanrooh El Mishwaar),Egyptian,مستعجل فوت يا ملهوف دا الطريق وحدك روح بس ..لو هتروح بعيد هنبقى سوا ننهي المشوار و نروحه سوا وفي مكان أبوكي اراعيكي تهنا و إزاي أرضيكي نحتاج ساعات عين الطيور و بيها نكشف المستور بكل سرور (نكشف المستور بكل سرور ) مستعجل فوت يا ملهوف (دا القرار) دا الطريق ( مش هختار) وحدك روح ( مهما صار) لو هتروح بعيد ( بعيد) هنبقى سوا ( هنبقى سوا) ننهي المشوار و نروحه سوا( ننهي المشوار و نروحه سوا) هلاقي عيلتي بالتأكيد و معاك همشي حتى لبعيد همشي معاك لنهاية الطريق وياك صاحبي هبقى جرئ هلاقي عيلتي بالتأكيد (هلاقي عيلتي بالتأكيد ) و معاك همشي حتى لبعيد (معاك همشي حتى لبعيد) همشي معاك لنهاية الطريق (همشي معاك لنهاية الطريق) وياك صاحبي هبقى جرئ زي غيوم و أمطار زي خيول تجري في الخَضار زي الدهب اللي في صريق سرابي احنا الاتنين صرنا سوا هتلاقي عيلتنا أكيد زي خيول تجري ( في الخضار) نمشي سوا مشاوير زي الدهب اللي في سريق  سرابي احنا الاتنين صرنا سوا أخويا مستني أجيبه و عارفيني مش هسيبه( سوا)  (ايوه) و شكله هيتوه في الطريق كأنه غريب و لو هتشوفه قوله أنا مستنيه ( إيه ؟) مع صاحبي أسهل كتير و ياك أسهل كتيييير تفضل سوا ( نفضل سوا) يلا نروح المشوار ( المشوار ) ننهي المشوار و نبقى سوا
0341,Amr Diab,ولا على باله (أورينتال ميكس) (Wala Ala Baloh (Oriental Mix)),Egyptian,حبيبي ولا على باله شوقي إليه وأنا شاغل بالي أنادي عليه وليالي كتير أفكر فيه وأحن إليه ولا داري كفاية إنه بقاله ليلة ويوم على طول في خيالي ومفيش نوم وليالي كتير أفكر فيه وأحن إليه ولا داري عيونه فيها كلام في ليل خلاب مَلّا قلبي غرام في أحلى عذاب وليالي كتير أفكر فيه وأحن إليه ولا داري
0342,The Nightmare Before Christmas (OST),إيه ده؟ [What's This?] ('Iyh dih?),Egyptian,إيه ده؟ إيه ده؟ شكل الألوان ده خطير إيه ده؟ ونجوم بيضا يتطير إيه ده؟ أنا مش مصدق عيني شكلي بحلم، اصحى يا جاك ماتنمش كتير إيه ده؟ إيه ده؟ إيه ده؟ النطق هنا معكوس إيه ده؟ دي غنوة ولا كابوس إيه ده؟ الشوارع وليانة ناس بتضحك على وشوشهم السعادة. أنا عقلي طار بزيادة إيه ده؟ إيه ده؟ ولاد بيرموا كور لعبهم مش عنيف بيضحكوا ببراءة ومافيش قتل وتكتيف التلج في كل حية مش هايصدقني حد وبجوه عظمي بيسري دفا جاي من قلبي بجد وبص... إيه ده؟ الناس هنا بتبوس وتحس! الحب رشق في قلوبهم سهم حوالين النار يسمعوا حدوته وياكلوا ذرة مشوية على الفحم إيه ده؟ إيه ده؟ في البيت... بيزرعوا أشجار مهاويس! فكرة غريبة بجد وليه؟ بيعلقوا فيها زينة وشخاليل ويكهربوها بسلك طويل. والكل هنا فرحان صحح لي كلامي لو غلطان. شکله جمیل شکله جمیل، مش جایز حلمي يبان له دليل! إيه ده؟ یا سلام، إيه كمان؟ هنا الأطفال نايمين وبص، مفيش تحت السرير عفاريت! ولا ساحرات بيخوفوا فيهم يختي عليهم كده حلوين متدفيين متطمنين في الأحلام إيه ده؟ مافيش حد يرعبهم ومافيش هنا كوابيس وشكل الدنيا عندهم فيها فرحة وفوانيس مافيش أي صوت صريخ وعويل في الجو لحن جميل وريحة الحلويات فيها قرفة وجنزبيل بتنادي عليك أضواء في كل مكان حواليك قبلها عمري ما حسيت بسرور الفراغ اللي في قلبي مابيوجعشي نفسي أنا مرجعشي دي حالة دي حالة محتاجها بجنون مش مفهوم مش مفهوم المكان المدهش ده! إيه... الجو... ده؟ مدينة الكريسماس؟
0343,Amal Wahbi,مكنة خياطة جدتي (Makanet Khiyatet Geddeti),Egyptian,مكنة خياطة قديمة عجوزة و لئيمة بتبصلي بعناد فاكراني مانستني إديتها و إديتني و أنا اصغر الأولاد مكنة خياطة جدتي ياصاحبتي عبر السنين ياصاحبة الخير و الحنين بيني و بينك شئ غريب باقية من الزمن الحبيب أوقات بحس بتحزني و تدندني غنوة زمان و يهزني ان الحديد ممكن يفيض منه الحنان و يهزني ان الحديد ممكن يفيض منه الحنان
0344,Latifa,المصري (El Masry),Egyptian,تعرف تتكلم بلدي و تشم الورد البلدي تعرف تتكلم بلدي و تشم الورد البلدي و تعيش الحلم العصري يبقى إنت أكيد المصري، المصري تعرف بالعربي تنادي بسم الله و بسم بلادي تعرف بالعربي تنادي بسم الله و بسم بلادي و نورك للعالم يسري يبقى إنت أكيد المصري تعرف تتكلم بلدي وتشم الورد البلدي تعرف تتكلم بلدي وتشم الورد البلدي وتعيش الحلم العصري يبقى إنت أكيد المصري، المصري تعرف بالعربي تنادي بسم الله وبسم بلادي تعرف بالعربي تنادي بسم الله وبسم بلادي نورك للعالم يسري يبقى إنت أكيد المصري المصري حبيب مُتَحِّمِس لو حتى بدقة يغَّمِس لو جاله حبيب يرتاح له لو جاله حسود بيخَّمَِس محفوظ بيغني يا ليل على دقة قلب زويل محفوظ بيغني (آه يا ليل) على دقة قلب زويل محفوظ بيغني يا ليل على دقة قلب زويل و حليم في الهوى دَّوِبنا على قد الشوق و الميل و حليم في الهوى دَّوِبنا (و يا ويل مين ينسى يا ويل) ثومة، ثومة ومنديلها الوردي غنواية جيل ورا جيل، ورا جيل غنواية جيل ورا جيل قادر على أي تحدي (تعرف) تتكلم بلدي وتشم الورد البلدي (تعرف) تتكلم بلدي وتشم الورد البلدي وتعيش الحلم العصري يبقى إنت أكيد المصري، المصري (تعرف) بالعربي تنادي بسم الله وبسم بلادي (تعرف) بالعربي تنادي بسم الله وبسم بلادي و نورك للعالم يسري يبقى إنت أكيد المصري
0345,Samer Elmedany,خلصانه معاكو بشياكه (Khalsana Ma3ako Beshyaka),Egyptian,صبح الصباح يا جيهه جيهتنا جيهه ولا يعلي عليها فى اي حته اتشرف بيها ومحدش بيهمنا اسمنا من الليلة مفقود موجود كأنك مش موجود لو مره صعت علينا هتموت الخوف ماهوش طبعنا لو خايف روح نام خلص الأمر وطير يا حمام ميجيش معاك انك فاندام لا هطربق عليك عيشتك متبرع عليكو بحياتى انا على الله سايب حكاياتي يلا مش هتخلص من حوراتي وفي وسط راسك هنشك ارجع متجيش ترميها اخصامنا هنا بنشرح فيها اصحاب رجوله بتشرف بيها بتأمن ضهري فى عركة وطي المطوة ورجعها عينك هتفتح دمعها لو كلمة منك مش هسمعها متجيش ادامي علي السكة تعادي الاردن تدب خالد القبطان يعمل بوب جدع رجوله من كل اتحب خيره على ناس كتير ايهام ده قمر الليل عسل جميل ملوش بديل ومحمد حسن ابو الاسدين معروف يلا بالتقدير دايسين على وش الخصم يالا مش فارفة نعيشها في قسم عمر الرجولة ما كانت بالجسم لو عملنا يغورق جسمك الاسلحة عامره وشغاله جايين عليكوا بامر ازاله كبيركوا يتشال على نقاله على الارض هيتملى دم هضرب فى الوش قزيفه ازاي هتصرف مع صريفه لو بعتك ما تجيب تعريفه وعاملى ان مفيش منك من الارض هنقطع حسك تطلع مين عرفنا بنفسك لو مش خايف جرب حظك عفاريت نازلين هنجنك خلصانه معاكو بشياكه يا عيال قله و هههههه خلصانه معاكو بشياكه يا عيال قله وحكاكه اسلحتنا عليكوا فتاكه فارس من صغر سني وصاحبت الناس انواع فى الي اشتري وفى الي باع قلب الناس اصبح طماع واصحابي بتهرب مني عيشنا بالحب وقدرنا علينا ناس عايزه تصغرنا في بين قلوبنا جابت فى اجلنا علشان امنا ليكوا على الواتس انتوا تلقحوا احنا خافينكوا ريحوا فاشلين قصادي مهما هتنجحوا شامخ عنكوا ومعديكوا انا جاحد ايوه انا جارح علي ارض الاخصام انا طايح لو علي الثورة ديه يابني امبارح ما تاخد فى الوش طبنجه عقل عايز يطلع بره اوعاك تيجي معاك بمشاجره كلمة خوف جوايا مهاجرة هديكوا بسن السنجة والفكرة ان انتوا بوشين عاملين رجوله وانتوا تعابين ليه عايزين تشوفوني حزين مستكترين الضحكة عليا وانسوني زي مابنساكوا انا مش عايز افضل وياكوا ازبل وقت انا عيشته معاكوا من النهارده مفيش حنيه على البايظ حبك ليا والذكريات بتقطم فيا في بعدك حاسس اني لوحديا والدنيا فى عيني مقفوله بعدها بيكسر قلبي انا حبيتك وده مش ذنبي مش مرتاح وانتي مش جنبي والفرحه بقت مقتوله لو الحظ مشيلي شويه عينكو انا القيها بترشق فيا شايف افاعي من كل ناحيه نفسها فى يوم تلدعني البشر قل حنانها والعين بتكره الاحسن منها عشق الشر شيطانها ساكنها كلها عايزه توقعني انا جسمي مضحي بيه انا مش خايف اخاف من ايه بايع عمري ومش شاريه والخلق شايفها طشاش ارعبكم ولا يرعبني انا ولا الف حاجه ترجعني خصمي يشوفني بيهرب مني وكبيركم هنا مجاش على كل الاخصام حطينا لا عمر يوم خفنا وجلينا كل الخلق شاهدين علينا ان احنا فتحنا الكار سنيت سكينه على البارد انا مش خايف ولا مطارد نظرات غريبه والعقل ده شارد ضارب على الاخصام نار من الدنيا بقيت مخنوق انا زعلان ولا مره بروق اتجرحت جرحني الشوق وحبيبي اختار البعد ملعون ابو الفلوس عشان تخلي القله يدوس انتوا تمامكوا تحت الشوز مسمعش منكم راس
0346,Marwan Moussa,روح على طول (RO7 3ALATOL),Egyptian,ما لسه بدري، صحيت؟ اتفضل يا معلم صحي النوم اتفضل مستنينك الناس قوم عشان هتغني زي ديڤيد بيكهام قولي زي ديڤيد بيكهام آه، آه، آه، آه، آه مارو يقفلها مارو يلفلفها آه، آه زي ديڤيد بيكهام زي ديڤيد بيكهام آه، آه، آه، آه، آه هي دي اللفة ووووه yeah yeah روح على طول صاحبي ، شوفت الاخبار ؟ سمعت اللي صار ؟ نجم النجوم لسه طالع ع الشاشة و تراكه متلود ع ال Raka رقص الاشرار اسطورة الراب من السبع آبار ( السبع آبار ) مالك وماله ؟ بلاش يحطك ف دماغه ماتبصش وراك واقف بالمرصاد خدلك قلابظات هنخش ف خلاط خد دش ف النار ليه خرس ؟ ايه اللي صار ؟ مارو ع المايك خورشيد جيتار كله بيتطس كله بالرص ميت م الجوع قومت واكله مقص مره ب الحظ مره ب القصد مره بالعافية و مره ب ال love مره مصلحة و مره بلاش مره مجاني و مره ب ال cash مره تتداري و مره تتشاف واحده ف الدوري و واحده اوووه قلبي ف الميت عقلي بيلين و مش متخيل زعلي بيّن بيبي انا مسيكب بس انا جايلك بصي لستايلي ، بيبي انا Stylish زي مين ؟ قولي زي ديڤيد بيكهام … بروح ف ثانية ، بروح طيارة بروح المانيا من غير مطار انا بروح مترو و بروح سوبارو انا بروح خبير انت بتروح تجارب بسيبه يصدق اللي هو عايزو بَب عليه و ع اللي جايبو كابتن كيستك ف نايلون عندي كرامة عمري ما ابقى زيه انا عندي كرامة اخد بعضي و امشي فيش حد كفيل يعكرلي دمي اديله ارضي جوي اجيب خبره وقتي فين يابن خالتي ؟ كان مستخبي ! طب اشطا ودي ف البييت انا مهندس معماري ليا جمهور يثق فيا عمياني مش حابب اتكلم مع حد اعلامي يقوللي انت كويس و يمدح اعمالي انا مكتفي هقول لك خطتي هفكس للميديا امشي فيها ب رغبتي الساحه فاهمها و معايا نظرتي ايه رأيك ف الخطة ؟ كلام منطقي . اسف اني راعب الأعداء ف الراب زي مراقب الامتحان بتدور ع الإبداع طب انا الخال كاريزما و على دراعي تاتوهات زي مين ؟ زي ديڤيد بيكهام … إيه يا عم الحلاوة دي يا عم إيه يا عم العظمة دي حرام عليك حرام عليك حرام عليك
0347,The Nightmare Before Christmas (OST),هانخطف بابا بديل [Kidnap the Sandy Claws] (Hanekhttaf Papa Badeel),Egyptian,نخطف عمو بابا بديل؟! طبعا طبعا حلو جميل جاك قال هنخطط ونطرقع والطيور على شكلها تقع شقع بقع لا لا لا لا لا لا لا لا لا لا.. هنخطف بابا بديل ونكتف رجليه و نرمي المفتاح في البير ونطفي النور عليه هنرميله طعم مريب جوه فخ مصدي كئيب وأول ما يقرب ويشمشم نقفل بابه وركبه تسيب عندي خطة غيرها مفيش ممكن نمسك بيها شاويش نحطه في الحلة نسويه وبعدها للقطط نرميه هنخطف بابا بديل ونحطه في صندوق نحبسه عشر  سنين ونفتح لما يفوق بعدها اوجي بوجي مان يستلمه مننا كمان مؤكد هيبقى مبسوط في الافق صلصة توت وييييييييي... أنا بقول نجهز مدفع وعلى بيته نحط نيشان ونخبط عليه وهيفتح بعدها يبقى في خبر كان أنت مغفل! لو فرقعنا بديل وبعترناه في رصيف جايز بعدها صعب نلمه و جاك يغسل بينا التوابيت هنخطف بابا بديل نربطه في شوال نرميه في المحيط ونشوف لو لسه شغال علشان السيد اوجي بوجي أوحش حد في الحياة لو حطك في دماغه لازم تهرب من الدنيا هيفرح بينا أوجي مان واكيد هناخذ جايزة كمان ويعزمنا على عشا مظبوط تعابين بالعنكبوت إحنا دايما رجالته ونعمل شغله بإتقان مطولين رقبته وبنتقي شره كمان يا ريت افكاري في ليفل الوحش أنا مش في غباوتك انت جحش اسكت امشي جاتلي حالا فكرة جنان فكره جميله نجاحها اكيد نبعث له هدية على الباب وفوقها رساله بالبريد وفي الصندوق هنكون قاعدين لغايه لما فضوله هيخلي انه يبص فيه بعدها نكدب بكره عليه هنخطف بابا بديل ونجبس رجليه نحبسه عشر سنين شوف هيعمل ايه هنخطف بابا بديل نضربه في الخلاط ونتبل أيديه بالبيض والبقسماط هنخطف بابا بديل ونوريه الويل ونحبسه ونرمي المفتاح في المحيط بالليل
0348,Jannat,النص اللي يخص (Elnos Elly Ykhos),Egyptian,انت النص اللي يخص ومفيش غيرك انت وبس انت اللي مليتلي حياتي وعملت لدنيتي حس كان قلبي ده قبلك هو ودخلت اكلت الجو حتى الايام الصعبة في ثواني معاك تحلو ده عليك العين والنني مجنني قاتلني مبهدلني حوالين نفسي مللفني موقفني خاطفني مكتفني وبقول قدام الدنيا . ده حبيبي اللي مطمني انت النص اللي يخص ومفيش غيرك انت وبس انت اللي مليتلي حياتي وعملت لدنيتي حس قلبك على قلبي اتَّك خد كل مشاعري وفك وماسابش لغيره مكان وقفل بقى بعده وسك كان قلبي فاضي وعالچنط دايما واقف عالشط كان قلبي بعقله وهادي جيت خليتني اتجننت ده عليك العين والنني مجنني قاتلني مبهدلني حوالين نفسي مللفني موقفني خاطفني مكتفني وبقول قدام الدنيا . ده حبيبي اللي مطمني انت النص اللي يخص ومفيش غيرك انت وبس انت اللي مليتلي حياتي وعملت لدنيتي حس
0349,Jowayriya Hamdy,يا عالم (Ya A'alem),Egyptian,يا عالم هشوفو ولو صدفة يوم لابيجيلي نوم ولا بنساه وفرصة رجوعنا بتنقص أكيد وهو بعيد وفين القاه ؟ 2X وفكرة هكمّل وانا مش معاه مابتجيش في بالي كإن الحياة خلاص واقفة عندو ورافضاني أعيش وبفضل مكاني وبستناه أنا كل مادا بلاقي اللي فات مصمم مايقلبش ليه ذكريات وبتأكد اني في غيابو ماليش نصيب تاني أرجع أحس بحياة ماسابش لسؤالي عليه ليه مجال وبالحرف قال مافكّرش فيه كإن اللي بينا حكاية يومين ماهياش سنين وضاعت عليه 2X وفكرة هكمّل وانا مش معاه مابتجيش في بالي كإن الحياة خلاص واقفة عندو ورافضاني أعيش وبفضل مكاني وبستناه أنا كل مادا بلاقي اللي فات مصمم مايقلبش ليه ذكريات وبتأكد اني في غيابو ماليش نصيب تاني أرجع أحس بحياة
0350,Mohammed Abdel Wahab,تحت القنابل,Egyptian,تحت القنــــــابل.. وفوق الـبـــارود وبيــــن المدافــــع.. وبين الســدود أحارب عـــدوك.. وأقول للوجـود لمصـــــر السـيادة.. لمصر الخلود نادينـــا وقولنـــا احنــا امه ســـلام وامة محبــــــه وامــــة وئـــــــام ولما فرضـــها علينـــــــا الطغــاه حفرنا قبـــورهم بأرض القـنــــــاه نــــار عداوتـــــــــكم معـــــــــانا عايشــــــه للأجيــــــــــــال ورانا من أولادنا الى احفادنا يـســـــيرالتـار عمرحياتناعلينا رخيص ونموت احرار تحت القنــــابل.. وفوق البــــارود وبين المــدافع.. وبيــــن الســــــدود أحارب عـــدوك.. وأقول للوجـود لمصر الســـيادة.. لمصــر الخلـود
0351,Tamer Hosny,هيموت و يرجع (Haymoot W Yergaa),Egyptian,هيموت ويرجع طب يموت هعمله ايه لما الفراق بيوجع طيب سابني ليه هيموت ويرجع طب يموت هعمله ايه لما الفراق بيوجع طيب سابني ليه خلوه يوفر دموعه وينسى حكاية رجوعه دور الضحيه مش لايق كمان عليه دور الضحيه مش لايق كمان عليه تغور العشره عالايام على الوقت اللي كان بينا وعود ايه بس بلا افلام سيناريو حفظته وخلصنا تغور العشره عالايام على الوقت اللي كان بينا وعود ايه بس بلا افلام سيناريو حفظته وخلصنا ما تقوليش ذكريات ما تصحيش اللي فات هو البعيد للدرجه دي إحساسه مات بيقولي نرجع بعد ايه خلصت خلاص بطلت اسیب مکان انا لناس رخاص بيقولي نرجع بعد ايه خلصت خلاص بطلت اسیب مکان انا لناس رخاص انا مش هعتب واعاني مع اكتر حد اذاني فاكر ان الدنيا مافيهاش بعده ناس فاكر ان الدنيا مافيهاش بعده ناس تغور العشره عالايام على الوقت اللي كان بينا وعود ايه بس بلا افلام سيناريو حفظته وخلصنا تغور العشره عالايام على الوقت اللي كان بينا وعود ايه بس بلا افلام سيناريو حفظته وخلصنا ما تقوليش ذكريات ما تصحيش اللي فات هو البعيد للدرجه دي إحساسه مات
0352,Hosam Hosny,كل البنات بتحبك  (Kol El Banat Bethbak),Egyptian,كل البنات بتحبك كل البنات حلوين (حلوين) طبعًا يا سيدي يا بختك وإنت اللي زيك مين ليه البنات تاعباني؟ بتعدي مش شايفاني وإنت اللي يوم والتاني تسأل عليك ملايين (تسأل عليك ملايين تسأل) ولا حاجة فيك ناقصاني طب ليه العيون تنساني؟ وإنت يا دوب في ثواني فيك القلوب دايبين (وده وده) دي كل البنات بتحبك دي كل البنات حلوين (حلوين) طبعًا يا سيدي يا بختك وإنت اللي زيك مين (مين مين وده وده) دي كل البنات بتحبك دي كل البنات حلوين (حلوين) طبعًا يا سيدي يا بختك وإنت اللي زيك مين (وده وده) يمكن عاجبهم تقلك لما العيون تضحكلك طب ما إحنا أهو بنشبهلك بس إحنا مش عاجبين (أيوة إحنا مش عاجبين أيوة) جايز لخفة دمك ولا عشان مش همك لما البنات تندهلك واقفين شمال ويمين (وده وده) دي كل البنات بتحبك دي كل البنات حلوين (حلوين) طبعًا يا سيدي يا بختك وإنت اللي زيك مين (مين مين وده وده) دي كل البنات بتحبك دي كل البنات حلوين (حلوين) طبعًا يا سيدي يا بختك وإنت اللي زيك مين (وده وده) أنا بس عايزك يا اللي عايشة في خيالي تملي يا اللي إنتي شمسي وضلي وأجمل من التانيين (وأجمل من التانيين أجمل) أما إنت حب وخلي ليك القلوب بتغني لكن صارحني وقولي ليه هما بيك هايمين؟ (وده وده) دي كل البنات بتحبك دي كل البنات حلوين (حلوين) طبعًا يا سيدي يا بختك وإنت اللي زيك مين (مين مين وده وده) دي كل البنات بتحبك دي كل البنات حلوين (حلوين) طبعًا يا سيدي يا بختك وإنت اللي زيك مين (وده وده) ‫(وده وده) دي كل البنات بتحبك دي كل البنات حلوين (حلوين) طبعًا يا سيدي يا بختك وإنت اللي زيك مين (مين مين وده وده) دي كل البنات بتحبك دي كل البنات حلوين (حلوين) طبعًا يا سيدي يا بختك وإنت اللي زيك مين (وده وده) دي كل البنات بتحبك دي كل البنات حلوين (حلوين) طبعًا يا سيدي يا بختك وإنت اللي زيك مين (مين مين وده وده)
0353,Hamza Namira,عالقهوة (3al Qahwa),Egyptian,شباك وطالل ع الشوارع والبيوت ناسها تشوفها تحبها ف قلبك تفوت زي التاريخ جاية بتشهد ع الحارات جدرانها شايلة حكاوي من الزمن اللي فات صوت دندنات السهرانين أُمرا وغلابة وبيت مضلل ع الغريب زي السحابة القهوة عِشرة وجيرة ومشاريب ع الحساب او فضفة من القلب بين اتنين صحاب القهوة خلق بتحكي ف ميت مليون حوار صوت ضحكها يكسر مرار الانتظار القهوة مش يأس وطموح فاتو الزمن ولا هي وقت بينقضي من غير تمن عالقهوة ناس قاعدة تدوق طعم الوطن عالقهوة ناس قاعدة تدوق طعم الوطن
0354,Toy Story 2 (OST),[When She Loved Me] ساعة ما حبتني (Sa'et ma habetny),Egyptian,ساعة ما حبتني ضحكت ليا الدنيا كل ساعة عشنا فيها لسا جوا القلب لما تزعل يوم أمسح ليها دمع العين لما تفرح أفرح لها ويزيد حبي ليها يا فرحتنا إحنا الإتنين والحب مجمع بين قلبين العالم كله لينا محدش تاني فيه لما تكون وحيدة قلبي وياها ونيس عايش في حبي ليها حبي ليها دام.. ويا الأيام لكن إيديها غابت فين ؟ و سابتني ليه ؟ مستنية تيجي يوم تقول حبك ساكن جوا قلبي منسية، مرمية عدوا سنين و شهور و إيام لما جات و إبتسمتلي حسيتها زي زمان هتناديني، هتناديني ساعة ما حبتني ضحكت ليا الدنيا كل ساعة عشنا فيها لسا جوا القلب حبي ليها
0355,Mohamed Mounir,بين البينين (Ben El Benen),Egyptian,بين البينين أنا كده بين البينين في حاجة كده بين البينين أنا الاثنين في الرقص أنا في الرقص أنا ايدي على الطبلة على الطبلة وانا اللي هادور على القبلة طب مين يقولى انا ابقى مين مهو كله زيي متمرجحين متمشورين بين البينين بين البينين أنا كده بين البينين في حاجة كده بين البينين أنا الاثنين لا مني جد ولا انا هلاس ازاى وحيد وبحب الناس فاهم أوي وعلطول محتاس يا عالم بكره هاروح على فين هاروح على فين على فين على فين ادينا عايشين بين البينين أنا كده بين البينين في حاجة كده بين البينين أنا الاثنين في الرقص أنا في الرقص أنا ايدي على الطبلة على الطبلة وانا اللي هادور على القبلة طب مين يقولى انا ابقى مين مهو كله زيي متمرجحين متمشورين بين البينين بين البينين أنا كده بين البينين في حاجة كده بين البينين أنا الاثنين
0356,The Nightmare Before Christmas (OST),هانعمل كريسماس [Making Christmas] (han3mel Christmas),Egyptian,جاهزين؟ جاهزين؟ هنعمل كريسماس هنعمل كريسماس هنعمل كريسماس زيه مفيش والسنادي كل الأطفال يبقو مبهورين بطريقة جاك هنعمل كريسماس هنعمل كريسماس نعمل كريسماس نعمل حاجة آخر جمال يتكلمو عنها الأجيال نسمع تسقيف من كل الناس هنعمل حفلة هنعمل كريسماس هنعمل كريسماس ساح منه وفار يتلف بوقار برجليه عقرب وفيونكات بطريقة جاك سوا سوا هنتدلع والفخاخ هتولع وقت الكريسماس جاك! جاك وصل انا مش مصدق وعقلي حيطير معقول بقت أحلامي زي الأساطير مش بالزمة عبقريتي تهبل؟! أنا هحول فار بلاعات لبورنيطة تلبسها بنات اممم انا بقى بصراحة بهنيك على اختراع مدهش ببلاش لكن أنا عندي اقتراح: نحط بدل الفار خفاش لا لا لا لا ده غلط مضمون الزحلف ده ميعملش هدية يعم ده ميت من خمس قرون هات حاجة طازة حاجة تفرح متيأسشي سوا سوا هنتدلع والفخاخ هتولع وقت الكريسماس جاك! جاهزين؟ جاهزين؟ هنعمل كريسماس نعمل كريسماس لالاااا قربنا خلاص شوقنا بيزيد اضربوا أجراس مبقاش بعيد أول ما البدر يشق السما هتغني ونقول الكريسماس جيه!
0357,Ahmed Mounib,الحب ليه صاحب (El Hob Leeh Saheb),Egyptian,الحب ليه صاحب و الكره ليه صاحب الحزن ليه صاحب و الفرح ليه صاحب الحب ليه صاحب و الكره ليه صاحب الحزن ليه صاحب و الفرح ليه صاحب و أنا .. أنا ع الوعد متصاحب العشق ليه صاحب و الفرح ليه صاحب العشق ليه صاحب و الصدق ليه صاحب الكدب مش صاحب الضيّ ليه صاحب الكدب مش صاحب الضيّ ليه صاحب و أنا .. أنا ع الوعد متصاحب بحب أصاحب كل شئ صادق باحس بأي سور بيني و بينه أو فارق بحب أصاحب كل شئ صادق باحس بأي سور بيني و بينه أو فارق و أفارق كل شئ في الدنيا مش صاحب و أفارق كل شئ في الدنيا مش صاحب و أنا .. أنا ع الوعد متصاحب بحبك ... بحبك في لون الضيّ في بكرة المبتِسِم و الجاي في نظرة خايفة و خايفة عَلَيّ بحبك ... بحبك في لون الضيّ في بكرة المبتِسِم و الجاي في نظرة خايفة و خايفة عَلَيّ و أنا .. أنا ع الوعد متصاحب الحب ليه صاحب و الكره ليه صاحب الحزن ليه صاحب و الفرح ليه صاحب الحب ليه صاحب و الكره ليه صاحب الحزن ليه صاحب و الفرح ليه صاحب و أنا .. أنا ع الوعد متصاحب
0358,Amir Eid,وحشتيني (Wahashteeny),Egyptian,قلتلها وحشتيني قالت وانت كمان هو احنا كنا بعدنا لية ما نحاول مرة كمان مش فاكر آخر مرة اتكلمنا كان اية الكلام ما حدش فينا حاول واستسهلنا السلام يمكن كنا تايهين مش لاقيين حلمنا يمكن كنا محتاجين نعرف نحب نفسنا او يمكن اتقابلنا في وقت مش وقتنا يمكن كنا مش فاهمين اننا بنحب بعض بس الحب مش كفاية زي المشاهد قبل تتر البداية زي اغنيه بس مش بتقول حكاية زي الدنيا وأنت مش معايا قالتلي تيجي نهرب من هنا ونروح بعيد ننسي كل حاجة مؤلمة نبدأ من جديد نعيش حياتنا اللي في خيالنا هي هي مش مهم المكان بس نعيشها بحرية مش اكيد هتبقي مثالية زي حلمنا بس ممكن تبقي حقيقة زينا نلاقي كل حاجة بنتمناها بقت ملكنا لكن خايف ساعتها ننسي اننا بنحب بعض بس الحب مش كفاية زي المشاهد قبل تتر البداية زي اغنيه بس مش بتقول حكاية زي الدنيا وأنت مش معايا
0359,Emad Abdel-Halim,الأم (El Om),Egyptian,مهما خدتني المدن وخدتني ناس المدن دايماً صورتك في قلبي، دليلي في المدن مهما خدتني المدن وخدتني ناس المدن دايماً صورتك في قلبي دليلي في المدن أطوي المدن وأجيكي، عطشان لنور عنيكي أطوي المدن وأجيكي، عطشان لنور عنيكي وأرمى روحي عليكي تطبطبي وتضمي ما بحسش بالبراح ده إلا في قلبك يا أمي وأرمى روحي عليكي تطبطبي وتضمي ما بحسش بالبراح ده إلا في قلبك يا أمي ايوا في قلبك يا أمي وأنا مهما خدتني المدن وخدتني ناس المدن دايماً صورتك في قلبي، دليلي في المدن ده أنا مهما خدتني المدن وخدتني ناس المدن دايماً صورتك في قلبي دليلي في المدن دايماً صورتك في قلبي دليلي في المدن كبرت وكل ما أكبر، يكبر حبك في قلبي كبرت وكل ما أكبر، يكبر حبك في قلبي يكبر، يكبر وأنا ليا غير وطني وإنتي وربي كبرت وكل ما أكبر، يكبر حبك في قلبي كبرت وكل ما أكبر، يكبر حبك في قلبي يكبر، يكبر وأنا ليا غير وطني وإنتي وربي ولما أعود إليكي وأبوس على إيديكي أنسى المدن يمايا، في لمستك وعينيكي ولما أعود إليكي وأبوس على إيديكي أنسى المدن يمايا، في لمستك وعينيكي وأرمى روحي عليكي تطبطبي وتضمي ما بحسش بالبراح ده إلا في قلبك يا أمي أرمى روحي عليكي تطبطبي وتضمي ما بحسش بالبراح ده إلا في قلبك يا أمي ايوا في قلبك يا أمي وأنا مهما خدتني المدن وخدتني ناس المدن دايماً صورتك في قلبي، دليلي في المدن وأنا مهما خدتني المدن وخدتني ناس المدن دايماً صورتك في قلبي دليلي في المدن دايماً صورتك في قلبي دليلي في المدن أمي يا حبيبتي إنتي، طول عمرك طايره بيا، طايره بيا أمي وكأنك إتخلقتي علشان تخافي عليا، عليا أمي يا حبيبتي إنتي، طول عمرك طايره بيا، طايره بيا أمي وكأنك إتخلقتي علشان تخافي عليا، عليا طول ما إنتي عايشه ليا يا نبع من الحنان لو ضاق الكون عليا ليا في قلبك مكان طول ما إنتي عايشه ليا يا نبع من الحنان لو ضاق الكون عليا ليا في قلبك مكان وأرمى روحي عليكي تطبطبي وتضمي ما بحسش بالبراح ده إلا في قلبك يا أمي وأرمى روحي عليكي تطبطبي وتضمي ما بحسش بالبراح ده إلا في قلبك يا أمي ايوا في قلبك يا أمي وأنا مهما خدتني المدن وخدتني ناس المدن دايماً صورتك في قلبي، دليلي في المدن ده أنا مهما خدتني المدن وخدتني ناس المدن دايماً صورتك في قلبي دليلي في المدن
0360,Tamer Ashour,مذهل .. مدهش (Mozhel .. Modhesh),Egyptian,مين قال مغلوب مین قال ما حاولتش صبرك أیوب ماسك و ما سیبتِش لو حمل الدنیا ثابت وما ملْتِّش قدھا و قدود شایل و ما شیلتِش أھي قفلت سد و ما غلِّبْتِّش یاما دَقِّت بس ما بتعِّدِّش یاما لَفِّت بس إنت ما تُھْتِّش أصلك مُذھل مُبھر مدھش أنا مین زيي أنا مذھل مدھش (يا مدهش) لو ھدوا الدنیا أنا ما تھَدِّش (أنا ما تھَدِّش) عشت و شوفت و لسه ما خوفتش (لسه ما خوفتش) علشان مُذھل مُبھر مدھش علشان مُذھل مُبھر مدھش أنا مین زيي أنا مذھل مدھش أنا مین زيي أنا مذھل مدھش لو ھدوا الدنیا أنا ما تھَدِّش (لو ھدوا الدنیا أنا ما تھَدِّش) أنا مین زيي أنا مذھل مدھش أنا مین زيي أنا مذھل مدھش لو ھدوا الدنیا أنا ما تھَدِّش (علشان مُذھل مُبھر مدھش) لسه ألف كلمة ماتقالتش لسه مية بطولة ماتحكتش لسه فرحة متشالة لي لسه ناوي و الحكاية مانتَهِّتْش لسه فرحة .. متسابة لي جاية جاية .. مكتوبة لي لسه دنيا متشالة لي لسه ناوي و الحكاية مانتَهِّتْش و أھي قفلت سد و ما غلِّبْتِّش یاما دَقِّت بس ما بتعِّدِّش یاما لَفِّت بس إنت ما تُھْتِّش أصلك مُذھل مُبھر مدھش أنا مین زيي أنا مذھل مدھش (يا مدهش) لو ھدوا الدنیا أنا ما تھَدِّش (أنا ما تھَدِّش) عشت و شوفت و لسه ماخوفتش (لسه ماخوفتش) علشان مُذھل مُبھر مدھش (علشان مُذھل مُبھر مدھش) أنا مین زيي أنا مذھل مدھش أنا مین زيي أنا مذھل مدھش لو ھدوا الدنیا أنا ما تھَدِّش (لو ھدوا الدنیا أنا ما تھَدِّش) أنا مین زيي أنا مذھل مدھش أنا مین زيي أنا مذھل مدھش لو ھدوا الدنیا أنا ما تھَدِّش علشان مُذھل مُبھر مدھش
0361,Ahmed Saad,١٠٠ حساب (100 Hesab),Egyptian,بتشرّف بيكم وبقول إن الدنيا بحالها حسداني عليكم دي حتى الطيبة دي جواكم بتبان في عينيكم ده مقامكم عالي أوي عندي من بختي الحلو ومن حظي عشرتكم عندي أنا بالدنيا، ما أقدرش أبعد عنكم ثانية الله يخليكم أنا وسط ناسي بيتعملي ١٠٠ حساب والشهم لي مكان وسطنا لو حتى غاب إحنا الرجولة والأدب والإحترام معمول لنا في الجدعنة مليون كتاب ما ياكلش عيشنا وملحنا غير الأصيل لو حد ضاقت يوم عليه على أخوه يميل كلمتنا واحدة وع الحلال متربّين في أي حتة معروفين من غير دليل أهل الرجولة والشهامة والكرم إبني وأبويا أخويا صاحبي المحترم أهلي وحبايبي اللي ليهم وضعهم وإسمهم أشهر من النار ع العلم الناس في قلبي كوم يا صاحبي وإنت كوم لو عشت طول العمر أشكر فيك وأصون ما يكفنيش العمر كله شكر فيك بتزيد في نظري يوم يا صاحبي بعد يوم ده إنتوا ناس أصلي وتمام ناس رجولة مش كلام صحبة حلوة وعشرة أحلى ميت تحية وميت سلام ده إنتوا وقت الشدة سندي إنتوا أصحابي وأهلي مهما أقول أنا من كلام إنتوا أغلى حاجة عندي أهلي وحبايبي وناسي اللي مشرفيني لو غيبت عنكو بحس روحي رايحة مني ما بينا عشرة وعيش وملح وكلمة حلوة لو يوم بعدت صدقوني ده غصب عني يا اللي الأصول والجدعنة ده طبع فيكم في أي حتة معروفين بيبان عليكم تملي في الخير سبّاقين ومقامكم عالي إيد واحدة دايما كلكم تسلم إيديكم ده إنتوا ناس أصلي وتمام ناس رجولة مش كلام صحبة حلوة وعشرة أحلى ميت تحية وميت سلام ده إنتوا وقت الشدة سندي إنتوا أصحابي وأهلي مهما أقول أنا من كلام إنتوا أغلى حاجة عندي
0362,Ahmed Adaweya,راحوا الحبايب (Raho El Habayeb),Egyptian,راحوا الحبايب بقالهم عام و التاني راحوا الحبايب بقالهم عام و التاني رابطين على البعد ولّا ولّا راجعين تاني آه .. آه .. راحوا الحبايب رابطين على البعد ولّا ولّا ولّا راجعين تاني راحوا ... راحوا ... راحوا الحبايب ليه يا حبايب حِلّي زادي و مَرّرّتوه رَش الدوا صعبة ع العلة و مَرّرّتوه ليه يا حبايب حِلّي زادي و مَرّرّتوه رَش الدوا صعبة ع العلة و مَرّرّتوه يوم يجي عقلي في راسي و يوم بيتوه يوم يجي عقلي في راسي و يوم بيتوه يوم ... يوم ... يوم يوم يجي عقلي في راسي و يوم بيتوه يوم ... يوم يوم ... يوم ... يوم يوم يجي عقلي في راسي و يوم بيتوه و القلب خدتوه و من يومها مجاش تاني راحوا ... راحوا ... راحوا الحبايب
0363,Jannat,فات بكرة (Fat Bokra),Egyptian,وياما قالولي بكرا انساك وفات بكرة ولا بنساك ولا مستوعبة الفكرة ده وجه اللهفة مش سايب في قلبي مكان فلو ينفع ماتوحشنيش اكون شاكرة وادي سنين ورا سنين وانا لسه على حالي لا بتروح ولا تغيب ولا تمشي من بالي ده مش يوم ولا اتنين دي ايام كتير بينا كده مشيت ويرضيك ده كله يجرالي وادي سنين ورا سنين وانا لسه على حالي لا بتروح ولا تغيب ولا تمشي من بالي ده مش يوم ولا اتنين دي ايام كتير بينا كده مشيت ويرضيك ده كله يجرالي ياريت ماتجيش في بالي عشان بتتعبني ما دام هتسيبني من كل الحاجات سيبني وقصة ان انا احلم بيك بلاش منها عشان الشوق ما هتصدق يعذبني وادي سنين ورا سنين وانا لسه على حالي لا بتروح ولا تغيب ولا تمشي من بالي ده مش يوم ولا اتنين دي ايام كتير بينا كده مشيت ويرضيك ده كله يجرالي وادي سنين ورا سنين وانا لسه على حالي لا بتروح ولا تغيب ولا تمشي من بالي ده مش يوم ولا اتنين دي ايام كتير بينا كده مشيت ويرضيك ده كله يجرالي
0364,Hussein Al Jasmi,اجمل خلق الله (Agmal Khalq Allah),Egyptian,يا موقّع قلب اتقطّع قلب المفروض خبره مقطّع مش توبه يعشق ولا نتوقّع ييجي يوم يحصل كل ده فيه يا مبهدل قلب اتبهدل طول الوقت عايش مستهبل علي ايدك في الحب اتدهول بس انا عارف السر ف ايه السر ف نظره عصرت قلبي انا حتّه عصره يابو أحاسيس بتعدّي وواصله شكلك كده فيك شيء لله السر ف قرفه كيميا ما بيننا ومالهاش صرفه كل الناس اهي شاهده وعارفه إنك أجمل خلق الله يا معدّي بمجهود فردي يابو خد مورّد ومندّي سحر  استفرد بيـّا لوحدي أنا مش حملك جيت لي منين!؟ يا محرّك قلب محرّج على نفسه يحب ويتحرك بقى من خيبته قاعد يتفرج سرحان في عنيك الحلوين
0365,Jannat,الوم على مين (Aloom Ala Meen),Egyptian,الوم على مين .. مفيش ناس غيري يتلاموا .. انا اللي مشيت ورا كلامه .. انا اللي اختارت اعيش جنبه و ب ارادتي .. الوم على مين .. و دي اختياراتي بايديا .. انا اللي عملت كدة فيا .. عشان عديت كتير اوي جيت على سعادتي .. و ملحوقة .. سنين من عمري مسروقة .. خدتني معاه طريق مسدود مضيعني .. انا استاهل .. عشان ف حقوقي بتساهل .. انا اللي شريت خواطر حد بيبعني .. كدة كفاية .. و اديني وصلت ل نهاية .. انا هبعد مفيش حاجة هتمنعني .. لا بيننا عتاب .. ولا بيننا كلام تاني .. صحيح كام ذكرى وجعاني .. لكن هبعد و افوق و الدنيا هتنسي .. كفاية عذاب .. هعود قلبي على بعدو .. انا من حقي اعيش بردو .. انا شوفتو كتير لازم اشوف نفسي ..
0366,Tamer Hosny,من كان يا مكان (Men kan ya makan),Egyptian,من كان يا مكان مسرحنا زمان صندوق مليان بكنوز ورموز وده مش تهويل أسماء علامات صنعوا الحكايات وسابولنا تاريخ بكى ضحك صريخ كدة جيل وراء جيل يعقوب صنوع والقباني جورج فاتحلك باب يا ريحاني كان كش كش بيه يرمي الايفيه جمهوره يقوله ارميه تاني يا عزيز ولا يوم من أيامك يوسف بيه مسرحه قدامك كانوا صالة ولوب يسمعوا مونولوج يخرجوا حافظين كل كلامك يا علي يا كسار في المداري بثلاثة جنيه ماضي وشاري يا بديع سلم على الأبياري وارميلنا على سمعة سلامك ويمر زمان يجي بعديه زمان والمسرح يفضل بيت مليان دايما سكان زكي يا طليمات عندنا نجمات خفة إسعاد رقة شويكار طلة شريهان يا فؤاد هات مدبولي وقوله عادل إمام الجيل كله وسمير لو ميت ساعة لوحده عمر الناس منه ما هيملوا اردش وكرم عاشوا معانا ومحمد صبحي دة جوانا ونجم وراضي بقفشاتهم يا ست سميحة يا وحشانا اه يا ست سميحة يا وحشانا يا سهير نادي البت سكينة يا بدير عبد العال أثر فينا يا سعيد قول للست أمينة... رزق المسرح ناس فكرانا وهيفضل مسرحنا بخيره دايما ليه دوره وتأثيره ده المسرح زي الهوا والروح عمرنا ما نعيش يوم من غيره
0367,Hamza Namira,مرجيحة (Morgeha),Egyptian,وياه...لما الحنين بياخدنا لمرجيحة بتحضنّا وياه...وبتعلا فوق سور بيتنا تاخدنا لفوق وبتساعنا نلاقى الطفل جوانا عينيه بالفرحة مليانة وضحكة مش مفارقنا في بشرة خير لأيامنا وياه...لما الحنين بياخدنا لمرجيحة بتحضنا يا ريت ترجع ليالنا تاخد تاني أيادينا تجمعنا تخلينا نشوف من تاني قدامنا وآه...لما السنين بتعدي وتسرق منا أحلامنا وياه...لما الحنين بياخدنا لمرجيحة بتحضنا وياه...وبتحلى بيها دنيتنا تاخدنا لفوق وبتساعنا تلملمنا صديق وصديق ترجع حلم قلب بريء تقول غنوة تبلّ الريق وترجع بيها أحلامنا وآه...لما السنين بتعدي وتسرق منا أحلامنا وآه...دي بتجري ما تهدّي تضيع ملامحنا وكلامنا
0368,El Joker,ولاد العم (WELAD EL 3AM),Egyptian,"ابويا كان تملي يقول ك عيلة لينا سمعتنا ويحكي عن ولاد عمي ك وصمة عار في جبهتنا ولاد عمي يخونوا العهد وعمر ما كانت دي طبيعتنا بيأذوا الجار، وياكلوا الحق وكل ما ضد فطرتنا أبويا كان تملي يقول ك عيلة لينا سمعتنا وفي كل عيلة فرع شمال و ولاد العم شر****** جار يا جار السلام ما بيننا بارد شعبيا المزاج مزاج مارد هتهبل بقى وتقوم فارد يلا بينا هات جنود اجيب جنود هات خرفان اجيب اسود في إتفاق وفي بنود في سلام وفي بارود قال يقبل ع الحدود ف قبلنا قام مخضوض قال ده خرق مش مفروض يبقى كل ده موجود لا سلامتها معيبش عليك، أعيب في تربيتها كت تقولك: مش أد لسعة نار بلاش تقيدها مش تقولك: إلعب يا حبيبي أي حاجة في بيتها؛ أصل ماما ليها كلمة، وكله بينفذ كلمتها they will do it لا لا لا they will do it ياعم لا والله لأ they gonna do it لأا we do a lot for them, and they gonna do it ده غبي ده ولا ايه عملوا القبة قلوبهم قويت، وبيجروا شكل زمان اتقال بارليف منيع؛ وبخرطومين إتكل يسطا انتوا فبركة بلاش معانا الدكن يسطا اتعمل معاكوا الصح بمنطادين ومكن دي لو حكاية في شبرا مش هتبقى سهلة كده صرفنا ليه تسليح! كان كفاية عليكوا إفردة لو لبينا الندا .. مش هتشوفوا الشتا بنشوف تيكتوكات جنود من جيشكوا بنقول ايه ده!! يسطا الكلام ع البايظ إزاي مقاتل مايص!! وجيش انسحب هايص!! يسطا الجنود عرايس متجيش معايا في حكاية عشان جوايا كفاية، والشعب يريد صهاينة ع الشواية إفرد ضهرك وابلع الحباية مبأمنش ع الحماية عندي وسيلة وعندي غاية حارقك إن شغل البنية في سينا بقى فخم وده خلاني أقدر في ثانية أقولك بخ لو وجودك هامك يابن عمي نخ ماما بعيدة. مش هتلحق تيجي تقولي كخ انا already ع الحدود برتكز عشان هارش مخططك النجس عايز تهجر أمر واقع لأ إحترس انا أبكس م اللي قالك تبقى بكس عملوا القبة قلوبهم قويت، وبيجروا شكل زمان اتقال بارليف منيع؛ وبخرطومين إتكل يسطا انتوا فبركة بلاش معانا الدكن يسطا اتعمل معاكوا الصح بمنطادين ومكن دي لو حكاية في شبرا مش هتبقى سهلة كده صرفنا ليه تسليح! كان كفاية عليكوا إفردة لو لبينا الندا .. مش هتشوفوا الشتا بنشوف تيكتوكات جنود من جيشكوا بنقول ايه ده!! أبويا حكالنا ان الأرض ملكيتها محسومة وهترجع تقسيمتها صح، مش زي ما هي مرسومة"
0369,Sabine,ستوب (Stop),Egyptian,أنا طول عمري وأنا ماليش في الحب وجيت عندك وعملت ستوب قلبي عمل ريستارت ودب وداب في عينيك ما هو أصلك حلو لدرجة تخض وجوة عينيك ١٠٠ حاجة بتشد كل ما أشوف أو أقابل حد أحكيله عليك أنا طول عمري وأنا ماليش في الحب وجيت عندك وعملت ستوب قلبي عمل ريستارت ودب وداب في عينيك ما هو أصلك حلو لدرجة تخض وجوة عينيك ١٠٠ حاجة بتشد كل ما أشوف أو أقابل حد أحكيله عليك من يوم ما قابلتك قلبي نازل دب وتخبيط ودخلت عملت لكل اللي كانوا في قلبي ديليت والظاهر كده والله أعلم إن أنا حبيت من يوم ما قابلتك قلبي نازل دب وتخبيط ودخلت عملت لكل اللي كانوا في قلبي ديليت والظاهر كده والله أعلم إن أنا حبيت أنا طول عمري وأنا ماليش في الحب وجيت عندك وعملت ستوب قلبي عمل ريستارت ودب وداب في عينيك ما هو أصلك حلو لدرجة تخض وجوة عينيك ١٠٠ حاجة بتشد كل ما أشوف أو أقابل حد أحكيله عليك من يوم ما عينك ضحكتلي وبقول يا ريت أنا وإنت ربنا يجمعنا ويبقالنا بيت من يوم ما عينك ضحكتلي وبقول يا ريت أنا وإنت ربنا يجمعنا ويبقالنا بيت وأعيش قصاد منك ومعاك وأعيش حواليك وهي الدنيا يبقالها طعم إلا بيك ده أنا نفسي ربنا يكتبلي بس نصيب فيك من يوم ما قابلتك قلبي نازل دب وتخبيط ودخلت عملت لكل اللي كانوا في قلبي ديليت والظاهر كده والله أعلم إن أنا حبيت من يوم ما قابلتك قلبي نازل دب وتخبيط ودخلت عملت لكل اللي كانوا في قلبي ديليت والظاهر كده والله أعلم إن أنا حبيت أنا طول عمري وأنا ماليش في الحب وجيت عندك وعملت ستوب قلبي عمل ريستارت ودب وداب في عينيك ما هو أصلك حلو لدرجة تخض وجوة عينيك ١٠٠ حاجة بتشد كل ما أشوف أو أقابل حد أحكيله عليك
0370,Cairokee,زمن الكلام (Zaman elkalam),Egyptian,كل ما تيجي الفكرة تروح كل ما بوصل لحتة بتوه كل ما أشرب من كاس العلام يتسرب من عقلي بقية الكلام والوقت بيجري مني جامد إنهاردة بقى إمبارح بقى كله سايح سايح سارح في التلاهي سارح في المسارح والمشهد هزالي ما بقاش فيه فن يغذي الروح ما بقاش فيه حد يخاطب عقلي ما بقاش فيه حد يريح قلبي قلبي بقى مليان مليان جروح كله فاضي كله عادي كله سارح في الملاهي كله تافه وبيتباهى كله عايش لنفسه أناني كله ما لوش تفكير غير المشاهير بأقل مجهود بدون تبرير كل شايف نفسه مدير كله نفسه يبقى كبير على الفاضي كله سراب كله تراب كله عايز يبقى كبير على الفاضي كله سراب كله تراب سلام سلام يا زمن الكلام سلام سلام يا زمن الكلام سلام سلام يا زمن الكلام سلام سلام يا زمن الكلام ما بقيتش بطيق الناس زي القروش بيشموا ريحة الدم لو إنت طيب تنداس وأنا اللي بشيل الهم التاريخ علمني إن الحياة بتلف في دايرة مقفولة حتى الساعة اللي عقاربها واقعة ممكن تبقى لسه موقوتة بس العقرب اللي سم جسمي سمه لسه موجود عايش في صحرا واسعة كبيرة العلم فيها ما لوش وجود كله فاهم كله شايف كله مغمض عينه ونايم كله ماسك في حاجة وسايب سمها يجري فيه بفرغ طاقتي السلبية زي الرصاص ساعات بترد فيا، ساعات تضرب في أعز الناس فأكتم فيا الأذية وتنفجر جوايا كان نفسي تكوني ليا بس للأسف مفيش معايا غير أفكار بسيطة سهلة وبإتنين جنيه إبتكار والليلة فيه كابوس بيزورني في نفس الميعاد بيعرض فيلم بطولته فشلي وكل يوم عمال يتعاد ولما الشاشة بتسود بقرا قصيدة بتقول هتصحى عجوز في جسم شاب على ضل حلم على جبل عتاب على عين ما شافتش غير إكتئاب بيني وبين نفسي ميت ألف حساب سلام سلام يا زمن الكلام سلام سلام يا زمن الكلام سلام سلام يا زمن الكلام سلام سلام يا زمن الكلام [ لو فاكر هتحاسبني فكر مرتين إنت زيك زي إبني معلش إسمحلي أقولك كلمتين واحد، ما تحاولش تقيمني كتير عشان ما تتعبش إتنين، عمرك ما تقارن نجاحي بمحتوى هابط فاسد جدره هش فقبل ما تحاسبني بص لنفسك في المرايا وإعرف إن السجن اللي جوة مخك مش هيفرق كتير معايا وآخر نصيحة عندي هقولهالك لو ليك نصيحة ليا أحسنلك تخليهالك
0371,Wish (OST),بعد اللي أنا عارفاه [Knowing What I Know Now,Egyptian,آشا: يا مخدغين ماجنيفكو كان مستغفلنا من سنين مؤذي اوي اكتر من اللي انا كنت فكراه اتمنيت انا و نزلي نجم و مجاش في بالي إني يوم اقابلو لكني مش بندم من يوم ماشوفتو ماجيفكو دا طلع لابس قناع ألوانه كتير قال اصحوا كده الأماني من غيري هتضيع و اهو خان خان خان و انا مقدرش اعملكم حاجة لوحدي هيضيع حقنا لو سبناه ليوم ما نخاف هيكسبنا مش مسموح بعد اللي انا عرفاه هيرد ازاي اكيد مرعوب و انا مش هكست على الملعوب مش هرتاح بعداللي انا عرفاه داليا: اصحوا ها عارفة إني مش لوحدي ثايرة دايرو: كعبنا بكرا تظق دق دق دق هال: مظنش بيفكر نثور ضده الكل: الثورة جايه اجمدوا مدوا آشا: لو كان في شيء اقوى منه الكل: الشعب آشا و داليا: احنا و في قوتنا شيء جبار آشا: بعد اللي  عرفناه الكل: بعد اللي احنا عرفناه جابو: مش مضمون أي انتصار الكل: لكن هال: رجعوع لا ولا استسلام لا استسلام الكل: اه آشا: بعد اللي عرفناه الكل: بعد اللي احنا عرفناه صافي: مش هيعرف يوصالنا دايرو: الخبطة دي بطلنا بسيمة: كنت طفلة بس اتغريت دايرو: الجميل رجع من تاني هال: علشان نرجع الاماني جابو: فاكرنا كبار آشا: لكن احنا كتار آمايا: حاجات كتيرة وحشة و معتدهاش الكل: بيحب آمايا: حاجة اكتر من نفسه التاج بعد اللي انا عارفاه الكل: بعد اللي احنا عرفناه آمايا: قلبه مفيش جواه الخير الكل: كنتي آمايا: مخدوعة في حب كبير من سنين بعد اللي عرفته آشا: عارفين داليا: عارفين الكل: عرفناه بعد اللي احنا عرفناه
0372,Angham,اختلفنا فرقنا افترقنا (Ekhtalafna Fara2na Eftara2na),Egyptian,إختلفنا.. عن زمان فرقنا ف افترقنا كل واحد فينا راح لحاله و اتفقنا اننا خلاص مش لبعض خلص طريقنا لا احنا اول و لا احنا آخر ناس بعدنا و بتمشي الحياه .. بنعيش و بنعرف و نقابل و بنضحك نسهر و نجامل.. مفيش قصة حب بتكمل مفيش فينا ولا واحد كامل انا بس ف اخر الليل بضعف اول ما ابقى لوحدي انا بعرف ان انا مش هنساك بالساهل قالوا مابتقفش الحياه على حد و انا حياتي موقفتش لكن معشتش يوم زي ال عشته و انا معاك في حاجات كتير كانت معاك مع غيرك منفعتش فيه نسخه تانيه  مش بعيشها الا و انا وياك هو قدرنا ولا اختيارنا ولا ال جري كان ايه يا تري انت برضه بتحس زيي ولا انت عامل ايه ولا الكلام عن الي فات مبقاش يفيدنا لا احنا اول ولا احنا آخر ناس بعدنا
0373,Jannat,سمك زينة (Samak Zena),Egyptian,صوت ضحكتي بقى صوت حزين متشتتة حبة مشاعر عايشة ليك وأنا ميتة بالعين تشوف جوايا خوف ساكن في قلبي سكون مطر جوه الشتا عمرك لقيت إنسانة ساذجة كل ده من كتر ما انجرحت بقت متعودة من برة زينة والروح حزينة ماشية لهلاكها برجلها متعمدة أنا في عينيك سمك زينة وفستان شيك في فاترينا سفينة في بحر قلبك تايهة وسط الموج ولا بتغرق ولا بتوصل على المينا مجروحة والظاهر جروحي مطولة خسرانة من كل اتجاه ومكملة أنا ماشية ليه في السكة دي مش عارفة أنا بأمارة إيه مستحملة ده أنا قبل منك كان فاضلي جناج وأطير وأديني جنبك طير بجد لكن أسير بقى ده جزائي على قلب باقي شيالك في عيني تشيلني على الرف الأخير أنا في عينيك سمك زينة وفستان شيك في فاترينا سفينة في بحر قلبك تايهة وسط الموج ولا بتغرق ولا بتوصل على المينا
0374,Ruby (Egypt),واحدة جديدة (Wahda Gedida),Egyptian,امتى وازاي وليه كل دا حصل؟ امتي نوري اتطفي امتي قلبي اتكسر؟ عدي قد ايه من وقتها وصدقت أنا ليه ان زمني انتهي؟ أنا واحدة جديدة كأن غمامة كانت على عيني وشلتها شوفت حياة مابقتش وحيدة علشان بطلت أعيش بستنى، بقيت حرة أنا شميت نفسى وفوقت لنفسي بقيت أقوي فهمت خلاص قريت شاطر اللي يقع مافيناش من ياريت ما كلنا بنتوجع فيه ناس بتخاف من الحياة، وناس بتخاف من التغيير ارقصلهم يا قلبي، غني، عرفهم ان فاتهم كتير أنا واحدة جديدة كأن غمامة كانت على عيني وشلتها شوفت حياة مابقتش وحيدة علشان بطلت أعيش بستنى، بقيت حرة أنا شميت نفسي وفوقت لنفسي بقيت أقوي أنا واحدة جديدة كأن غمامة كانت على عيني وشلتها شوفت حياة مابقتش وحيدة علشان بطلت أعيش بستنى، بقيت حرة لو ع التغيير أنا جاهزة اتغير 100 مرة
0375,Abou El Leef,بركوتة (Barakotta),Egyptian,خد بالك، بركات ده داهية ده لو جالك، مافيش هزار ده يوماتي، بركات هنا مِسَّخَنَّاتي، مولعها نار خد بالك، بركات ده داهية ده لو جالك، مافيش هزار ده يوماتي، بركات هنا مِسَّخَنَّاتي، مولعها نار بركوتة، جاب الضيف و دَبَحله القطة ضيف تاني، قضاها مْلّابطة ثَبِّت لعيبة ع الثابتة، و نجوم كبار بركوتة، جاب الضيف و دَبَحله القطة ضيف تاني، قضاها مْلّابطة ثَبِّت لعيبة ع الثابتة، و نجوم كبار خد بالك، خد بالك
0376,Tamer Hosny,يلا يا كداب (Yalla Ya Kaddab),Egyptian,ده انا كنت هسقفلك ياه من كتر ما انا مبهور تمثيلك هايل لا وعرفت تعيش الدور ألفت كلام والدمعه تمام نزلت في وقتها وغيرت القفله وطلعت الكاسر مكسور یلا یا کداب يلا یا کداب بیبان الكداب من عينه وطبعه القلاب يلا يا كداب يلا يا كداب كنت انا صح انا لما مشيت وقفلت الباب بتقول كلام فيا عشان مش لاقي حاجه تقولها وانا لو قولت هقول في حاجات ما يصحش اقولها انا مش هرد بطريقتك انا هطلع احسن منك اصلي اتربيت ان العشره حقيقي لازم أصونها یلا یا کداب يلا يا كداب بیبان الكداب من عينه وطبعه القلاب یلا یا کداب يلا یا كداب كنت انا صح انا لما مشيت وقفلت الباب
0377,Mufasa: The Lion King (OST),[Brother Betrayed] أنت مبقتش أخويا (Egyptian Arabic) (Ebta maba'etsh akhoya ),Egyptian,ما قولتلك بحبها أصلاً كاشفينها كلها أنقذت حياتك يبقى دا جزائي؟ هقولك إيه ؟ دا إيه معناه ؟ و إزاي مكدبش دا عيني شايفاه كان أجمل اخ كانت حبي ضاعت للأبد مش هتعود خنت الوعود و كنت حسود قولتلها إيه يا أبو قلب حقود؟ كان المصير تحب الأمير ها! وأني سامع ضحك الجدود بيقولوا الناس الملك غاب سايب ابنه مع صاحب كداب كان واثق أنك في يوم هتخون واهو خنتني و كنت بتغرق مديت لك إيد إديتك فرصة من غير أي شرط و قت ما بغرق و أتهديت بشاور و شايفك بتضحك ع الشط أنت مبقتش اخويا كدة انتهى الأمر مش باقيلي غير العار مع نار  و مرار صعب انسى
0378,Frozen (OST),In Summer (Egyptian Arabic),Egyptian,"وأتخيل ما عندما يحدث عندما ياتي الصيف نحل يطن , أطفالا يلهون وقلب يحن وسأمارس ما يفعله رجل ثلج بالصيف شراب لطيف يبرد جسمي في حر المصيف يسمر جلدي بشكل خفيف في بالصيف أخيرا سأعرف معنى النسيم بعيدا عن عصف الشتاء وأرى ما يحدث لثلوج تتحول لماء أرى كيف سأكون في عيون الأصدقاء وكيف سأكون مدهشا في الصيف الحر والبرد في عناق لبعضهم في إشتياق بالبرد أغني و أنسى العناء في الصيف مصيري يتحول لـــشخص سعيد أعانق أحلامي وأتناسا الأخطار أسترخي تحت الشمس كي تتحول لبخار وستصفو السماء لي أنا والأصدقاء وقتها سأكون مثل الثلوج في الصيف كريستوف: إنه سيذوب آنا: لا تخبره أولاف: في الصيف ﻿"
0379,Tamer Ashour,جُم شرفوا (Gom Sharafo),Egyptian,راحوا ولفوا لفتهم...وبعد ما الدنيا اذتهم راجعيين يكملوا لعبتهم...ولسه قال بيحبونا لو ع الفرص ياما ادينا...وقلنا برضو يخصونا تبتنا فيهم ب ايدينا..ومشيوا هما وسابونا جم شرفوا...اهلا وسهلا تعرفوا قلنا ل قلوبنا بعدكوو...ان حبو تاني استنضفوا جم شرفوا...بيمثلوا وبيحلفوا نرجع ايه دا بيحلموا...كبرو يعيني وخرفوا جم شرفوا...اهلا وسهلا تعرفوا قلنا ل قلوبنا بعدكوو...ان حبو تاني استنضفوا جم شرفوا...بيمثلوا وبيحلفوا نرجع ايه دا بيحلموا...كبرو يعيني وخرفوا يارب ربع ثقتهم بس...بصراحه اول مره نشوف ناس حبناهم عملو العكس.... لا صانو عشره ولا معروف راجعين يقلبو ف الماضي..وكأن جرحنا كان عادي.. خلصت خلاص الحكايادي...وبقيتوا بالنسبالنا ضيوف جم شرفوا...اهلا وسهلا تعرفوا قلنا ل قلوبنا بعدكوو...ان حبو تاني استنضفوا جم شرفوا...بيمثلوا وبيحلفوا نرجع ايه دا بيحلموا...كبرو يعيني وخرفوا جم شرفوا...اهلا وسهلا تعرفوا قلنا ل قلوبنا بعدكوو...ان حبو تاني استنضفوا جم شرفوا...بيمثلوا وبيحلفوا نرجع ايه دا بيحلموا...كبرو يعيني وخرفوا
0380,Wael El Fashny,أسطورة الجيوش (Ostourat el-Goyoush),Egyptian,أسطورة الجيوش وسادة المعارك بركان علي العدو والكل معاه مشارك يحيا جيشنا العظيم أولاد مصر القوية درع  وحصن الأمان ليهم اعظم تحية أسطورة الجيوش وسادة المعارك بركان علي العدو والكل معاه مشارك طايرين زي النسور وسماها خط أحمر ويحولوا البحور بركان علي اللي يفكر يقرب منها دا جيشها شعبها دا جيشها شعبها أبطال الله اكبر ياولاد مصر القوية بوجودكم تحيا مصر أبطال ثابتين مكانكم و تاريخكم كله نصر أقوی و اعظم جيوش جيشنا اليوم القيامة وأسالوا كتب التاريخ جيشنا اكبرعلامة ياولاد مصر القوية بوجودكم تحيا مصر أبطال ثابتين مكانكم و تاريخكم كله نصر طايرين زي النسور وسماها خط أحمر ويحولوا البحور بركان علي اللي يفكر يقرب منها دا جيشها شعبها دا جيشها شعبها أبطال الله اكبر أسطورة الجيوش وسادة المعارك بركان علي العدو والكل معاه مشارك يحيا جيشنا العظيم أولاد مصر القوية درع  وحصن الأمان ليهم اعظم تحية
0381,Beauty and the Beast (OST),Belle (IAada) (بل (إعادة)) [Belle (Reprise)],Egyptian,[ماشي خلاص؟ تخيّلوا ! البيه طلب إيدي أنا ؟! مراة المغرور الجاهل ده؟] مدام جاستون، يا فراخ سامعينّي؟ مدام جاستون، أدي المَدام ! لا يا بيه، اسفين ماتسيبك منّي أنا رايحة بلاد شبه الأحلام ياما نفسي أهيم في البراحة مثل الطير أمنية فوق كل الكلام وياريت بالمرة كمان ألقى واحد كلّه حنان آه من شوق عملاق في بلاد أقزام
0382,Carmen Suleiman,الدنيا رايقة (El Donya Ray2a),Egyptian,اتفضل طب شوية..ده بجد ومش كلام مش كلمتين مجاملة..بنقولهم والسلام بنفهم في الأصول..واصحاب واجب كمان و عشان خاطرك ياسيدي..نفضيلك المكان عندنا عندنا..الدنيا رايقة عندنا عندنا عندنا..الناس جميلة عندنا مفرفشين ومفيش عُقد ولا نفسنة ولا عكننة صدقني فايتك نص عمرك خسران قوي لو مش هنا قرب جرب دلعنا .. خلي علينا الحساب لينا الروقان بتاعنا … زي ما قال الكتاب بنفهم في الأصول..واصحاب واجب كمان و عشان خاطرك ياسيدي..نفضيلك المكان عندنا عندنا..الدنيا رايقة عندنا عندنا عندنا..الناس جميلة عندنا مفرفشين ومفيش عُقد ولا نفسنة ولا عكننة صدقني فايتك نص عمرك خسران قوي لو مش هنا
0383,Nour Khan,على الهادي (Ala El Hady),Egyptian,على الهادي على على الهادي مش هنخسر ولا هناخد حاجة من الدنيا دي لسة فيها و بنعافر و بكرة هتسمعني بقول يا دنيا يا غرامي على الهادي على على الهادي مش هنخسر ولا هناخد حاجة من الدنيا دي لسة فيها و بنعافر و بكرة هتسمعني بقول يا دنيا يا غرامي بتسأل نفسك انت ليه دايماً قلقان بتفكر بس في الماضي مش في الآن بدل ما تلاقي مخرج للمتاهة بتستسلم و تسيب نفسك تغرق في التوهان سنة ورا سنة كلنا تايهين دماغك بحر أسود و بتقرر تغرق فيه عشت في أرض الأحلام ف كان لازم صدمة عملت الخير وإنت في البحر رميتني ف قمت و لملمت مشاعري ماكانش في حد بيسمعلي أصل العالم مش هيعتذرلي ف كان لازم أمحي السواد على الهادي على الهادي على الهادي على الهادي مش هنخسر ولا هناخد حاجة من الدنيا دي لسة فيها و بنعافر و بكرة هتسمعني بقول يا دنيا يا غرامي على الهادي على على الهادي مش هنخسر ولا هناخد حاجة من الدنيا دي لسة فيها و بنعافر و بكرة هتسمعني بقول يا دنيا يا غرامي دي صفحة هنطويها من قلوبنا هنرميها مش هنموت من الحزن رغم إنه بيموت فينا و أنا قاعدة طول السنة كنت بأهد في اللي إتبنى رغم إن الذكريات إتبخرت و الماضي إتنسى مع كل ليلة كانت حتة مني بتنقص مع كل ثانية كان الصبر مني بيخلص كل مرة لما دماغي كانت مني بتهرب كانت بتوديني و أنا بجيبني و لسة لسة بواسي نفسي و بمحي سنين مشاعر مش هندِّي ولا هنميل و على الهادي على الهادي على الهادي مش هنخسر ولا هناخد حاجة م الدنيا دي لسة فيها و بنعافر و بكرة هتسمعني بقول يا دنيا يا غرامي
0384,Rehab Sleem,غابوا غابوا (Ghabo Ghabo (You Will See Me Breaking Down)),Egyptian,صاحبي خرف وخاب مديت له ايدي ساب هيفيد بايه ده عتاب الندل يا صاحبي الاجتناب في غيبتي راح وعاب ف الشده صاحبي غاب ف مصيبتي كله اتبخر كله فص ملح وداب كانوا جوه عينينا واتشافوا وطلعوا على ايدينا اتعوجوا ورسموها علينا وكمان بيعيبوا فينا اللي على مقاسه يلبسها ويعزم علي ناسه من بعدينا والله بيقاسوا راجعين تاني بعد اما احتاسوا فارقونا وسيبونا ده عينكم جابت اجلنا تعبتونا واذيتونا مع السلامه للي يعطلنا فارقونا وسيبونا ده عينكم جابت اجلنا تعبتونا واذيتونا مع السلامه للي يعطلنا مع السلامه للي يعطلنا غابوا غابوا غابوا غابوا اللي غلط بحسابه غابوا غابوا غابوا غابوا واتغابوا اي ناقص قفلت انا بابه غابوا غابوا غابوا واللي غلط بحسابه غابوا غابوا غابوا واتغابوا اي ناقص قفلت انا بابه بتشوفني تفلق ركبك بتخبط وتقلق تكدب ع نفسك وتصدق حبل المشنقه تتعلق انا عملك الاسود بتشوفني ف حته انت بتبعد اخرك بتتابع وبتحسد عشان اجمد منك ف بتحقد عذراً من فضلك افعل بقى خلينا نشهدلك بتحور وتقول وده اخرك علشان كدا دايما بتجاهلك خليك ع مبدأ انا اولى و مصلحتي انا ابدى ولما تعوز اورّيدي وانا هبدأ انا افرس منك انا اجمد متشرفتش بيك. معرفتش انت مين عادي اجي هنا اربيك. لو تغلط هتشيل انا اجدع بكتير اخوك وزير تقدير اسطورة الاساطير اسطورة الاساطير فارقونا وسيبونا ده عينكم جابت اجلنا تعبتونا واذيتونا مع السلامه للي يعطلنا فارقونا وسيبونا ده عينكم جابت اجلنا تعبتونا واذيتونا مع السلامه للي يعطلنا مع السلامه للي يعطلنا غابوا غابوا غابوا غابوا اللي غلط بحسابه غابوا غابوا غابوا غابوا اي ناقص قفلت انا بابه غابوا غابوا غابوا والي غلط بحسابه غابوا غابوا غابوا اي ناقص قفلت انا بابه
0385,Hesham Noor,مصدقة (Mesada'a),Egyptian,مصدقة إن الفراق بينا ابتدا وخلاص ما عدشي في لقا والشمس مايلة للغروب يادوب وهي مشقشقة واضم مين يفرح ويبكي ف حضني وانتي تضمي مين حبك في قلبي مش حتمحيه السنين مهما افترقنا حبك انتي لي انا ومصدقة إن الفراق بينا ابتدا وخلاص ما عدشي في لقا الشمس مالت للغروب يادوب وهي مشقشقة
0386,Maryam Saleh,يويو (Youyou),Egyptian,يا وداد يا يويو يا مبرراتي يا جبنة حادقة على فول حراتي يا واد يا يويو يا، يا مبرّراتي (يويو) يا جبنة حادقة على فول حراتي أستك لسانك، فارد ولامم أستك لسانك، فارد ولامم حسب الأبيّب يا مهلباتي يا .. يا واد يا يويو يا مهلبية فوق الصواني، سايحة وطرية يا واد يا يويو، يا يويو يا مهلبية فوق الصواني، سايحة وطرية في كل جلسة تلبس قضية في كل جلسة تلبس قضية وتخيل عليها أوي يا مشخصاتي يا واد يا يويو (يويو)، يا مبرّراتي يا جبنة حادقة على فول حراتي أستك لسانك، فارد ولامم حسب الأبيّب يا مهلباتي حسب الوظيفة وإنتَ وشطارتك تظهر حلاوتك، تظهر مرارتك حسب الوظيفة وإنتَ وشطارتك تظهر حلاوتك، تظهر مرارتك لو خفضوك ترتفع حرارتك لو خفضوك ترتفع حرارتك لو صعدوك تنقلب جيلاتي يا واد يا يويو (يويو)، يا مبرّراتي يا جبنة حادقة على فول حراتي (يويو) أستك لسانك، فارد ولامم حسب الأبيّب يا مهلباتي (يويو) وفي النهاية، لك عندي كلمة آخر طريقك زحل وضلمة وفي النهاية، لك عندي كلمة آخر طريقك زحل وضلمة حيث إن آخر القرع ضلمة حيث إن آخر القرع ضلمة يا إما كفتة سخنه من عند العجاتي يا واد يا يويو (يويو)، يا مبرّراتي يا جبنة حادقة على فول حراتي أستك لسانك، فارد ولامم حسب الأبيّب يا مهلباتي
0387,Afroto,حالة (Hala),Egyptian,كت كل حاجه ماكتش زى ما اصاله قالت نص حاله كت كل حاجه كل حاجه كل حاجة عملت فيها تقيل و انا اللى سهرت ياما الذكريات الذكريات مش قادر انى انساها كأنها ولا جت فى دماغى عامله شغب ما بقي فى شغف و الدنيا اه بتمشي بس انا اللى مابمشيش و الوقت بيعدى على الكل الا انا لا و فضلت ماشي بحاول اهرب و انسي حد مبنسهوش زى اللى ادمن كيف و مابيبطلوش رغم أن انا اللى قلت نخلف فـ الوعود و نعيش كابوس بنعيش كابوس من غيرها ملْهِى ماشي تايه فـ دماغي موُقَف ما في سايس بقيت بقضي وقتي نايم زى الچيلاتى عقلى سايح ببص لنفسي لا ملاقيش (okey) فـ المرايا انا مفيش (okey) مش شايفني انا مين (okey) توهت فـ المرايا دى من بره بضحك بس من جوه تعيس فى جوه سحله بس من بره سعيد انا مش فاهمني بس الحل اكيد اني افضل بعيد و فضلت ماشي بحاول اهرب و انسي حد مبنسهوش زى اللى ادمن كيف و مابيبطلوش رغم ان انا اللى قولت نخلف فـ الوعود و نعيش كابوس بنعيش كابوس
0388,Lella Fadda,حب بس إيه (Hob Bas Eh),Egyptian,"عايزِك تبقي أهدى عدي لحد خمسة إيه ده يا فنانة؟ ما تشغلش نفسك ومين ما كانش يتمنى ما قلتش أنا وأنا ‫ما حدش قال ""مبروك"" يا أهلًا بالنفسنة يا مرحب بالكلاب،تحب تهوهو عُمر ما الغراب حبيبتي صوصو حلوة منك بس شدي حيلك ‫سمعوا قالوا ""شكل حد نونو"" تاكل تنكر زي بالظبط قطة صحبة تكذب تبقى عكس قطنة ما جاتش سيرتك، عندكيش زغطة لكل حد ما وقفش جنبي شكرًا حب بس إيه؟ الورد في البوكيه كلمني شوفني فين عشان مش هاجي أنا نازلة أشوفكوا ليه وما دام ما فيش وعود نقول ما فيش لزوم والدنيا دي إمتحان ما فيهاش رقم جلوس-لوس-لوس وأنا وقت ما أعوز أضرب بوز وأقلبها حروب ولا أي عشم، أنا ما أعرفكوش نبقى صحاب؟ لأ ما بطيقكوش، حوش، حوش لمي كلامك من ع الأرض ‎ أنا التؤ مني بجدول ضرب‎ أنا آجي على نفسي، لأ ما أعرفش أنا أشوفِك إزاي، إزاي، إزاي فلوس تجيب فلوس تجيب شكاوي تقول كلام عجيب وفيك بلاوي لسه بدري عليكي، لسه هاوي لسه عايزة الشغل، عايزة حاوي ما جاتش في يوم وليلة، يوم وليلة رُحت جيت لوحدي، شِلت شيلة كلمت غيري نزلت شُفت غيرك ‫تبقى لعبة في إيدي أكني Gamer باب يفوت جمل خصم ع الهرتلة عرض ع المرايات تشوفي نفسك أنا ‫وأعملِك Tutorial تبقي قد الدنيا بتشوفيني إزاي؟ ‫بعرف أبقى فوبيا بعرف أبقى بوش غير ده خالص ‫بعرف أقلب كله، أقول ""بناقص"" حد يلعب بيا؟ فيش ده خالص حد يجي عليا؟ فيش ده خالص لسه بدري عليكي، مش معلم لسه بعمل بس من غير ما أتكلم لسه باصة عليا، تحب تبلم أما أخش الكل يقوم يسلم حب بس إيه-إيه-إيه-إيه إيه-إيه-إيه-إيه-إيه-إيه وأنا وقت ما أعوز أضرب بوز وأقلبها حروب ولا أي عشم، أنا ما أعرفكوش نبقى صحاب؟ لأ ما بطيقكوش، حوش، حوش لمي كلامك من ع الأرض ‎ أنا التؤ مني بجدول ضرب‎ أنا آجي على نفسي، لأ ما أعرفش ده أنا أشوفِك إزاي غير كومبارس ‫أنا أشوفك إزاي ‎وإنتِ ما فيش ‎نقطة سلكان ما تعلمتيش، مين فينا المعلم؟ مين تلميذ؟ ‫مين فينا الكلام ‎من غير تنفيذ؟ ‫مين فينا إللي عرف ‎مين على مين؟ طب ما تزعليش (تؤ تؤ تؤ) ما تتعصبيش عايزِك تبقي أهدى، أهدى، أهدى وما تتنرفزيش (حب بس إيه؟) (حب بس إيه-إيه-إيه-إيه-إيه) (مواه)"
0389,The Nightmare Before Christmas (OST),جاك مشغول قلقان [Jack's Obsession] (Jack mashghoul al'aan),Egyptian,جاك مشغول  قلقان جاك مشغول قلقان مش مضمون أنه هيرجع زي ما كان دا قاعد وحده فوق بابه عليه مقفول مش بيكلم حد شكله مات مقتول جاك مشغول قلقان جاك مشغول قلقان الكريسماس في دماغي  بيزن مين هيخطط له غيري ويفن؟ في مشاكل عندي ملهاش حل كل ما أفتكر  اتحلت تقلب خل من صوابع العضم بتفلت على الارض زي نتفة تلج في عز الصهد في حاجه صعبه تتفهم بالضربة القاضية بتهزم زي ذكرى من زمان تبرق لحظه متمسكهاش معناها إيه ؟ معناها إيه؟ الزينات والتعليقات فيها سر وتفسيرات لعب الاطفال فيها سر مهول عجباني مع إني مذهول اشياء ابسط منها مفيش مخبيها إزاز ورا شيش مع أني ناقصني المفاتيح نفسي اشوف بشكل صريح معناها إيه؟ معناها ايه؟ معناها إيه؟ هممم همممم أنا بقرا  كتب الكريسماس بإستمرار راجعت القصص وقريت الأخبار وحفظت كمان ترانيم وبقول اشعار جمجمتي اتملت وجالي انهيار وكل ما بقرا السر بيهرب ليه ؟ مش قادر احط صباعي العضمي عليه وجايز يبقى الأمر أسهل من اللي أنا دايما أفكر فيه وانا مكبر الموضوع جايز لما قريت أكيد الحل ما كانش عني بعيد ما كانش عني بعيد حاجه لاي علدان * مزيكا تلقطها الودان خفية و واصلة لكل مكان حاجة عني مش شايفها لكن حاسس معناها الشيء اللي اسمه كريسماس ده ما اظنش فيه سر كبير ليه يتبسطوا بيه هما بس لازم يبقى لاي حد بس يعني  مش اي حد جميل ما انا ممكن  اعمل شجرة  شخاليل وانا مش لاقي سبب يتقال يمنعني انظم الأحتفال ما يقلش عن الموجود ويبقى كمان أحسن منه لقيتها السنه دي الكريسماس هيبقى بتاعنا
0390,Afroto,فرق خبرة (Far2 Khebra),Egyptian,آه (Coolpix boy) آه آه ووه، ووه، ووه صعب تقرأ إن كله فطرة شكلي تايه مش عندي خطة شخصيتي تلمه، بارده سنه وأنا أقوى منك في فرق خبرة صعب تقرأ إن كله فطرة شكلي تايه مش عندي خطة شخصيتي تلمه، بارده سنه وأنا أقوى منك في فرق خبرة أنا في كمين قتالين بس طلعوا مغفلين بيداروا حاجة ملثمين حياتي قالتلي متداريش عايز خدمة متلاقيش خمسة ليا وخمسة ليك كان بيجرى ومعدنيش فلما توصل متنسانيش في فرق شاسع بس تابع وكل جاي من دماغي نابع نفسي فيها بس بمانع من بره شبعان من جوه جائع صعب تقرأ إن كله فطرة شكلي تايه مش عندي خطة شخصيتي تلمه، بارده سنه وأنا أقوى منك في فرق خبرة صعب تقرأ إن كله فطرة شكلي تايه مش عندي خطة شخصيتي تلمه، بارده سنه وأنا أقوى منك في فرق خبرة دول سوحوني وقطموني إكمني أنا مبعرفش أعوم والحياة وضغط شغلي مش سامحلي إني أكون إنسان مؤهل للتعامل مع بشر بتعيش تخون وإعتمد على نفسي وأكبر وأفضل أقوى من الظروف يا دنيا بتدوري، إيه وأنا ماشي فيكي بأصولي، إيه ووه لسه هتشوفي، إيه بكرة هيفاجأك أسلوبي، إيه ووه ظهورى قليل بس في بالكوا صعب تنسوني، إيه ووه صوتي واطي بس بكرة هقوى أعلي صوتي، إيه ووه ووه صعب تقرأ إن كله فطرة شكلي تايه مش عندي خطة شخصيتي تلمه، بارده سنه وأنا أقوى منك في فرق خبرة يا دنيا بتدوري، إيه وأنا ماشي فيكي بأصولي، إيه ووه لسه هتشوفي، إيه بكرة هيفاجأك أسلوبي، إيه ووه ظهورى قليل بس في بالكوا صعب تنسوني، إيه ووه صوتي واطي بس بكرة هقوى أعلي صوتي، إيه ووه ووه
0391,Hosam Hosny,لولاش (Lolash),Egyptian,لولاش قلبه ما يوعاش طول عمره أهو عاش عيشة الدراويش يا بنات فاتنات ما بلاش للنظرة تاخدني في لحظة طيش لولاش قلبه ما يوعاش طول عمره أهو عاش عيشة الدراويش يا بنات فاتنات ما بلاش للنظرة تاخدني في لحظة طيش لولاش قلبي ما يوعاش طول عمره أهو عاش عيشة الدراويش يا بنات فاتنات ما بلاش للنظرة تاخدني في لحظة طيش ياما فيكم بيض وأمارة وخفيفة الدم سمارة ياما فيكم بيض وأمارة وخفيفة الدم سمارة زغللتوا يا خلق عنيا ما تخفوا شوية عليا أنا خايف أوي على قلبي يطاوعكوا ما يرجعليش ولولاش قلبه ما يوعاش طول عمره أهو عاش عيشة الدراويش يا بنات فاتنات ما بلاش للنظرة تاخدني في لحظة طيش لولاش قلبه ما يوعاش طول عمره أهو عاش عيشة الدراويش يا بنات فاتنات ما بلاش للنظرة تاخدني في لحظة طيش الصيف هلت حكاياته جوة البحر وع الكورنيش والشتا بيودي بناته ثانوي وجامعة ما يرحمونيش الصيف هلت حكاياته جوة البحر وع الكورنيش والشتا بيودي بناته ثانوي وجامعة ما يرحمونيش ياما نفسي أغمي عيوني فين ما أمشي بيقابلوني ياما نفسي أغمي عيوني فين ما أمشي بيقابلوني وعنيهم تجي في عنيا وألمح أحلام وردية والبسمة بتسحر قلبي وأنا قلبي غيره ماليش ولولاش قلبه ما يوعاش طول عمره أهو عاش عيشة الدراويش يا بنات فاتنات ما بلاش للنظرة تاخدني في لحظة طيش لولاش قلبه ما يوعاش طول عمره أهو عاش عيشة الدراويش يا بنات فاتنات ما بلاش للنظرة تاخدني في لحظة طيش آه يا ليلي يا عيني (آه) ويا ليلي يا عيني (آه) آه يا ليلي يا عيني (آه) ويا ليلي يا عيني (آه) آه يا عيني يا ليل ليلي ليلة عيني يا ليلي وفي حالي مالكوا ومالي وراحة بالي غيرها ماليش يا حبيبة قلبي تعالي غيرك والله في قلبي مافيش وفي حاله مالكوا وماله وراحة بالي غيرها ماليش يا حبيبة قلبه تعالي غيرك والله في قلبي مافيش مهما الحلوين صادفوني إنتي اللي عنيكي سحروني مهما الحلوين صادفوني إنتي اللي عنيكي سحروني يا قمر بعيون مصرية ولا غيرك يملى عنيا وبشوفك ساكنة في قلبي وخيالك ما فارقنيش ولولاش قلبه ما يوعاش طول عمره أهو عاش عيشة الدراويش يا بنات فاتنات ما بلاش للنظرة تاخدني في لحظة طيش لولاش قلبه ما يوعاش طول عمره أهو عاش عيشة الدراويش يا بنات فاتنات ما بلاش للنظرة تاخدني في لحظة طيش ياما فيكم بيض وأمارة وخفيفة الدم سمارة ياما فيكم بيض وأمارة وخفيفة الدم سمارة زغللتوا يا خلق عنيا ما تخفوا شوية عليا أنا خايف أوي على قلبي يطاوعكوا ما يرجعليش ولولاش قلبه ما يوعاش طول عمره أهو عاش عيشة الدراويش يا بنات فاتنات ما بلاش للنظرة تاخدني في لحظة طيش لولاش قلبه ما يوعاش طول عمره أهو عاش عيشة الدراويش يا بنات فاتنات ما بلاش للنظرة تاخدني في لحظة طيش
0392,Amr Diab,مصر قالت (Masr Alet),Egyptian,مصر قالت صوت ولادى كلمة الحق فى بلادى هما دول سر التحدى هما دول زهرة جهادى هما دول هما الشباب مصر قالت الكرامة عزه النفس بشهامه هما دول اكبر علامه كل حى وله قيامه زى ما قال الكتاب مصر قالت انحيازى عمره ماكان لأنتهازى مستحيل هقبل تعازى فى الشهيد رغم اعتزازى الا من بعد الحساب مصر قالت الحقيقة فى العزيمة والارادة هما دول سر الريادة والعمل افضل عبادة تستحق ميت ثواب تستحق ميت ثواب مصر قالت صوت ولادى كلمة الحق فى بلادى هما دول سر التحدى هما دول زهرة جهادى هما دول هما الشباب مصر قالت الكرامة عزه النفس بشهامه هما دول اكبر علامه كل حى وله قيامه زى ما قال الكتاب مصر قالت انحيازى عمره ماكان لأنتهازى مستحيل هقبل تعازى فى الشهيد رغم اعتزازى الا من بعد الحساب مصر قالت الحقيقة فى العزيمة والارادة هما دول سر الريادة والعمل افضل عبادة تستحق ميت ثواب تستحق ميت ثواب
0393,Laila Ahmed Zaher,كلمة أخيرة (Kelma Akheera),Egyptian,[كلمة] ساعات حبنا لحد بيخَلّينا نيجي على نفسنا علشان فاكرين إننا مبسوطين معاه رغم إنه بيأذينا بكل تصرف بيقلل مننا أو يجرحنا و الصح لما نكتشف ده نِبعِد بأسرع وقت مهما كان بُعدِنا عنه صعب أنا من زمان خوَفتِنّي هزيت لي ثقتي و سِبتِني جيت لك علشان كان نفسي أعيش و أنا جاية أعيش مَوِتنّي بقي دي النهاية و ده اللي بتحاسب عليه أنا من زمان خوَفتِنّي و لغيت مشاعري هزمتِني إزاي هاقول و بأي عين شُفتك في يوم بتحبني جاوب سؤالي و قوللي مرة كسبت إيه؟ حكايات ... وعود ... مين اللي قال؟ مش برضه كان إحنا مين اللي عَلَّقنا بغرام و أذانا و جَرَحنا حكايات ... وعود ... مين اللي قال؟ مش برضه كان إحنا لو كان راحتنا في الفراق ده ياريته رَيَّحْنا و نهاية حبي فيك في كلمة أخيرة ليك محتاجة أنام و أصحى في يوم ألاقي قلبي نسيك أنا طول حياتي كلها حابسة مشاعري لوحدها قافلة عليها الباب علشان ما تجيبش حد يذِلّها أنا كنت فاكرة ده اللي هيجيب الأمان و أمّا فتحت الباب لقيت أذيتها ومعاها إتأذيت و ياريت فِضِلت لوحدي يوم ولا حد قرب مِنَّها ولا حد حاول يبقى ليه أصلاً مكان حكايات ... وعود ... مين اللي قال؟ مش برضه كان إحنا مين اللي عَلَّقنا بغرام و أذانا و جَرَحنا حكايات ... وعود ... مين اللي قال؟ مش برضه كان إحنا لو كان راحتنا في الفراق ده ياريته رَيَّحْنا شكراً علشان بإيديك قَطَعت علاقتي بيك مستغربة إزاي في يوم وقفِت حياتي عليك حكايات ... وعود ... مين اللي قال؟ مش برضه كان إحنا مين اللي عَلَّقنا بغرام و أذانا و جَرَحنا حكايات ... وعود ... مين اللي قال؟ مش برضه كان إحنا لو كان راحتنا في الفراق ده ياريته رَيَّحْنا و نهاية حبي فيك في كلمة أخيرة ليك محتاجة أنام و أصحى في يوم ألاقي قلبي نسيك
0394,Sharmoofers,قط وفار (Ot w Far),Egyptian,القط يتعصب بيهز ديله مظبوط والفار لما يلمحه يطلع يجري ده المفروض راح الفار يداعب القط... فاكر الغزالة رايقه اممم القط بظ ضفره هجم هجوم تتار وطوح بايده علم عليه بسكار كل ده ليه؟! كل ده ليه؟! الكائنات فعلاً مختلفة مش إفيه توتة توتة توتة توتة توتة توتة مش حتخلص الحدوتة السلام عليكم سلام عليكم ضبك داخل لجوه نازل عليك سنتين وحتفضل هي صورتك حتي لو عملت تقويم مانت ممكن تبقي جان بس مجرم تعمل كرايم أو ضريب وجنكي مدمن كل يوم تشد لاين ربك خلقنا بالكمال مش مهم عنده لونك المهم تكون في حياتك راس حربة وتدخل جونك هس القط جه... هس القط نووو ما احنا الي عملنا القط كلب هوت وبقى يجي يزط القط منوم مأنتخ في العصرية من البلكونة مدلدل ديله قاعد يتاوب يتمطع طرقع رجله ويلحس ايده وانت كالعادة علي جنب معدي المرة ده مش مستخبي انزل في الشارع أجري واطير هاخرج من جحري انا مش أسير وهابص لفوق مش هابص تحت تاني هاطلع قدام مش هافضل في مكاني وهابص لفوق مش هابص تحت تاني هاطلع قدام مش هافضل في مكاني قعدت تجري مسافات كيلومترات تقولش جي جري من أسيا! سحلت القط وراك صاحبك مستنيك زي ما قال ع الناصية كلب بلدي بكاسكتة في بقه سجارة بلامنط مدلدلة حواليه رجالته وعزوته كلها كلاب خرامنت مريلة هوبا مرة واحدة حصل قفلة جم ع القط وعملوا الحفلة كرسي في الكلوب كرسي كرسي في الكلوب اتضرب القط قطعوا ديله هدوا حيله هو الي اتلط هرب القط من المعركة من غير فروته بقى زي البرص والفار قاعد ع القهوة مريح طلب السحلب رص القرص الفار قلب القهوة فرح هيصة وجاب فرقة حسب الله حاوي بيلعب بالنار اتقلبت سيرك جه من بلاد بره ايييوه وهابص لفوق مش هابص تحت تاني هاطلع قدام مش هافضل في مكاني وهابص لفوق مش هابص تحت تاني هاطلع قدام مش هافضل في مكاني
0395,Carmen Suleiman,إنت وبس (Enta W Bas),Egyptian,إنت وبس اللي بتملى عيني وبس صوتك لما بتهمس همس يلمس جوه في قلبي لمس انت الصح انت المفروض واللي يصح ده انا لما بشوفك بفرح يرقص قلبي على واحدة ونص سيبوني سيبوني سيبوني معاه أنا عايزاه هواه عجب قلبي هواه سيبوني معاه أملي عيني بجماله جمال محياه سيبوني سيبوني سيبوني معاه أنا عايزاه هواه خطف قلبي هواه سيبوني معاه أملي عيني بجماله جمال محياه أيوه صح كده أيوه ده حبيبي هو ساكن هنا جوا في عينيا أيوه أيوه أيوه صح كده أيوه ده حبيبي هو ساكن هنا جوا إنت الحب إنت اللي شفت معاك الحب جيت هنا طبطبت على القلب معقولة كل دي فرحة يا رب لا ده انت خطير والله بحبك حب كبير خد مني بوسة وحضن كتير ده انا معاك م الفرحة بطير سيبوني سيبوني سيبوني معاه أنا عايزاه هواه عجب قلبي هواه سيبوني معاه أملي عيني بجماله جمال محياه ده حبيبي هو ساكن هنا جوا في عينيا أيوه أيوه أيوه صح كده أيوه ده حبيبي هو ساكن هنا جوا
0396,Mohamed Mounir,النيل (El Nile),Egyptian,ولا بيوصل ولا بيتوه ولا بيرجع ولا بيغيب ولا بيوصل ولا بيتوه ولا بيرجع ولا بيغيب النيل سؤال و مازال ماجاش عليه الرد من قد إيه و لفين ماقالش عمره لحد النيل سؤال و مازال ماجاش عليه الرد من قد إيه و لفين ماقالش عمره لحد ولا بيوصل سهران يوشوش ناي و الحلم رايح جاي قباله ع الشَطِّين بيحب صوت الناس قباله ع الشَطِّين بيحب صوت الناس و غُنّى البنات بالليل بيِكرَّه الحراس لما تدوس بالخيل ولا بيوصل تفوت أيام تموت أحلام تعدي شهور تدور الأرض و الدنيا و هو يدور و لسه بيجري و يعافر و لسه عيونه بتسافر و لسه قلبه لم يتعب من المشاوير تفوت أيام تموت أحلام تعدي شهور تدور الأرض و الدنيا و هو يدور و لسه بيجري و يعافر و لسه عيونه بتسافر و لسه قلبه لم يتعب من المشاوير
0397,The Hunchback of Notre Dame (OST),زمبليطة [Topsy Turvy] (Zamblita),Egyptian,"يا ناس! ياهو! سيبوا عالجو ما حتى الجو هاتوا خالتكوا وخالكوا يا ناس! ياهو! اتلب يابو تعالوا لغمدةً شكل بحاله مغرة المجنون مجـ ""نون!"" حفلة وتجي في يوم واحد كل عام حفلة وباريس تتشقلب، يا سلام ملكٌ راح يصبح حال الأراجوز واحنا في زمبليطة ايه هاو يوم نتعفرت زي العفاريت ونخلي العالم يبقى بس غميض أهو دا اللي يخلي دايماً هذا العيد مجنون زمبليطة ! الحياء دا إيد عبيطة زمبليطة ! كل شي في لحظة طيبة كله بعضه واتهى لسله ايه يلّا بينا زمبليطة ايه ! زمبليطة ! الأراجوز بيدق الطبلة زمبليطة ! في تقل يرقص معنا بناس عيد الناس من شارتر لكالي المهديل حيزيله هبالة ست يناير، أجمل حالة زمبليطة وشكل على ايه يا ناس! ياهو! يلا! يلا! فرصة يا ناس! عندي جمال مليان احساس يا ناس! ياهو! وC'est le marron glacé de France أجمل بنت تتقدّم رأس تبقى إزمرلدا.. وبس! فرولو : اتفرج عالمنظر المقرف فيبس : حاضر يا افندم والآن سيداتي سداتي رأسة المقاومة أهو جا الوقت اللي احنا بنستناه وطبعاً عارفين كلامي ايه معناه ودلوقتي حنضحك زي المجانين والناس تختار ملك الوحشين (فاكرين مين فاز السنة اللي فاتت) لذا الوش لازم يكون مرعب ومريع أبشع من أبشع شي باشع وشنيع أوحش بني آدم حيكون ملك الوحشين ليه؟ زمبليطة! هاتوا وشوش كوكل بعبالها زمبليطة! نختار ملك الحفلة بحالها خلّي وحاشتك ظاهرة عليك تبقى ملك الحفلة بحالها يابيه -دا مش قناع! -دا وشه -دا باشع -دا اللي بيضرب جرس نوتردام سيداتي سداتي أرجو الهدوء احنا كنا بندور على أوحش وش في باريس واهو لقيناه كوازيمودو، أحدب نوتردام يا ناس! ياهو! حفلة وتجي في يوم واحد كل عام (كله معايا) حفلة وباريس تتشقلب، يا سلام (حيّوا حيّوا) أوحش واحد حيكون ملك العوام (يا بنات أدّوا بوسة) واحنا في زمبليطة ايه ! (عمره ماكان على شكله ملوك) و دا يوم راح يطلع طبعا أجمل يوم في 11 شهر و29 يوم راح نمرح بعض بينا ياولا وحنسكر فينا ودول دايماً أريكة ايه وحنتوج ملك الحفلة زمبليطة ايه! كل شي ؟؟؟ زمبليطة ايه!"
0398,Carmen Suleiman,أصح غلطة (Asa7 Ghalta),Egyptian,قاللي بكرة هتندمي بتغلطي مش حاسة إيه بتضعيه هترجعيلي وتحلمي وساعتها هضحك عاللي بكرة هتبقى فيه ومشيت يوميها وكنت عارفة انا بعمل إيه إيه اللي عنده يتزعل أصلا عليه وادي اللي قال هتعيش حياتها لوحدها هو اللي تاه مقدرش يعرف زيها وان حتى كل الناس قالولي إنك غلط فالبعد عنه أصح غلطة عملتها لما قالوا إستحملي سمعتهم وبعدت برضه ماهمنيش وعمري تاني إتردلي دلوقتي مبسوطة بحياتي وقادرة أعيش أيامي أحلى وبعد منه الفرق بان وده لو غلط كان لازم اغلط من زمان وادي اللي قال هتعيش حياتها لوحدها هو اللي تاه مقدرش يعرف زيها وان حتى كل الناس قالولي إنك غلط فالبعد عنه أصح غلطة عملتها
0399,Moana (OST),أ‏عرفي أنت مين  [Know Who You Are]  (earfh anty min),Egyptian,البحور دي عدتها و بقول اسمك عارفاه هو سرق قلبك من جواه دا هو اللي انتي فاكراه انتي عارفة انتي مين شوفي ….. انتي مين
0400,Amal Maher,مضمونة (Madmouna),Egyptian,طول مانت عارف إني باقيالك..وقت أما تنده ليا جايالك..طول مانت حاسس اني مضمونه.. هاتبيع كتير وهاتشتري فيا.. أيوة ف حياتك بس منسية..واحدة وخلاص عالرف مركونة.. طول مانت شايف إني هارضي ب أي حاجة وأعيش هتقول خلاص هفضل كده ماهي قاعده مابتمشيش ولا مرة علي بالك خطر..انك قريب مالخطر لازم تخاف انك ف يوم تناديني ماتلاقينيش.. طول مانت ضامن إني موجودة..ساعة حيطان متعلقة ف أوضة..وبقت عينيك متعودة عليها.. هتقول خلاص انا صعب اخسرها..وبكلمتين تفضل تصبرها..وتقول خلاص أهي راضيه خليها..
0401,Sherine,والنبي لو جانی,Egyptian,والنبي لو جاني باس ايدي كده واترجاني انا عمري ما هرجع تاني مبقتش اقبل اعزار حد الله مابيني وبين واحد قلبه ناسيني اتهزت صورته في عيني مابقاش في بينا اعمار بيسأل عليا انا بعد الهنا بسنه ياريت تقولولو انا مش موجوده ياعيني ازاي كده يجي بعد كل ده انا قلبي ببانه بقت مقفوله انا مش مصدقه انه خلاص بقى هيتوب على ايدي وديه مش معقوله انا راضيه زمتو بقى تبقى غلطته وعايزني انساها كده كده بسهوله والنبي لو جاني باس ايدي كده واترجاني انا عمري ما هرجع تاني مبقتش اقبل اعزار حد الله مابيني وبين واحد قلبه ناسيني اتهزت صورته في عيني مابقاش في بينا اعمار
0402,Wael Jassar,حلم حياتي,Egyptian,حاضنك قلبي ولامساك إيدي والفرحة اهي عرفت مواعيدي كتر يا سنين منها وهاتي حلم حياتـــــــــــــي كان سيرة في عمري اللي اتقضى كان صورة ما بين نظرة وغمضة وخلاص يا عيوني من اليوم دا على حضنه هتصحي وهتباتي علشان لبعض أطمنا وحلمنا وقلوبنا مأمناه قدرنا نمشي بحبنا بنوصله لبيت أحلامنا علشان لبعض أطمنا وحلمنا وقلوبنا مآمناه قدرنا نمشي بحبنا بنوصله لبيت أحلامنا يا كلمة طول عمري باقولها يا دنيا كان نفسي ادخلها دلوقتي هالمسها واطولها وهتبتدي معاك حكاياتي حلم حياتـــــــــــــي وصحيت وياك على يوم عيدي حاضنك قلبي ولامساك إيدي والفرحة اهي عرفت مواعيدي كتر يا سنين منها وهاتي حلم حياتـــــــــــــي كان سيرة في عمري اللي اتقضى كان صورة ما بين نظرة وغمضة وخلاص يا عيوني من اليوم دا على حضنه هتصحي وهتباتي
0403,Hakim (Egypt),موال الصبر (Mawal El Sabr),Egyptian,أنا اللي الدنيا ظلماني و واخداني في ليل الآه و أنا اللي زماني بكاني و خلاني أتوه وياه العمر راح مني و الناس ما راحميني و قلبي داب ... في ليل و عذاب خلاص الصبر راح ... راح ... راح مني ظلموني جرحوني بكوني و باعوني منين الصبر يا أهل الله نجيبه منين؟ (نجيبه منين؟) ما راح العمر يا أهل الله في غمضة عين (في غمضة عين) عذاب الدنيا مكتوب لي أعيش وياه (أعيش وياه) طريق الغربة من صغري واخدني معاه (واخدني معاه) و ليل القسوة سهرني و مين ع الآه يصبرني؟ و ليل القسوة سهرني و مين ع الآه يصبرني؟ ظلموني جرحوني بكوني و باعوني ظلموني (ظلموني) جرحوني (جرحوني) بكوني (بكوني) و باعوني داويت الكل بإيديا و أنا المجروح (و أنا المجروح) لقيت الكل حواليا مَلّوني جروح (مَلّوني جروح) لا قادر أمشي ولا أهرب و ليه من أهلي مِتغَّرَب؟ لا قادر أمشي ولا أهرب و ليه من أهلي مِتغَّرَب؟ ظلموني جرحوني بكوني و باعوني ظلموني (ظلموني) جرحوني (جرحوني) بكوني (بكوني) و باعوني قاسيت من بختي و الدنيا و من الحرمان (و من الحرمان) لقيت الغدر حواليا في كل مكان (في كل مكان) و لما الزمن دار بيا أعز الناس خِلّي بيا و لما الزمن دار بيا أعز الناس خِلّي بيا ظلموني جرحوني بكوني و باعوني ظلموني (ظلموني) جرحوني (جرحوني) بكوني (بكوني) و باعوني يا ليل الغربة ما تقوللي واخدني لفين؟ (واخدني لفين؟) يا ريت ترحمني و تسيبني أعيش لي يومين (أعيش لي يومين) يا ريت الدمع في عيوني يزيد و الحِمل حسدوني يا ريت الدمع في عيوني يزيد و الحِمل حسدوني ظلموني جرحوني بكوني و باعوني ظلموني (ظلموني) جرحوني (جرحوني) بكوني (بكوني) و باعوني ظلموني جرحوني بكوني و باعوني
0404,Oliver and Company (OST),النجومية صعبة [Perfect isn't easy],Egyptian,"عمري مفقوس في النور خلي الطابق مستور النجومية صعبة دي حياتي كل الدنيا عليا باصة دي مسؤولة بجد لمستي السحرية الخاصة أبداً مش ليا, للإنسانية خطوة بميزان حساس توزنها عيون الناس أحياناً تبقى الدنيا صعبة كثير وأنا زي الناس بحس آه بالأشواق للمحبوب ده حتى الكلب له قلب بالشوق مليان بالهوى بيدوب طاير زي العصفور وفي السما بيدور وأنا زيه حطير أومال مثالية, خيالية وجمالي أساطير بيخض, ويعض والدنيا على مقاسي دة انا أحلى من لاسي هات آه محسودة من كل الألاضيش صوتهم منبوح على مفيش مش ممكن كلب ما داقش محبتي أنا ملكة وبرميلهم بسمتي حلوين صحيح لكن على جزمتي زيي مفيش مفيش"
0405,Ahmed Mekky,طرقت بابك (Taraqto Babak),Egyptian,[مقدمة: مصطفى الجندي] يا الله [مقطع 1: أحمد مكي] كان نفسى أعيش طفولة، من صغر سني بأشتغل بأتنطط من شغلة لشغلة لحد سن الفحولة ما أنا أصلِ عيلتي إتفككت بدري، و مش بِيَّدي عيشت فيلم دراما طويل خدت فيه دور البطولة بقيت راجل البيت عندي إتناشر سنة يارب قدرني أوَّرِي أمي يوم هَنا شغلى فى طفولتي نَشِّفلي عضمي تمام تشهد نوادي الفيديو، سوق القلعة و الحَمَام (يا الله) سوق الجمعة اللى إتعلمت منه ياما دروس فادتني و حتفيدني لحد يوم القيامة الدنيا صراع فى صراع، كله بيأكل في كله و معنى الطيبة ضاع، أشكي لمين و أقوله (يا الله) الدنيا مالها قلبت غابة الأرنب فيها مالوش مكان و الغلبة بس للديابة لو سَلِمت دماغك للفكرة هتعيش كآبة أقولك عاللى يخلى الفكرة تِمُر مرور سحابة (يا الله) إسمع، دوام الحال من المحال صدقني بكره الشمس تطلع مهما ليلك طال مهما مراكبَك عِطلِت وقفت ما تكتئبشي سيبها على الله و إتوكل صدقنى بكره تمشى [لازمة: مصطفى الجندي] طرقت بابك يا الله طرقت بابك يا الله [مقطع 1: أحمد مكي] رزقه إتقطع أو رزقَها، إتصاب بأمراض مش قدها ودعت ناس من كل قلبك كنت تحبها فى دور مُسَّيَّر مش بِيَّدَك ولا بِيَّدَها كل اللى في إيدك تسعى وتدعي ربك فُكَّها (يا الله) هو الوحيد اللي في إيديه مفتاحها و حَلَّها مش ممكن أبداً هيضيع جُهدَك أو جُهدَها و لو حسيتها قفلت و همومك كِترِت عليك ماتقولش ربي غضبان، يمكن من حبه فيك (يا الله) قَفِّلها جامد، عاوزك تفتكره، أصلك نسيت لو مش بيحبك كان سابك ما كان خلاك صحيت عاوزك ترجعله أصلك وحشته، و تقول يا رب ربك عظيم مجيب كريم ما بيرفضش الطلب (يا الله) بس أنت روح له خطوة، هايجيلك خطوتين خلق مفهوم الرحمة، و إسمه رحمن رحيم كله بيعدي، العمر بيجري أسرع من النِسيم سلمله أمرك و إتوكل و إرضى هَتدوق نعيم [خاتمة: مصطفى الجندي] طرقت بابك يا الله طرقت بابك يا الله يا الله
0406,Ahmed Adaweya,كركشنجي (Karakashangy),Egyptian,كركشنجي دبح كبشه يا ماحلى مرقة لحم كبشه كركشنجي دبح كبشه ماحلى مرقة لحم كبشه عَكَشه فَركِش نَكَشه طَنِش قَلَشه إقَلِش و سبع سلاطين استسلطناهم من عند المستسلطنين تقدر يا مسلطن يا مستسلطن تستسلطن لنا سبع سلاطين زى ما استسلطناهم من عند المستسلطنين كركشنجي دبح كبشه (كبشه) يا ماحلى مرقة لحم كبشه كركشنجي دبح كبشه ماحلى مرقة لحم كبشه عَكَشه فَركِش نَكَشه طَنِش قَلَشه إقَلِش و سبع دبابيس استدبسناهم من عند المستدبسين تقدر يا مدبس يا مستدبس تستدبس لنا سبع دبابيس زى ما استدبسناهم من عند المستدبسين كركشنجي دبح كبشه يا ماحلى مرقة لحم كبشه (كبشه) كركشنجي دبح كبشه (كبشه) ماحلى مرقة لحم كبشه (كبشه) عَكَشه فَركِش نَكَشه طَنِش قَلَشه إقَلِش وسبع لحاليح استلحلحناهم من عند المستلحلحين تقدر يا ملحلح يا مستلحلح تستلحلح لنا سبع لحاليح زى ما استلحلحناهم من عند المستلحلحين كركشنجي دبح كبشه (كبشه) يا ماحلى مرقة لحم كبشه كركشنجي دبح كبشه ماحلى مرقة لحم كبشه عَكَشه فَركِش نَكَشه طَنِش قَلَشه إقَلِش كركشنجي دبح كبشه يا ماحلى مرقة لحم كبشه كركشنجي دبح كبشه يا ماحلى مرقة لحم كبشه كركشنجي دبح كبشه ماحلى مرقة لحم كبشه عَكَشه فَركِش نَكَشه طَنِش قَلَشه ما تِقلِش
0407,Amal Maher,م السنة للسنة (Mesana Le Sana),Egyptian,للذكرى قبل ماينسي كان في بنا ايه قبل مايمشي جيت وسيبت هديه ليه وعليها اسمي وصورتي وانا ايدي ف ايديه حبيبت اقوله يوميها اشوف وشك بخير وقابلته عادي وقولت دي بتحصل كتير وان كان لى حق فى حاجه برده مسمحه فيها ومن السنه للسنه هسأل عليه ولو اقابله هيعرف ان ليه لسه فى حياتى مكان ومن السنه للسنه هسأل عليه وهتعود لو اسمع صدفه من حد انه كان تعبان ومن السنه للسنه هسأل عليه ولو اقابله هيعرف ان ليه لسه فى حياتى مكان ومن السنه للسنه هسأل عليه وهتعود لو اسمع صدفه من حد انه كان تعبان متأكده ان مفيش كلام ينفع معاه متأكده من انه كان ماشى برضاه لكن بقول معرفش انا كان ماشى ليه م خوفي انا لاقيت م عينه اني اتنسيت جيت النهارده وسيبتلي تذكار بسيط اهو ع الاقل يبقي يفتكرني بيه ومن السنه للسنه هسأل عليه ولو اقابله هيعرف ان ليه لسه فى حياتى مكان ومن السنه للسنه هسأل عليه وهتعود لو اسمع صدفه من حد انه كان تعبان ومن السنه للسنه هسأل عليه ولو اقابله هيعرف ان ليه لسه فى حياتى مكان ومن السنه للسنه هسأل عليه وهتعود لو اسمع صدفه من حد انه كان تعبان
0408,Abdel Basset Hamouda,اسمحولي (Esmaholy),Egyptian,اسمحولى هقولكوا انا قلبى شايل منكم اسمحولى هقولكوا انا قلبى شايل منكم مش هسامح مش هعاتب و مش هلوم الخيانة والقساوة فى دمكم لأ لأ لأ لأ كفاية كدب بقى كفاية غدر بقى كفاية شقا بقى ضيعتوا العشرة من كذا سنه وانا معرفتش طعم الهنا فى الشوق هديكوا انا واحد من عشرة كفاية كدب بقى كفاية غدر بقى كفاية شقى بقى ضيعتوا العِشرة من كذا سنه وانا معرفتش طعم الهنا فى الشوق هديكوا انا واحد من عشرة اسمحولى هقولكوا أنا قلبى شايل منكم كل ساعة وكل يوم ابكى و اشكى من الهموم نفسى اعيش وياكوا فى يوم متهنى قلبى عيشته فى غلال يوم قساوة ويوم مرار والغلط مصدرش أبدا منى قلبى اللى ياما عذبتوه ولا مرة واحدة هنتوه قلبى اللى ياما عذبتوه ولا مرة واحدة هنتوه هتدلعوه هتهننوه لا مستحيل هتحننوه هتدلعوه هتهننوه لا مستحيل هتحننوه لأ لأ لأ لأ كفاية كدب بقى كفاية غدر بقى كفاية شقا بقى ضيعتوا الِعشرة من كذا سنه وانا معرفت طعم الهنا فى الشوق هديكوا انا واحد من عشرة كفاية كدب بقى كفاية غدر بقى كفاية شقا بقى ضيعتوا الِعشرة من كذا سنه وانا معرفت طعم الهنا فى الشوق هديكوا انا واحد من عشرة اسمحولى هقولكوا أنا قلبى شايل منكم كنت بتحمل زمان الكلام دا لما كان كنت حاسس بالامان فى غرامكم النهارده مفيش مكان هتجيبونى من شمال برضوا مش هضعف فى يوم قدامكم قلبى النهارده غير زمان وما عدش فيه ذرة حنان شطب وقفل  الببان نزل ستايره من زمان قلبى النهارده غير زمان وما عدش فيه ذرة حنان شطب وقفل من الببان نزل ستايره من زمان لأ لأ كفاية كدب بقى كفاية غدر بقى كفاية شقا بقى ضيعتوا العشرة من كذا سنه معرفت طعم الهنا فى الشوق هديكوا انا واحد من عشرة كفاية كدب بقى كفاية غدر بقى كفاية شقا بقى ضيعتوا العشرة من كذا سنه معرفت طعم الهنا فى الشوق هديكوا انا واحد من عشرة كفاية كدب كفاية شقى جايين يكدبوا هنا على مين؟ دا احنا ياواد معلمين دا احنا ياواد معلمين جاى هنا تبرم على مين كلنا العنب قبل التين كلنا العنب قبل التين يامحلى شغل المعلمين كفاية يا محلا العنب قبل التين كفاية كدب بقى كفاية غدر بقى كفاية شقا بقى ضيعتوا الِعشرة من كذا سنه وانا معرفت طعم الهنا فى الشوق هديكوا انا واحد من عشرة اسمحولى هقولكوا انا قلبى شايل منكم
0409,The Lion King (OST),أغنية الهولا (Oghnyet El Hula) [The Hula Song],Egyptian,إيزا كونتي جين واي نفسك في عقلة هنية تالا كل بومبا له ميته حلوة تري يا أكله ، أكله ، مشوي أكله ، أكله مقلي بومبا رجل مذهل! شحذ أسنانك أخبر جيرانك لحم بومبا طاقمها شي ماحصلش
0410,Tamer Hosny,خلونا نشوفكم تاني (Khalona Neshofkom Tany),Egyptian,أحلى لحظه دي ولا ايه ايه الحلاوه دي كلها اغلى صحاب اهي قدامي اهي اجمل ليله دي شكلها لا دي لسه هتحلى وهتطول ايه وراكم ايه ؟ ايه هنغني ونحكي ونتسلطن طب تسمعوا ايه ؟ ايه ده احنا ما بنصدق نتجمع هتروحوا ليه لا دي لسه هتحلى وهتطول ايه وراكم ايه ؟ ايه هنغني ونحكي ونتسلطن طب تسمعوا ايه ؟ ايه ده احنا ما بنصدق نتجمع هتروحوا ليه خلونا نشوفكم تاني لأ ما شبعناش عاش بقى من شافكم عاش قعدتكم دي بالدنيا وخسران اللي قعد وماجاش آه .. خلونا نشوفكم تاني لأ ما شبعناش عاش بقى من شافكم عاش قعدتكم دي بالدنيا وخسران اللي قعد وماجاش اللي معايا في الصورة دول اغلى ناس عليا اللي معايا في الصوره دول اغلى ناس علیا وده يوم يتفوت ده الغايب كده فايته كتير .. آه اول ما يشوف صوره للمه هيزعل ويغير .. آه هيفوته قلوب حلوه وصافيه وماليها الخير وده يوم يتفوت ده الغايب كده فایته كتير .. آه اول ما يشوف صوره للمه هيزعل ويغير .. آه هيفوته قلوب حلوه وصافيه وماليها الخير خلونا نشوفكم تاني لأ ما شبعناش عاش بقى من شافكم عاش قعدتكم دي بالدنيا وخسران اللي قعد وماجاش آه .. خلونا نشوفكم تاني لأ ما شبعناش عاش بقى من شافكم عاش قعدتكم دي بالدنيا وخسران اللي قعد وماجاش اللي معايا في الصوره دول اغلى ناس عليا اللي معايا في الصوره دول اغلى ناس علیا
0411,Amir Eid,لو كان (Law Kan),Egyptian,لو كان في الإمكان أفضل معاكم يوم كمان هغني غنوة بدون كلام وأنتوا تكتبوا عننا وعن الأيام الجاية لو كان في الإمكان أعود بالزمان لو كان في الإمكان أعود بالزمان عشت بذمة ومش ندمان لما حبيت اتحبيت كنت عاشق ولهان بدل الواحد كنا خمسة والحبيبة اللي بيا حاسة وناس عزيزة في القلب عاشوا، عيشوا بقلب، اوعوا تخافوا لو كان في الإمكان أعود بالزمان لو كان في الإمكان أعود بالزمان علي كل حال أنا عشت فارد صدري وبسرعة كنت بجري عارف إني ماشي بدري وهعيش بعد موتي هيفضل مكمل صوتي سعيدة النهاية مش عايز أغير فيها دايمًا كنتوا معايا وإيديا كانت في إيديها في الآخر اتحبيت في الدنيا سيبت شيء لو كان لو كان في الإمكان أعود بالزمان
0412,Ali El Haggar,بخاف من عيد ميلادي (Bakhaf Men Eid Milady),Egyptian,من يوم ما بقيت جنين و لحد أربع سنين كان قلبي له عينين بتشوف الطيبين بتشوف الطيبين بتشوف الطيبين عيل في التختة قاعد بأتعلم أبجدية في عينيا الدنيا لسه وردية و مية مية في العيد بأخد عيدية من إيد ماسكة ف إيديا و دموعي اللي في عينيا لِساهم محبوسين و سنين بتجيب سنين و أنين بيجيب أنين و يموت فيا الحنين و أنسى أنا كنت مين بأنسى أنا كنت مين يا سنين في الجامعة طايشة يا رَفاقة في المسيرة و يا بنت في قلبي عايشة معلش الإيد قصيرة معلش الإيد قصيرة (معلش، معلش) معلش الإيد قصيرة و يا ليل مرسوم في قورتي م النومة ع الحصيرة و يا دفعة إديته صورتي و حكالي حاجات كتيرة يمكن مانكونش عيشنا لكن سيبنا لنا سيرة يحكيها اللي واحشنا في حكاوي السهرانين و سنين بتجيب سنين و أنين بيجيب أنين و يموت فيا الحنين و أنسى أنا كنت مين بأنسى أنا كنت مين تلاتيني رزين وهادي و الدنيا في عيني عادي و بخاف من عيد ميلادي ليكون الأربعين و الشعرة البيضا بانت و بقيت خزان طيابة و الحتة القاسية لانت أول ما إتقال لي بابا ف ماقولشِ الناس ديابة ولا أقول الدنيا غابة و بشوف الناس غلابة و في ساقية مربوطين و سنين (و سنين) ستين م العمر عدوا و الجاي مابقاش بعيد و بقيت دلوقتي جدو و حفيد بيجيب حفيد ولا فيه في العيد عيدية ولا فيه إيد ماسكة فيا وإن جيت جَسيت إيديا تلاقيهم بردانين و سنين بتجيب سنين و أنين بيجيب أنين و يموت فيا الحنين و أنسى أنا كنت مين
0413,Ahmed Amin,أنا وابني (Ana w Ibni),Egyptian,لاي لاي لاي لاي لاي لالا لاي لاي لاي لاي لاي لالا لاي لاي لاي لاي لاي لالا لاي لاي لاي لاي لاي لالا قضيت اليوم أنا وابني نلعب ونهد ونبني غلبته وغلبني ورجعنا بالساعات لاي لاي لاي لاي لاي لالا لاي لاي لاي لاي لاي لالا لاي لاي لاي لاي لاي لالا لاي لاي لاي لاي لاي لالا والله كان وقت لطيف طلع ابني شخص ظريف عارفه بس على خفيف ولقيت عنده مفاجات لاي لاي لاي لاي لاي لالا لاي لاي لاي لاي لاي لالا لاي لاي لاي لاي لاي لالا لاي لاي لاي لاي لاي لالا هو الواد له كام بابا ده سؤال ولازمله اجابة ما بلاش ننسى ونتلخبط وتضيع احلى الاوقات لاي لاي لاي لاي لاي لالا لاي لاي لاي لاي لاي لالا لاي لاي لاي لاي لاي لالا لاي لاي لاي لاي لاي لالا قضيت اليوم أنا وابني نلعب ونهد ونبني … ورجعنا بالساعات لاي لاي لاي لاي لاي لالا لاي لاي لاي لاي لاي لالا لاي لاي لاي لاي لاي لالا لاي لاي لاي لاي لاي لالا لاي لاي لاي لاي لاي لالا لاي لاي لاي لاي لاي لالا لاي لاي لاي لاي لاي لالا لاي لاي لاي لاي لاي لالا
0414,Hassan El Kholaey,مجننانى (Meganenany),Egyptian,[موال] (عين يا ليل يا ليل يا ليل) (سيدي يا ليل يا ليل يا ليل) يا دنيا مالِك كدة سايقة العَوَج كدة ليه الطهر فيكي إتظلم و دايماً بتِقسي عليه [مقطع أولاني] مجناني ناني ناني مبهدلاني لاني لاني معذباني باني باني في دنيا ليها مية شكل و لون تعبت ياني ياني حرام عليك يا زماني معاها أقول إيه تاني دي حالتي تصعب ع المجنون دي دنيا صعبة يا جدع كله فيها إتلدع مش حاسّة باللي إتوجع ولا حاسّة بالمطحون كتير أوي مِنحَسّة مش شاطرة غير في الأذي الحلو فيها إتنسي ع الرف بقي مركون دنيا صعبة يا جدع كله فيها إتلدع مش حاسّة باللي إتوجع ولا حاسّة بالمطحون دنيا صعبة يا جدع كله فيها إتلدع مش حاسّة باللي إتوجع مش حاسّة إيه مجناني ناني ناني مبهدلاني لاني لاني معذباني باني باني تعبت ياني ياني [مقطع تاني] بالأمانة مانة مانة مزهقانا قانا قانا و مِوَرِيانا يانا يانا هو إنتي بقي حنية مفيش ما ترحمينا مينا مينا و حِسّي بينا بينا بينا ليه قالبة ليه علينا ليه كل ما أنده ما ترديش دي دنيا صعبة يا جدع كله فيها إتلدع مش حاسّة باللي إتوجع ولا حاسّة بالمطحون كتير أوي مِنحَسّة مش شاطرة غير في الأذي الحلو فيها إتنسي ع الرف بقي مركون دنيا صعبة يا جدع كله فيها إتلدع مش حاسّة باللي إتوجع ولا حاسّة بالمطحون دنيا صعبة يا جدع كله فيها إتلدع مش حاسّة باللي إتوجع مش حاسّة إيه مجناني ناني ناني مبهدلاني لاني لاني معذباني باني باني تعبت ياني ياني
0415,Ali El Haggar,غوايش,Egyptian,في هويد الليل ولاقيتك ما أعرف جيتني ولا جيتك في هويد الليل ولاقيتك ما أعرف جيتني ولا جيتك ما أعرف غير إني لقيت روحي ونجيت من همي ونجّيتك ما أعرف غير إني لقيت روحي ونجيت من همي ونجّيتك وأداري ولا ما أداري ده هواها داري ومداري وهواها زهزه خضاري زرع البداري غوايش وأداري ولا ما أداري ده هواها داري ومداري وهواها زهزه خضاري زرع البداري غوايش الحب مش سهم طايش الحب زاد العايش الحب مش سهم طايش الحب زاد العايش أنا كنت مت وحيتني ست الصبايا غوايش ست الصبايا غوايش
0416,Ahmed Adaweya,سلامتها أم حسن (Salametha Ommo Hassan),Egyptian,سلامتها أم حسن من العين و من الحسد سلامتها أم حسن من العين و من الحسد و سلامتك يا حسن من الرمش اللى حسد سلامتها ... سلامتها سلامتها ... سلامتها أم حسن جالها الدور اللي ماشى و الدور ما نَيِّمهاشي جالها الدور اللي ماشى و الدور ما نَيِّمهاشي و العين ما سايباهاشي محسودة أم حسن سلامتها أم حسن من العين و من الحسد سلامتها أم حسن من العين و من الحسد و سلامتك يا حسن من الرمش اللى حسد سلامتها ... سلامتها سلامتها ... سلامتها أم حسن ملبوخة ليه ملبوخة من الفكر جالها دوخة ملبوخة ليه ملبوخة من الفكر جالها دوخة حرقت شابة و فاسوخة ما رَقِّتْش أم حسن سلامتها أم حسن من العين و من الحسد سلامتها أم حسن من العين و من الحسد و سلامتك يا حسن من الرمش اللى حسد سلامتها ... سلامتها سلامتها ... سلامتها أم حسن عملولها الزار لطشها و كأنه عِيّار دَوَشها عملولها الزار لطشها و كأنه عِيّار دَوَشها عملولها الزار لطشها و كأنه عِيّار دَوَشها ياريت كان حد حاشها معذورة أم حسن سلامتها أم حسن من العين و من الحسد سلامتها أم حسن من العين و من الحسد و سلامتك يا حسن من الرمش اللى حسد سلامتها ... سلامتها سلامتها ... سلامتها أم حسن جرا إيه يا أم حسن؟ لايميها و إخجلي جرا إيه يا أم حسن؟ لايميها و إخجلي لا بخور ولا زار بينفع ما تفوقي و تعقلي سلامتها أم حسن من العين و من الحسد سلامتها أم حسن من العين و من الحسد (سلامتها أم حسن) و سلامتك يا حسن من الرمش اللى حسد سلامتها ... سلامتها سلامتها ... سلامتها أم حسن (سلامتها أم حسن ألف سلامة يا أم حسن سلامتها ... أم حسن ... سلامتها ألف سلامة يا أم حسن)
0417,Abdel Halim Hafez,موال النهار (Mwall el Nahar),Egyptian,عدّى النهار و المغربية جايّة تتخفّى ورا ضهر الشجر و عشان نتوه فى السكة شالِت من ليالينا القمر و بلدنا ع الترعة بتغسل شعرها جانا نهار مقدرش يدفع مهرها يا هل ترى الليل الحزين ابو النجوم الدبلانين ابو الغناوي المجروحين يقدر ينسّيها الصباح ابو شمس بترش الحنين أبداً بلدنا ليل نهار بتحب موّال النهار لما يعدّي فى الدروب و يغنّي قدّام كل دار و الليل يلف ورا السواقي زي ما يلف الزمان و على النغم تحلم بلدنا بالسنابل و الكيزان تحلم ببكرة و اللى حيجيبه معاه تنده عليه فى الضلمة و بتسمع نداه تصحى له من قبل الأدان تروح تقابله فى الغيطان فى المصانع و المعامل و المدارس و الساحات طالعة له صحبة جنود طالعة له رجال اطفال بنات كل الدروب واخدة بلدنا للنهار و احنا بلدنا ليل نهار بتحب موال النهار لما يعدي فى الدروب و يغني قدّام كل دار
0418,Maya Diab,ربع ساعة (Rob3i Sa3a),Egyptian,لما قالوا في ربع ساعة رمشك دوب الوف يا ولا قلت لا دي اكيد اشاعة وجيت بنفسي علشان اشوف الله لما قالوا في ربع ساعة رمشك دوب الوف يا ولا قلت لا دي اكيد اشاعة وجيت بنفسي علشان اشوف الله من ساعتها ومش لاقيني قلبي متقطع يا عيني من ساعتها ومش لاقيني قلبي متقطع يا عيني قلت اقولك يمكن تحن وترضي اكمل نص ديني لما قالوا في ربع ساعة رمشك دوب الوف يا ولا قلت لا دي اكيد اشاعة وجيت بنفسي علشان اشوف الله دة إنت لو حد في جمالك كانوا سموا الكون بإسمه (يا ولا) حقك إعمل ما بدالك وأنا كل عمري معاك هقاسمه (الله) إنت لو حد في جمالك كانوا سموا الكون بإسمه (يا ولا) حقك إعمل ما بدالك وأنا كل عمري معاك هقاسمه حقك اعمل ما بدالك وانا كل عمري معاك هقاسمه الله انت لو حد في جمالك كانوا سموا الكون باسمه يا ولا حقك اعمل ما بدالك وانا كل عمري معاك هقاسمه لا وعندك غمازات لما شافها الكل مات لا وعندك غمازات لما شافها الكل مات لخبطت الايام في عينيا احنا السبت ولا التلات لما قالوا في ربع ساعة رمشك دوب الوف قلت لا دي اكيد اشاعة وجيت بنفسي علشان اشوف الله لما قالوا في ربع ساعة رمشك دوب الوف يا ولا قلت لاء دي اكيد اشاعة وجيت بنفسي علشان اشوف
0419,Ahmed Zaki,إن ماقدرتش تضحك (In Ma'dertesh Tedhak),Egyptian,إن ما قدرتش تضحك ما تدمعش ولا تبكيش و إن ما فضِّلش معاك غير قلبك إوعى تخاف مش هتموت ... هتعيش وان سألوك الناس عن ضي جوه عيونك مابيلمعشي ماتخبيش قوللهم العيب مش فيا ده العيب في الضي وان سألوك الناس عن ضي جوه عيونك مابيلمعشي ماتخبيش قوللهم العيب مش فيا ده العيب في الضي وأنا مش عاشق ضلمة ولا زعلت الضي أنا مش عاشق ضلمة ولا زعلت الضي مسير الضيّ لوحده هيلمع ومسير الضحك لوحده هيطلع ما بيجرحش و لا يأذيش إن ما قدرتش تضحك ما تدمعش ولا تبكيش و إن ما فضِّلش معاك غير قلبك إوعى تخاف مش هتموت ... هتعيش وان سألوك الناس عن ضي جوه عيونك مابيلمعشي ماتخبيش قوللهم العيب مش فيا ده العيب في الضي و أنا مش عاشق ضلمة ولا زعلت الضي أنا مش عاشق ضلمة ولا زعلت الضي مسير الضيّ لوحده هيلمع و مسير الضحك لوحده هيطلع ما بيجرحش و لا يأذيش إن ما قدرتش تضحك ما تدمعش ولا تبكيش و إن ما فضِّلش معاك غير قلبك إوعى تخاف مش هتموت ... هتعيش وان سألوك الناس عن ضي جوه عيونك مابيلمعشي ماتخبيش قوللهم العيب مش فيا ده العيب في الضي
0420,Tamer Hosny,حفلة تخرج من حياتي (Haflet Takhrog Men Hayty),Egyptian,احب اشكركوا عاللي قدمتوهولي في حياتي وان انتوا طلعتوا اعلى من كل توقعاتي احب اشكركوا عاللي قدمتوهولي في حياتي وان انتوا طلعتوا اعلى من كل توقعاتي وانا النهارده تقديراً لمجهوداتكوا هعملكم حفلة تخرج من حياتي ومع السلامه انشالله ما نشوف بعض تاني امشوا بكرامه ياهاتوا ناس تمسك لساني ومع السلامه انشالله مانشوف بعض تاني امشوا بكرامه ياهاتوا ناس تمسك لساني ومن النهارده هفكر في انبساطي واعملكم حفلة تخرج من حياتي ومع السلامه انشالله ما نشوف بعض تاني امشوا بكرامه ياهاتوا ناس تمسك لساني ومع السلامه انشالله مانشوف بعض تاني امشوا بكرامه ياهاتوا ناس تمسك لساني ومن النهارده هفكر في انبساطي واعملكم حفلة تخرج من حياتي روحوا ربنا يسامحكوا عالفتره اللي قضيناها حرقنا و يا ناس ماشوفناش ريحة الخير معاها روحوا ربنا يسامحكوا عالفتره اللي قضيناها حرقنا و يا ناس ماشوفناش ريحة الخير معاها بدعنا في الاهتمام هنبدع في التجاهل ده انا حتى مش هنزل اسمكوا في تتر النهايه ومع السلامه انشالله مانشوف بعض تاني امشوا بكرامه ياهاتوا ناس تمسك لساني ومع السلامه انشالله مانشوف بعض تاني امشوا بكرامه ياهاتوا ناس تمسك لساني ومن النهارده هفكر في انبساطي واعملكم حفلة تخرج من حياتي ومع السلامه انشالله ما نشوف بعض تاني امشوا بكرامه ياهاتوا ناس تمسك لساني ومع السلامه انشالله مانشوف بعض تاني امشوا بكرامه ياهاتوا ناس تمسك لساني ومن النهارده هفكر في انبساطي واعملكم حفلة تخرج من حياتي
0421,Nawal Al Zoghbi,كان ليك وحشة (Kan Leek Wahcha),Egyptian,ده الحب بتاع زمان ... ده الحضن وده الامان ده اللي محدش ياخد مكانه مهما العمر عدى ناس لما تروح بعيد ... شوقك ليهم يزيد تسهر في اللي عيونك وانت دموعك ع المخدة فيه ناس ما بتتنسيش ... فيه وجع ما بينحكيش وهتنسى امتى وتنسى مين دي حاجات مفيهاش معاندة كان لك وحشة ... كان لك وحشة ... كانت الدنيا في بعدك وحشة كانت ايام وبتنقضى لما غابت عينيك ... كنت بسأل عليك كان كل حاجة في كل حاجة ناقصة حبيبي حتة لا عيوني عرفوا نوم ولا شفت راحة يوم كان كل اللي بيشغل لي بالي هشوفك تاني امتى اليوم بيفوت سنين ... واحنا متفرقين ما هو محتاجة اقولك ان كل حياتي انت يا اللي قبلك مفيش ... ياللي بعدك مليش يا اللي عشان اعيش في الدنيا لازم تبقى جنبي لما بتغيب بغيب ... قلبي بعيش غريب يا اللي اول ما رجعت ليا تاني دق قلبي
0422,Hesham Noor,ناديني (Nadiny),Egyptian,ناديني.. ناديني.. ناديني ناديني نادي ده هواكي البادي لو تنسي عيوني هرجع وانادي عينيكي حكاية ومعاكي بداية لو كنتي معاية تحلى الدنيا دي وناديني نبدأ م الأول ولا مرة عنك هتحول في عيونك أحلامي تطول وف حبك بعشق بداياتي وناديني خبيني وضمي بملامحك في ملامحي واسمي يا اللي انتي في عروقي ودمي غنيت لك وهغني ليلاتي
0423,Mohamed Mounir,اللي يبيع بيت ابوه (Elly Yebea Bait Aboh),Egyptian,إللى يبيع بيت ابوه ممكن يبوع أخته ممكن يبيع أمه وفرحته وهمه ويبيع اصحابه إللى يبيع بيت ابوه ممكن يبوع أخته ممكن يبيع أمه وفرحته وهمه ويبيع اصحابه الحب مش لازمه الحب مش لازمه ممكن يبيع بلده ممكن يبيع ولده ممكن يبيع بلده ممكن يبيع ولده ما كل دول بيت ابوه بيت ابوه واللى يبيع... ممكن يبيع ممكن يبيع اللى يبيع... ممكن يبيع ممكن يبيع
0424,Marwan Moussa,بيني و بينك (Beeny we Beenek),Egyptian,"انتي قاعدة هنا ليه (اه) لسه قاعدة هنا ليه (اه) كل اللي كان بينا مات (اه) ليه مش طالعة من الدماغ (اااه) نازلة عندي زي المطر دماغك سم, إنتي خطر بينا الحالة مش بتنام جوة دماغي إنتي إدمان مش هينفع نبقى أصحاب مش هينفع نبقى جیران أنا حلمت بيكي, قبل ما نتقابل أنا حلمت بيكي, قبل ما نتقابل (يه, يه) بيني وبينك حالة ، مش بنساها بيني وبينك حاجز, أنا عارف (اه) إنتي في أوضة غامقة وأنا مش شايف (اه) لفيت حواليا, أنا واقف بيني وبينك حالة, مش بنساها بيني وبينك حاجز أنا عارف (اه) إنتي في أوضة غامقة, وأنا مش شايف (اه) لفت حواليا أنا حلمت بيكي, قبل ما نتقابل انا حلمت بيكي, قبل ما نتقابل (يه, يه)"
0425,Ruby (Egypt),ثانيتين (Thanyetain),Egyptian,جوه حته مش هقول فين .. دخل سحرنا و خطف العين طول بعرض جابني ارض .. جريت سألت الحلو منين قالي نرقص قولت طبعا .. قربت منه في ثانيتين قالي يا اسمر جسمي قشعر مابقتش اجمع كلمتين و رقصنا رقصه خلتني انسى عنواني ساكنه انا فين حبيت في لحظه و الناس ملاحظه والله خايفه من عين و رقصنا رقصه خلتني انسى عنواني ساكنه انا فين خليني طايره يا حبيبي طايره للصبح و مش ماشين بعدك انت هحب انا مين واحنا لبعض حبيبي لايقين قالي صح ودي عايزه شرح قولت اللي زيك كان فين قالي نرقص قولت طبعا .. قربت منه في ثانيتين قالي يا اسمر جسمي قشعر مابقتش اجمع كلمتين و رقصنا رقصه خلتني انسى عنواني ساكنه انا فين حبيت في لحظه و الناس ملاحظه والله خايفه من عين و رقصنا رقصه خلتني انسى عنواني ساكنه انا فين خليني طايره يا حبيبي طايره للصبح و مش ماشين
0426,Nehal Nabil,شاي زرده (SHAY ZARDA),Egyptian,حبيت يا ابويا العرباوي سوالي انا في جلبي بلاوي نا بحب لونه الجمحاوي هو الوحيد فجلبي غلاي لو يطلب ايه مني نديره فكلامي غيره مافيش سيره فالجلب حُبه وتجديره سكرت باب جلبي بهواي ما تقولوله ما تقولوله اني بحبه يانا ماتروحوله ماتروحوله وتخبروه بهوانا وايدينا والله نجيدوله بس يچي يوم لجانا ايش تسوي دنيا مافيها غلاك سواني بيه علي نار بارده سكر دايب ده فشاى زرده في جماله حلو ومين جده بتغر بيه علي كل الناس ده فجلبي وفعيني بشيله دي شهامته ولا الف جبيله واختارته من عيله اصيله ورفعت راسي فوج الف راس
0427,Wish (OST),أهلاً في روساس [Welcome to Rosas] (Ahalan fi rosas),Egyptian,‎هنوريك اللي عمرك ما شفته زمان ‎بلدي دي فيها أصالة وجمال ‎فيها تلقى الحقيقة مغزولة بخيال ‎وهترقص بجنان ‎شعرك يلمس كده الأرض في حنان ‎تطلع للسما ‎هنا فعلاً المكان الصح ‎عشان ‎في مدينتنا روساس ‎هاتقدر تحول طلباتك لأماني تحوشها ‎عشان ‎في مدينتنا روساس ‎مستحيل ما تبقاش في سعادة وانت شايف ده كله ‎دي ليا بيت ‎وليك ‎لكل الناس ‎في بلدنا ‎روساس ‎تمام! ‎ملكنا اسمه ماجنيفيكو، اللي بناها علشانكوا ‎في ايديه شرار وعينيه بيبرقوا ‎لا لا أنا بس بهزر ‎بقوته مشهور ويشبهنا ‎ده خطير ‎يستاهل مني كل التقدير ‎يا خبر! ‎بكلمة سر ‎تتحقق أمنياتك بالسحر ‎بقولك ‎في سن 18 عندنا احتفال ‎فيه بندي له الأماني اللي شاغله البال ‎وبيحمي الأماني من أي شرور ‎وكل شهر نشوف على مين الدور ‎هايجي الدور ‎عليك ‎أو على جدي يا ريت ‎نفسي قوي! ‎دي بتألم؟ ‎بتعيطك؟ ‎أوه ‎لا، ولا بتوحشك لما تسيبها هناك ‎سلام ‎عشان ‎في مدينتنا روساس ‎هاتقدر تحول طلباتك لأماني تحوشها ‎عشان ‎في مدينتنا روساس ‎مستحيل ما تبقاش في سعادة وانت شايف ده كله ‎دي ليا بيت ‎وليك ‎لكل الناس ‎في بلدنا ‎روساس ­­
0428,Tamer Ashour,حبك رزق (Hobak Rezq),Egyptian,إيديك دي و هي لامساني بأحس براحة فوق الوصف وجودك جنبي قواني و من غيرك بأحس بضَعف إيديك دي وهي لامساني بأحس براحة فوق الوصف وجودك جنبي قواني و من غيرك بأحس بضَعف ماليش في الدنيا دي غيرك جيت و خطفت قلبي أنا خطف و عمري في يوم ما أتوه عنك بشوفك حتى لو بين ألف حُبك رِزق جه ف وقته حلم بعيد و حققته طريق من يوم ما أنا بدأته و قلبي إرتاح حُبك فرحة جنونيّة دَفا وأمان وحِنيّة عَوض من ربنا ليّا عن اللي راح حُبك رِزق جه ف وقته حلم بعيد و حققته طريق من يوم ما أنا بدأته و قلبي إرتاح حُبك فرحة جنونيّة دَفا وأمان وحِنيّة عَوض من ربنا ليّا عن اللي راح عيونك نَوّروا حياتي بقالها حبيبي طعم و شَكل مفيش غيرك في حساباتي يا أجمل حد طَبع و شَكل عيونك نَوّروا حياتي بقالها حبيبي طعم و شَكل مفيش غيرك في حساباتي يا أجمل حد طَبع و شَكل بشاركك كل تفاصيلي و بيك إستكفى قلبي بجد مَلكت مشاعري و بقيت لي أغلى، أهم و أقرب حد حُبك رِزق جه ف وقته حلم بعيد و حققته طريق من يوم ما أنا بدأته و قلبي إرتاح حُبك فرحة جنونيّة دَفا وأمان وحِنيّة عَوض من ربنا ليّا عن اللي راح حُبك رِزق جه ف وقته حلم بعيد و حققته طريق من يوم ما أنا بدأته و قلبي إرتاح حُبك فرحة جنونيّة دَفا وأمان وحِنيّة عَوض من ربنا ليّا عن اللي راح
0429,Ramy Essam,في سكوتي موتي,Egyptian,ينكرني صوتي وينكسر فيا في سكوتي موتي والغُنَا غِيَّة وأنا أغني ليكي يا بلادي إزاي ؟ إذا شفت موتي لأجل اغنية ينكرني صوتي وينكسر فيا في سكوتي موتي والغُنَا غِيَّة وأنا أغني ليكي يا بلادي إزاي ؟ إذا شفت موتي لأجل اغنية بكتبلك من قلب زنزانتي العتيقة وضهري ساند ع الجدار بشبه لجدي ف سندته الأولى والسجن يشبه لمقاول الأنفار ف ورثت ذات السندة من سيدي وورثني برضه السجن من جِيْدي ياوارثني مين عن يوم قريب راح يورثك أو يوم بعيد وتروح لفين الشمس من فوق قفا الفلاح كرباج خديوي الأمس لا ارتاح ولا بنرتاح السُّخْره هي المحبس وتاريخنا مَلْوُه جراح حكم النفوس ع النفس حكم النفوس سفاح ينكرني صوتي وينكسر فيا في سكوتي موتي والغُنَا غِيَّة وأنا أغني ليكي يا بلادي إزاي إذا شفت موتي لأجل أغنية ولقينني بَنَّا في زمن الأهرام أُجَري و فَوَاعلي عِزْوتُه في الكتف أسطَي حِدِادة و بُوْهّيَجي ولَحَّام جندي ومحارب في زمان الزحف نحات بينفخ روح إيزيس في رُخَام عاشق بيوشم رسمها ع الكف فلاح بيرفع مَظْلَمَة لحُكَّام فلاح له هيبة زي هيبة ألف غلبان وشادد فوق حزامه حزام هَتِّيْف بيهتف للوطن في ميدان ولقيتني أخرس مَلْو جوفي كلام وقتيل بيحرس ثورته م الخطف والعشرة مني يابلادي بكام والجرح إحنا ولا إحنا النزف ولقيتني أخرس مَلْو جوفي كلام وقتيل بيحرس ثورته م الخطف والعشرة مني يابلادي بكام والجرح إحنا ولا إحنا النزف .... ينكرني صوتي وينكسر فيا في سكوتي موتي والغُنَا غِيَّة وأنا أغني ليكي يا بلادي إزاي إذا شفت موتي لأجل أغنية ينكرني صوتي وينكسر فيا في سكوتي موتي والغُنَا غِيَّة وأنا أغني ليكي يا بلادي إزاي إذا شفت موتي لأجل أغنية
0430,Amal Maher,ماهونتش عليا (Mahontesh Alaia),Egyptian,ماهونتش عليا أسيبك وأغيب زي انت يوم ماعملت فيا وصعبان عليا أشوفك حبيبي وترضي ليا بالأذية ماكنتش معايا ف أهم وقت إحتجت تبقي جنبي فيه وبتقول كفاية وترجعلي تاني كأن قلبي هواك ماليه بتعرفني ليه دانا نفسي أعرف انت عايز مني إية بحبك وخايفة تخلص مشاعري وييجي يوم وماكنش حسة مابقتش عارفة أفضل معاك عايشة الهموم ولا أمشي وأنسي
0431,Mohamed Mounir,قلبي ما يشبهنيش (Alby Mayeshbehnish),Egyptian,قلبي ما يشبهنيش فعلاً ما يشبهنيش أوقات بيعرفني ساعات ما يعرفنيش قلبي ما يشبهنيش فعلاً ما يشبهنيش واقولو ياقلبي... مالك؟ يقولي ما فيش قلبي ما يشبهنيش في الحب والإحساس وفي اختيار الناس بيمشي على كيفه على كيفه كتير وميقوليش أصدق كتير مني مني مني وأجرأ كتير مني مني مني وياما صدّقته ياما وياما كتير ما صدقنيش في الحب والإحساس وفي اختيار الناس بيمشي على كيفه على كيفه كتير وميقوليش أصدق كتير مني مني مني وأجرأ كتير مني مني مني وياما صدّقته ياما وياما كتير ما صدقنيش قلبي ما يشبهنيش فعلاً ما يشبهنيش أوقات بيعرفني ساعات ما يعرفنيش قلبي ما يشبهنيش في الحب والإحساس وفي اختيار الناس أصدق كتير مني مني مني وأجرأ كتير مني مني مني وياما صدقته ياما وياما كتير ماصدقنيش في الحب والإحساس وفي اختيار الناس بيمشي على كيفه على كيفه كتير وما يقوليش أصدق كتير مني مني مني وأجرأ كتير مني مني مني وياما صدقته ياما وياما كتير ما صدقنيش
0432,Ahmed Mekky,حلة محشي (Hallet Mahshy),Egyptian,"[مقدمة: حوار بين مكي و والدته] الأم: خد يا واد حلة المحشي دي و وصلها لخالتك مكي: لمين فيهم؟، ميّار الأم: خالتك ميرڤت يا واد مش ميّار مكي: ميرڤت، آه [المقطع الأول] نزلت الصبح أوصل حلة محشي لخالتي ورق عنب، فلفل رومي و كرنب و يوستَفَندي أول ما نزلت الشارع فُقت و فَوَّقت من الزحمة بين كل واحد فوق واحد واحد، يا رب الرحمة يا تري الزحمة دي ليه؟، فيه حد وزع لحمة بصيت في ساعتي لقيتها إتنين، يا منجي من الكوارث ساعة مِرواح موظفين و خروج كل المدارس زحمة و مفيش رحمة و كله ع الكلاكس دايس أصوات معجونة في بعض و أعلاها صفارة السايس (السايس: هات ورا يا كابتن) لازم ألاقي تخريمة، طريق قصير مختصر أصلي متعسف تعسيفة، نفسي أوصل و في لمح البصر أول طريق الطالبية و حلمي للمنيل أصل قبل ما المحشي يبوظ في الحلة و يومي كله يروح هَدَر قطع حبل أفكاري توك توك عَرَّض تعريضة خطر جيت أركب فيه، قاللي إستني ده أنا جاي أتغدي أضرب حجر قلبي مفكر، ده أنا عندي أموت أحسن من إني أفضل منتظر وصلني و كُل ربع الحلة، وريتهاله قام منبهر ركبني و ضرب الربع و خد أجرة و طرشي فلفل جزر طول الطريق ياكل غرزة في صباع محشي في غرزة إتكسر يجري في مراية عربية و يشتم بدال ما يعتذر (مكي: يا نهار إسود، مرقة المحشي في حِجري نزلني يا أسطي سواق التوك توك: يا برنس ماكنتش بجري، الله مكي: بيتك لبيت برودك) [كورس 1] حلة محشي حلة حلة محشي لخالتي خالتك إيه، ميرڤت مش ميّار [جسر: سواق التوك توك] مش عاجبك إنزل إركب تاكس طالما برنس أوي في نفسك زباين أخر زمن [المقطع الثاني] و نزلت ع الناصية نطيت في ميكروباص للجيزة مكتوب عليه برنس الليالي و مزيكته لذيذة سواقه سيس و حاطط في خرم ودنه بريزة و مِطَّوِل ضافره الآخراني، قذارة بالغريزة ركبت جنبه قاللي ""إيه اللي في حجرك ده يا كابتن"" قلتله ""محشي"" قاللي ""تجيب صوبع ولّا حتمدن"" رفع نضارة الشمس، عينه حمرا و شكله مبرشم دب إيديه في الحلة و هو بيغني و بيدندن بيقلب في المحشي بإيديه و يفعص فيه و يشمشم قاللي ""مش واكل، ده مِجَّلد ساقع لازم يتسخن"" هات يابن والدي يوستَفَندي إديته قام متفنن يأكل و يطرطش غرقني بقيت قاعد متعكنن مهما يتِف البذر بعيد يخبط فيّا كأنه مِنَّشِن و وصلنا الموقف، جيت أنزل قاللي ""خد خد هتصَهيِّن"" (سواق الميكروباص: هات الأجرة يا إما هأفتح مطوة عليك و أتجنن مكي: إنت قد الكلام ده يا أسطي سواق الميكروباص: آه، قده قده آ قده ولا تعرف تعمل معايا حاجة) [المقطع الثالث] شفايفي إتشققت م الوقفة في الشمس بأستني أوتوبيس المنيل هو حلمي و طموحي و ما أتمني أول ما شفته فرحت فرحة واحد داخل جنة قَرّب شوية، إكتشفت إنه إستحالة أتهَّني من الزحمة الناس باظّة من الباب بظّة علبة سردين إرحمنا برحمتك يا مثبت العقل و الدين نطيت جواه من كتر الزّق لَزَقت في ضهر وِليّة ضخمة و تخينة ولفت بصت بصة مفترية و بعِلو صوتها (الست التخينة: إلحقوني شاب إتحرش بيّا) Oh, Oh my god كل الناس مسكت في خناقي تقولش وقعت في أعدائي لو كنت في قسم كانوا إدوني فرصة أُدلي بأقوالي و في وسط الزيطة بأبص لقيت الكمسري قام ضرب الباقي هربان بباقي ميّة جنيه إديتهاله و إتشلت أعضائي إتحول شاب، إتشقلب نط من باب الأوتوبيس بالباقي فجأة ملقيتش الحلة، صرخت و قُلت ""أين أشيائي"" فلمحت واحد نازل فيها حَش و يعزم عالباقي كرهت من قلبي البشر، ده فعلاً كائن غوغائي ياريتني كنت أي كائن تاني بري أو مائي فجأة إتشنجت و هنجت تهنيجة بر كيميائي بر كيميائي [كورس 2] نازل أوصل حلة محشي لخالتي خالتك إيه، ميرڤت مش ميّار (راجل كبير في الشارع: حد يابني ينزل ساعة الضهرية) يا ريتني موصل جمبري، إستاكوزا أو كافيار [خاتمة] قلعت ملط، واقف بلبوص جنب الرصيف بأنظم المرور تحت أشعة شمس الصيف بأعوي و أكاكي، ساعات بأجري و أنونو و أنقر الناس في الشارع زي طير السنونو زي السنونو زي السنونو آه يا سنونو"
0433,Hamada Helal,صعدنا كاس العالم (Sa'adna Kaas El 'Alam),Egyptian,صعدنا كاس العالم صعدنا كاس العالم صعدنا كاس العالم صعدنا كاس العالم صعدنا صعدنا صعدنا و ربنا فَرَّحنا و عَوَّضنا ياما دَعينا و ياما سجدنا علشان نوصل كاس العالم صعدنا كاس العالم صعدنا خلاص و وصلنا بعد ما كان النحس شاللنا و كان الكابتن مجدي ذاللنا بالجون اللي في كاس العالم صعدنا كاس العالم صعدنا كاس العالم صعدنا كاس العالم ومع إننا أبطال قارتنا كان كاس العالم عقدتنا بس خلاص فُرِّجَت هنشوف لعيبتنا في كاس العالم صعدنا كاس العالم صعدنا كاس العالم و هيلا هيلا و يلا و هيلا هيلا هنروح بقى ناكلك يا نجيلة ده إحنا بقالنا فترة طويلة بعيد عن كاس العالم صعدنا كاس العالم و صعدنا كاس العالم صعدنا كاس العالم صعدنا كاس العالم رجالتنا يا رجالتنا روحوا وَروهُم فرقتنا يلا بقى خلوا فانلِتنا تِنَور كاس العالم رجالتنا يا رجالتنا والله و أهي مشيت قِرفِتنا ده إحنا في الفرحة يا حلاوتنا نفرح كل العالم صعدنا كاس العالم و صعدنا كاس العالم صعدنا كاس العالم صعدنا صعدنا صعدنا و ربنا فرحنا و عَوَّضنا ياما دعينا و ياما سجدنا علشان نوصل كاس العالم صعدنا كاس العالم صعدنا خلاص و وصلنا بعد ما كان النحس شاللنا و كان الكابتن مجدي ذاللنا بالجون اللي في كاس العالم صعدنا كاس العالم و صعدنا كاس العالم صعدنا كاس العالم و صعدنا صعدنا صعدنا صعدنا صعدنا كاس العالم صعدنا كاس العالم
0434,Abdul Rahman al-Abnoudi,يامنة (Yamina),Egyptian,ولله و شبت يا عبد الرحمن عجزت يا واد ؟ مسرع ؟ ميتا و كيف؟ عاد اللى يعجز فى بلاده غير اللى يعجز ضيف هلكوك النسوان؟ شفتك مره فى التليڤزيون و مره ورونى صورتك فى الجورنان قلت: كبر عبد الرحمن اومال انا علا كده مت بقالي ميت حول ولله خايفه يا وليدى القعده لتطول مات الشيخ محمود و ماتت فاطنه ابو قنديل و اتباع كرم ابو غبان و انا لسه حيه و باين هاحيا كمان و كمان عشت كتير عشت لحد ماشفتك عجزت يا عبد الرحمن وقالو لى قال خلفت و انتا عجوز خلفت يا اخوى ؟! و بنات ؟! أومال كنت بتعمل إيه طيلة العمر اللى فات ؟! دلوقت ما فقت ؟ و جايبهم دلوك تعمل بيهم إيه ؟ على كلٍ أهى ريحه من ريحتك ع الأرض يونسو بعض ماشى يا عبد الرحمان اهو عشنا و طلنا منك بصه و شمه دلوك بس ما فكرت ف يامنه وقلت: يا عمه؟ حبيبى انت يا عبد الرحمن ولله حبيبى .. و تتحب علا قد ما سارقاك الغربه لكن ليك قلب مش زى ولاد الكلب اللي نسيونا زمان حلوه مرتك و عويلاتك وللا شبهنا ؟ سميتهم إيه ؟ قالو لى : آيه و نور ما عارفشى تجيب لك حتة واد ؟ وللا أقول لك : يعنى اللى جبناهم نفعونا فى الدنيا بإيه؟ غيرشى الانسان مغرور و لسه يامنه هتعيش و هتلبس لمّا جايب لى قطيفه و كستور ؟ كنت اديتهم لى فلوس اشترى للركبه دهان آباى ما مجلّع قوى يا عبد الرحمان طب ده انا ليّا ست سنين مزروعه فى ضهر الباب لم طلو علينا أحبه ولا اغراب خليهم ينفعو اعملهم اكفان كرمش وشى فاكر يامنه و فاكر الوش؟ إوعا تصدقها الدنيا غش ف غش إذا جاك الموت يا وليدى موت علطول اللى اتخطفو فضلو احباب صاحيين فى القلب كإن ماحدش غاب و اللى ماتو حته حته و نشفو و هم لسه حيين حتى سلامو عليكم مش بتعدى من برا الأعتاب أول ما يجيك الموت افتح أو ما ينادى عليك إجلح انتا الكسبان إوعى تحسبها حساب بلا واد بلا بت دا زمن يوم ما يصدق كداب سيبها لهم بالحال و المال و انفد إوعا تبص وراك الورث تراب و حيطان الأيام طين و عيالك بيك مش بيك عايشين يوووه يا عبدالرحمن مشوار طولان و اللى يطوله يوم عن يومه يا حبيبى حمار الدوا عاوزاه لوجيعة الركبه مش لطوالة العمر إوعا تصدق الوانها صفر و حمر مش كنت جميله يا واد ؟ مش كنت و كنت و جدعه تخاف منى الرجال ؟ لكن فين شفتونى ؟ كنتو عيال بناتى راضيه و نجيه ماتو و راحو وأنا اللى قعدت طيب يا زمان إوعا تعيش يوم واحد بعد عيالك إوعا يا عبد الرحمن في الدنيا أوجاع و هموم أشكال و الوان الناس مابتعرفهاش اوعرهم لو هتعيش بعد عيالك ما تموت ساعتها بس هاتعرف إيه هوه الموت أول مايجى لك نط لسه بتحكى لهم بحرى حكايه فاطنه و حراجى القط؟ آباى ماكنت شقى و عفريت من دون كل الولدات كنت مخالف براوى وكنت مخبى فى عينيك السحراوى تمللى حاجات زى الحدايه تخوى ع الحاجه و تطير من صغرك بضوافر واعره و مناقير بس ماكنتش كداب و ادينى استنيت فى الدنيا لما شعرك شاب قدم البيت اتهدت قبله بيوت و بيوت و أصيل هوه مستنينى لما اموت هتيجى العيد الجاى ؟ و اذا جيت هتشرب مع يامنه الشاى ؟ هاجى يا عمه و جيت لا لقيت يامنه ولا البيت
0435,Wish (OST),‏مهما كان  [At All Costs](Egyptian Arabic)  (Mahma kan),Egyptian,‎لو السعادة دي شيء ملموس ‎انتي اللي تكون ‎لو عارفه معاكي بحس أنا بإيه ‎إحساسي مجهول ‎الناس حواليكي بتلف وتدور طول الحياة ‎وأنا طول عمري بحبك مذهول ‎ليه؟ ‎بتشدي روحي بمليون ايد ‎إزاي أهرب وأروح لبعيد ‎ازاي اسيبك هنا ‎محتاجك ‎بحبك بجنون ‎وهاحميكي دايماً ‎مهما كان ‎في حضني عيشي بأمان ‎وهاحميكي دايماً ‎مهما كان ‎مهما كان ‎ قلبي ‎بيكي مشغول ‎مستحيل ‎وصفي يكون معقول ‎مهما أحاول وأقول ‎ولو شبيت في الحلم مش هاطول ‎لو حد حاول يوم يأذيكي ‎حافديكي بحياتي ‎حاحارب اللي يأذيكي يوماتي ‎وأحميكي من كل الشرور ‎عاوزه أفضل معاكي ‎ويا بعض هانكون ‎وهاحبك بجنون ‎ودايماً هاحميكي ‎ مهما كان ‎في حضني عيشي بأمان ‎ودايماً هاحميكي ‎مهما كان ‎مهما كان ‎لو في يوم حسيتي بالضياع ‎جنبك هاكون ‎على طول ‎وعشانك أعدي أنا البحور ‎وأفضل وياكي ‎أراعيكي ‎ وده وعد مني مش كلام ‎وعد ومكتوب ‎وهاحبك بجنون ‎ودايماً هاحميكي ‎مهما كان ‎في حضني عيشي بأمان ‎ودايماً هاحميكي ‎مهما كان ‎مهما كان
0436,Wish (OST),أنا بتمنى (إعادة) [This Wish (Reprise)],Egyptian,آشا: ببص و أشوف نجوم تشبهني بتراجكم لو تعتبروا دا دليل ماجنيفكو: اتعلمي بقي الاستسلام آشا: و اكيد لو اختارتو تبقولو جنبي داليا: نهزم كل اسحار الملك سوا انا بتمنى ماجنيفكو: اخرسي داليا و آمايا: انا بتمنى الكل: و انا بتمنى انا بتمنى لو حالنا احسن من دا بكتير صابينو و سيكنية: كنا بنحلم و نستنى بكرا مش عرفين نبدتي منين الكل: فالميه احنا برجلينا يا نغرق او نعوم حياة او موت كنت بتلعب بينا و انت بتوعد بحمايتنا دلوقتي عرفنا نعمل ايه احنا مش هنسيبلك امنياتنا زي ما علمتنا ماجنيفكو: لا لا كفيا الكل: ببص و أشوف نجوم تشبهني توريني إشارات التحذير دلوقتي قدامنا عدو واحد آشا والكل: و طول ما اليد في اليد هو اللي خسران آشا: و انا بتمنى الكل: لو حالنا احسن من دا بكتير ماجنيفكو: بطلوا الاماني دي بتاعتي الكل: و انا بتمنى لو احوالنا تكون احسن بكتير
0437,Unknown Artist (Arabic),بالدم (Be el-Dam),Egyptian,بالدم، بالدم، الدم، الدم، الدم بالدم حناخذ تارنا بالدم نعود لديارنا بالدم حناخذ تارنا بالدم نعود لديارنا بالدم، الدم، الدم، الدم من دم الإسرائيلي من دم الأمريكاني من دم الإنجليزي اللي بيسرق مكاني من دم الإسرائيلي من دم الأمريكاني من دم الإنجليزي اللي بيسرق مكاني يا مدفع المدوي دوي للأرض وضوي يا مدفع المدوي دوي للأرض وضوي بالدم، بالدم، الدم، الدم، الدم بالدم حناخذ تارنا بالدم نعود لديارنا بالدم حناخذ تارنا بالدم نعود لديارنا بالدم، الدم، الدم، الدم من دم الإسرائيلي من دم الأمريكاني من دم الإنجليزي اللي بيسرق مكاني من دم الإسرائيلي من دم الأمريكاني من دم الإنجليزي اللي بيسرق مكاني يا مدفع المدوي دوي للأرض وضوي يا مدفع المدوي دوي للأرض وضوي بالدم، بالدم، الدم، الدم
0438,Uzu,Nikes (Nikes),Egyptian,"‏Checklist, Nikes بخطف انظارها باستايلي مسدات كتير على موبايلي ستار زي حماقي، هتمايني باصص من فوق، زحمة بتسأل ""دة بجد ولا بحلم؟"" على نوتس أيفوني في سحلة فا لو مبتحرقش، كلّم أحمد طلع من الخزنة، جيب دستة شيك بس داخل ارازيك، جاي اكسب بتدور عالاصول و المبدأ عشان كدة زميلي كدة كدة بسلك كدة كدة تستاهل مفيش حاجة بتيجي كدة بالساهل بنيجي سكة هنا مش بنجامل مش شايف حد، هنا مش بنتابع واخد بالي بسأل ع الساعة في الحفلة تراكي مكهرب السماعة سيلفي، تاني يوم نلقى اشاعة منحلش فالمكان مش هيساع، واو ‏Checklist، نايكيز بخطف انظارها باستايلي مسدات كتير على موبايلي ستار زي حماقي، هتمايني في كتير في DM الإنستا وسط ملعب و أوزو إنيستا وسط ملعب، عديت و شمّستك ستايلست، في الحيطة لبستك ڤيرسي بيستف راكات ستوديو بيسف تراكات خطة الشوط دة attack مزود الدوز، في إنتاج واقف عالقمة بالتاج الخزنة بتـstack في الاصفار عالعداد في ارقام جوا الهيد أخصام تحت الرجل أخصام طالع واكل منشار نازل من غير إنذار ضهر يسد، أشرار أنا مفرتك دفاتر عالبنك و عالهيد مصفي حسابتي و للغير مش بمّد نحمده، احنا بطولنا في اللقطة و بنسد إحتراماً لحضورنا، انت تركن و تشد أنا بكسب الـbet، أخطف منك البت قولتلها في السكة، رنتلي كانسلت مشكلتي كبرتك بس انت بكسلت مشكلتك حذرتك بس أنا اللي كسبت أنا اللي كسبت أنا ضارب في العالي مش هتشوفني أنا ضارب العالي مش هتلحقني أنا سابق الصوت طاير لفوق (فوق فوق فوق) زميلي أنا فوق ‏Checklist، نايكيز بخطف انظارها باستايلي مسدات كتير على موبايلي ستار زي حماقي، هتمايني في كتير في DM الإنستا وسط ملعب و أوزو إنيستا شمّستك اصحى"
0439,May Farouk,سلم علي (Sallam 'Allay),Egyptian,انا وانته والليل صحاب يابو القليب خالى شباب ودهرك سخالك زى مسخالى تحن أغنى ورنلك بخلخالى وداك وريداك وربك اكرمك واداك وادى يدى اطلبها من عمى ومن خالى سلم عليا لما قابلنى وسلم عليا سلم عليا لما قابلنى وسلم عليا شاغلى بالى وقابلنى قام قلبه مال سلم عليا لما قابلنى وسلم عليا ياللى غرامك خبلنى وطول غيابك دبلنى جيتك يا خِلى تقبلنى واقبل هوايا سلم عليا لما قابلنى وسلم عليا وحق من أجر هواسنا عشقك يا بلدينا هواسنا وسواس وسرسب فى حواسنا حين شفته جاى سلم عليا لما قابلنى وسلم عليا
0440,Bambi (OST),مهما العمر يطول (عربية مصرية) [(Looking For Romance (I Bring You A Song] (Mahma El Omr Yetool),Egyptian,مهما العمر يطول هأفضل بيكي مشغول من غير حتى ما أقول روحي بحبك هَيّمانة مهما العمر يطول هأفضل مشغولة بيك لما تشوفني بعينيك تضحكلك الدنيا قلبي ده نور ينَّوَر لك طريق الربيع شافك مرة في يوم كان بديع يِتفَكَّر حبكوا قلبي ده النور مهما تحتاج لحبه الكريم إنسى همومك في حضنه النديم إملا الدنيا حدوتة من عالم مسحور مهما العمر يطول هأفضل بيكي مشغول و إنتي كان من الضلمة في القلب نور و قمر ليالي نوره خُضنا بنسير مش عايزة تاني أحلامي، كفاية معايا النور مهما العمر يطول هأفضل بيكي مشغول مشغول
0441,Tangled: The Series (OST),شعري طاير في الريح (إعادة) [Wind in my Hair (Reprise)] (Sha'ari ttayer fe el-reeyh),Egyptian,نرجع لحياتنا في سعادتنا الأبدية مزنوقة فيها تاني و هبص بعيد هنا عايشين مع أحباب غاليين بيحاوطوني بالحب ولغيري دا كتير أوي أوي دا أكيد أنا شعري مرفرف في الريح و في قلبي حريق وفي حاجة بتبتدي ورايا سر أعرفه ومغامرات كتير نسيم ريحته فوح أنا همشي وراه معرفش لفين وهسمع المديح وشعري هيطير
0442,Abou El Leef,بركات جالك (النسخة الثانية من بركوتة) (Barakat Galak (Barakotta Version 2)),Egyptian,(تعليق محمود بكر: بركااااااااااات) خد بالك، بركات جالك خد بالك، بركات جالك (يلا بينا) خد بالك، بركات رِجِع بركات جالك، كله إنتباه ده جنابه، بيشتغل تاني صحابه جُم ضيوف معاه بركوتة، دماغ و جدد في الفكرة الضيف وصل، فُكوا الأوكرة و نجوم كبار أوي كانوا ذكرى هيظهروا ويّاه خد بالك، خد بالك
0443,Hussein Al Jasmi,في وقت قياسي (Fe Waqt Qeyasi),Egyptian,دي في وقت قياسي .. ملكت إحساسي ويا ناس حد يخليها تطلع من راسي فعلاً أسطورة وخطيرة خطورة خد بالك منها يا قلبي دي الغلطة بفورة شنه ورنه جمال م الجنة .. بتزغلل عيوني حب بحبه وسنة بسنة .. هتجنن جنوني أجري عليها انا ولا استنى .. قولوا وفهموني شغلت تفكيري وحسب تقديري إني اتحملت جمالها .. دنا كتر خيري خطفتني عنيها .. مش عارف أجاريها وأنا كنت يا قلبي فاكرها .. وأتاريها أتاريها
0444,Saif Nabeel,اه من الشوق (Ah Men El Shoq),Egyptian,اه من الشوق وانتا قدام عيوني اه م الشوق دي عيونك سهروني راح النوم ومغَمضتش عيني وانا وياك بسرح وبتوه ليالي قلبي معاك وانتا اللي شاغلت بالي دانا عشقان حن عليا وراضيني خليك هنا خليك وف حضنك داويني دانا كنت مستنيك وهشيلك في عيني خليك هنا خليك وف حضنك داويني دانا كنت مستنيك وهشيلك في عيني دانا جنبك بنسي روحي واطمن معاك اه م الشوق وانتا قدام عيوني اه م الشوق دي عيونك سهروني راح النوم ومغَمضتش عيني قمر الليل ميجيش حاجه ف جمالك قلبي خالص ساب الكل وندالك دانا محظوظ علشان شوفتك بعيني إنتا الناس وانتا العالم بحاله واإلحساس انتا اللي مافيش بداله احلي كالم يتقال بينك وبيني خليك هنا خليك ... وف حضنك داويني دانا كنت مستنيك ... وهشيلك ف عيني خليك هنا خليك ... وف حضنك داويني دانا كنت مستنيك .. وهشيلك ف عيني دانا جنبك بنسي روحي واطمن معاك واه م الشوق وانتا قدام عيوني اه م الشوق دي عيونك سهروني راح النوم ومغَمضتش عيني
0445,Ragheb Alama,سهران لمين (Sehran La Min),Egyptian,سهران لمين يا شَوق؟ للي فاتوني وحيد! وطلعوا فِيَها لفوق من غير لقى و مواعيد سهران لمين يا شوق؟ للي فاتوني وحيد! وطلعوا فِيَها لفوق من غير لقى و مواعيد سهران لمين يا شوق، سهران لمين؟ سهران لمين يا شوق، سهران لمين، لمين؟ سهران لمين يا شوق؟ للي فاتوني وحيد! وطلعوا فِيَها لفوق من غير لقى و مواعيد سهران لمين يا شوق، سهران لمين؟ سهران لمين يا شوق، سهران لمين، لمين؟ حبينا و جَرّحونا غابوا اهل الهوى واما نادينا سابونا نسهر ليهم سوى حبينا و جَرّحونا غابوا اهل الهوى واما نادينا سابونا نسهر ليهم سوى راحوا لناس تانين وسبونا سهرانين راحوا لناس تانين وسبونا سهرانين هم بيحبوا غيرنا واحنا حَنحب مين؟ هم بيحبوا غيرنا واحنا حَنحب مين؟ سهران لمين يا شوق؟ للي فاتوني وحيد! وطلعوا فِيَها لفوق من غير لقى و مواعيد سهران لمين يا شوق، سهران لمين؟ سهران لمين يا شوق، سهران لمين، لمين؟ ضيعنا سنين و ياما سمعنا من الناس مَلام محناش قد الملامه، هندور عالكلام؟ ضيعنا سنين و ياما سمعنا من الناس مَلام محناش قد الملامه، هندور عالكلام؟ عَدت بينا السنين واحنا متحيرين عَدت بينا السنين واحنا متحيرين سبنا أغلى الحبايب وعشقنا الغدارين! سبنا أغلى الحبايب وعشقنا الغدارين! سهران لمين يا شوق؟ للي فاتوني وحيد! وطلعوا فِيَها لفوق من غير لقى و مواعيد سهران لمين يا شوق؟ للي فاتوني وحيد! وطلعوا فِيَها لفوق من غير لقى و مواعيد سهران لمين يا شوق، سهران لمين؟ سهران لمين يا شوق، سهران لمين، لمين؟ سهران لمين، لمين؟
0446,Mashrou’ Leila,شم الياسمين (Shim el Yasmine),Levantine,شم اليسمينة و دوق الدبس بطحينة و تذكر تذكرني يا اخي أوعا تنساني يا حبيبي يا نصيبي كان بودي خليك بقربي عرفك عأهلي وتتوجلي قلبي اطبخ أكلتك أشطفلك بيتك دلع ولادك أعمل ست بيتك بس إنت ببيتك و أنا بشي بيت والله يا ريتك ما بعمرك فليت و شم اليسمينة و تذكر تنساني
0447,Mashrou’ Leila,فساتين (Fasateen),Levantine,بتتذكري لما قلتيلي انك راح تتزوجني بلا فلوس وبلا بيت بتتذكري كنتي تحبيني مع انني مش دخله دينك بتتزكري كيف كنا هيك بتتزكري لما امك شفتني نايم بتختك قالتلي انسى عنك و اتفقنا نضلنا هيك بلا أدوار و طنطنات بلا كرفات و صبحيات بلا ملايين بلا فساتين مسكتيلي ايدي و وعدتيني بشي ثورة كيف نسيتي كيف نسيتيني ومشطيلي شعري وبعتيني عالدوام كيف بتمشط مشطيني بتتذكري لما قلتيلي انك نوي تتركيني بلا فلوس و بلا بيت
0448,Fadel Chaker,صحاك الشوق (Sahak Isho2),Levantine,صحاك الشوق من نومك وبقلبي تعا كفي نومك لا يومي يخلص ولا يومك إلا بلقاك يا حبيبي تعا عيش الحب وأيامه ونِوَعي كل اللي ناموا دخيل الحب وكلامه ودخيلو قلبك يا حبيبي صحاك الشوق من نومك وبقلبي تعا كفي نومك لا يومي يخلص ولا يومك إلا بلقاك يا حبيبي تعا عيش الحب وأيامه ونِوَعي كل اللي ناموا دخيل الحب وكلامه ودخيلو قلبك يا حبيبي على شي سهرة فيها غَمرة شاهد علينا القمر وإنت حدي ما بقى بدي الوقت يعدي … يا قمر صحاك الشوق من نومك وبقلبي تعا كفي نومك لا يومي يخلص ولا يومك إلا بلقاك يا حبيبي تعا عيش الحب وأيامه ونِوَعي كل اللي ناموا دخيل الحب وكلامه ودخيلو قلبك يا حبيبي (روح دخيلو الشوق) الدنيا بنعيشا مَرّة نخليها حلوة … ليه مُرّة رَح ضلني حبك كل مرة مثل الأول يا حبيبي يارب يخلي ضحكاتو وما يشوف الهم بحياتو وتضلا الفرحة جواتو ترسم لياليك يا حبيبي على شي سهرة فيها غَمرة شاهد علينا القمر وإنت حدي ما بقى بدي الوقت يعدي … يا قمر صحاك الشوق من نومك وبقلبي تعا كفي نومك لا يومي يخلص ولا يومك إلا بلقاك تعا عيش الحب وأيامه ونِوَعي كل اللي ناموا دخيل الحب وكلامه ودخيلو قلبك يا حبيبي
0449,Zeyne,حرر عقلك/ أصلي أنا (Harrer A'alak / Asli Ana),Levantine,"حبيبي، قالولي إنهم كانوا ينقوا عليك ع قصة التوب اللي لابسه كان يقولولك إنه زمن التوب عدى ودخلنا عصر البدلات كانوا يحكولك إنه الناس رح تضحك علينا وبدنا تفوت معنا ع الحضارة ‫وردك عليهم ""قلتلهم لو بشيله بشيل جلدي"" حبيبي، بتذكر لما كنت تحكيلي عن أيام زمان وكيف كانت الناس تعيش نفسي أفهم، إنت كنت بتحكيلي عن زمان أو عن بكرة؟ عن الأسلوب أو المسلوب؟ وضحت، الحضارة اللي كانوا بيعزموك عليها شوف شو سوت بالدنيا ناطحات سحاب بتدق ع بواب السما ونستنا الأرض اللي تحتينا كيف وصلنا من عندك لهون؟ حبيبي، بشوف تاريخنا بعيونك والله يعينك على حملك بعرف إنه ولا أصعب من قراراتك وبعرف إنك حملت وزن مستقبلنا وماضينا ع كتافك ‫وبقدّر إنه المنطق بقول ""لو بياخدوا بلادك ما بياخدوا ولادك"" ‫بس حبيبي، ليش كنت تقلي ""خليها بالقلب بتجرح ولا تطلع لبرة وتفضح"" حبيبي بالقلب بتقتل بعدين ع أي أساس حكينا إنه لو طلعت ما رح تبني أساس جديد ع أي أساس حكينا إنه ماضينا ما بيكبر معنا وما بيحمل الحمل وبزيد ع أي أساس حكينا إني لازم أغير شكلي وصوتي ولغتي وأهلي لأنضم لبكرة ع أي أساس حكينا إنه الحقيقة اللي بشوفها بعيونك ما بتخلق حضارة نحن الحضارة حبيبي، تاريخك مستقبلي وما بشيل التوب قبل ما يشيلولي جلدي سجل، أنا عربية وبعرف أصلي قالوا ما حدا بتغير بنفس المكان ومين يحكيلهم إحنا غير ياما إنحكالنا قصايد عنا ما بتلبق إلنا وليه ولا حد يحكيلهم ليه، آه بس أنا قلبي عمره ما بينسى إسمه وهواه، آه وأنا قلبي ما بينسى إسمه هواه، إسمه هواه، آه شمسي أنا الحرية ما بحني راسي لمية هبت رياح شرقية سجل أنا عربية وبعرف أصلي أنا أصلي أنا أصلي أنا ع اللي ضاع من عمري وأنا أخبيها من كل عين دوارة أسيرة بدربٍ مرسوم بخطى مكارة يا معذرة يا أنا، ضليت ونورك ضل يحميني إنتي أصل الأصل وأصلي أنا فلسطيني أصلي أنا أصلي أنا"
0450,Fadel Chaker,كيفك ع فراقي (Kifk 3a Fra2e),Levantine,كزبه و صدقتا كانت أكبـر كذبه عشته إني إنســـــاك ِ و من و قته ما اقدرت نسيت عم عاند ماضي بضحك و بقول عادي عادي و الهيئه كلـــــــه ع الفاضي هلأ توعيت كيفك ع فراقي اذا بعدك متلي بتشتاقي خلينا بهالعمــــر الباقي مع بعض نكون ... بعدك على بالي لو كنتي بهاللحظــــه اقبالي تتشوفي شو وضعي الحالي مشتاق بجنون ... كيفك ع فراقي اذا بعدك متلي بتشتاقي خلينا بهالعمــــر الباقي مع بعض نكون .. و انا بعدك على بالي لو كنتي بهاللحظــــه اقبالي تتشوفي شو وضعي الحالي مشتاق بجنون صدقي لو فيه رد ال كان شويه شويه متـــــل الأول ضمك ليه صار لازم قول .. هيدي الحقيقه عم بشتقلك كــــل دقيقة معقوله في شي طريقه نرجع معقول ... كيفك ع فراقي اذا بعدك متلي بتشتاقي خلينا بهالعمــــر الباقي مع بعض نكون بعدك على بالي لو كنتي بهاللحظــــه اقبالي تتشوفي شو وضعي الحالي مشتااااااااااق بجنون كيفك ع فراقي اذا بعدك متلي بتشتاقي خلينا بهالعمــــر الباقي مع بعض نكون بعدك على بالي لو كنتي بهاللحظــــه اقبالي تتشوفي شو وضعي الحالي مشتاااااااااااق بجنوووون ... بجنووون ااااه ...
0451,Mashrou’ Leila,كلام (Kalaam),Levantine,"ازا لمستك بحلاوة رقصك قربي عليا شوي في جحيم تحت جلدي و انتي ايدك باردين و الجهلانين ملتحيين بوراق التين و مقموحين و حواجبهم مرفوعين كتبو حدود البلد ع جسدي و جسدك و الجلد بيكشد الكلام كلمتي ع كلمتك جسدي ع جسدك و الجلد بيحرك الكلام حاسس اني حاسّ اللي انت حاسس فيه و من العيب حسي اللي انتي حاسه فيه و بذوق الوسكي و الاغلاط ع شفافك, ما بتتعطل لغة الكلام الحروف بتلفنا لما وشوش كل اسراري بتمنا و انت بترجع ل دنيتك و انا عالفراغ كتبو حدود البلد ع جسدي و جسدك و الجلد بيكشد الكلام كلمتي ع كلمتك جسدي ع جسدك و الجلد بيحرك الكلام حاسس اني حاسّ اللي انت حاسس فيه و من العيب حاسس اني حاسّ اللي انت حاسس فيه"
0452,The 4 Cats,يا ناسيني (Ya Nassini),Levantine,ياي ياي ياي ياي يا ناسينــــي ياما سوا بفيّ الياسمينة يهبّ الهوا وانت تلاقيني وتقلي مش رح انساكي ياي ياي ياي ياي يا ناسيني ياما تمشينا على هالدرب ويرف علينا طير الحب ونجي ونروح والهوا مجروح تضحكّني وتبكّيني بتبقى القناطر فيّ وشمس حاكي بالوما وحاكي بالهمس والدنيي صيف وياما بالصّيف تزعلني وتراضيني يا ناسينـــــي يا ناسينـــــي ياي ياي ياي ياي يا ناسينــــي
0453,Shiraz,كيف بدك عني تغيب (Kif Badak 3ani Tghib),Levantine,كيف بدك عني تغيب يا حبيبي لا ما تغيب كيف بدك عني تروح يا حياتي لا ما تروح كيف بدك مني تضيع ولا بدي منك ضيع آه كيف بدك عني تغيب يا حبيبي لا ما تغيب كيف بدك عني تروح يا حياتي لا ما تروح كيف بدك مني تضيع ولا بدي منك ضيع آه كيف بدك عيش بلاك وكل لحظة أنا بدي ياك بدي ترجعلي اللي كان وتحسسني بالامان وين الحب وينو الحنان وين جنونك وين هواك آه كيف بدك عيش بلاك وكل لحظة أنا بدي ياك بدي ترجعلي اللي كان وتحسسني بالامان وين الحب وينو الحنان وين جنونك وين هواك آه كيف بدك ياني كون بعيدي عنك عن العيون الوعّت قلبي عالغرام وعيشتني بالأحلام وعجسمي كتبت الكلام شي حنون وشي مجنون آه كيف بدك ياني كون بعيدي عنك عن العيون الوعّت قلبي عالغرام وعيشتني بالأحلام وعجسمي كتبت الكلام شي حنون وشي مجنون آه
0454,Al Shami,جيناك (Jinak),Levantine,جيناك، جيناك، بنت الأصل لي وما حد خذها مني بعناد الزلم يلي يريد العركة يقرب يمي جيبو الزلم ياخدوا يلي يريدوا بالثأر لشد العزم واحرق أرضهم بالنار جيبو الزلم ياخدوا يلي يريدوا بالثأر يشد العزم واحرق قلبهم بالنار وعلى عيني بالسلم اما اللي يجيني من الزلم واليدخل بيتي و يحترم لفرشلو أرضي بمال وين ولد العم لندبك شوبي حتى الكلب ما يشم بخوفي يا أبو العبد يا مربي زنودي بيي خلفت ذياب بلجم الزلم ماكن لحم الزلم آكل طاريكي مو عادي بتروح فداه رجال والطاري ما ينجاب كيف هالأصل ينعاب ريت الغزل ينعاد بالدان يكوي القلب يرمي رماد جيناك، جيناك، بنت الأصل لي وما حد خذها مني بعناد الزلم يلي يريد العركة يقرب يمي
0455,Al Shami,بتهون (Bethoon),Levantine,من غير علمي بأسمك عيني نادت عليك والأذى صار عادي بس بالي ضل حواليك يعني هيك صار عادي تعاملني غريب نظراتك كلها قسوة وصمتك مريب عادي بشتاق لو غيري فيك عادي عمرو الغدر ما يفيد عادي حاج تعلقني فيك عادي إنشاءالله غيري يرضيك عالدم عالدم سوا و حق صوتي اللي دوا ما بيع ولا خون والعِشرة ما تهون لو على أذاي نوى جار الزمان يا عيني باعوني اللي منّي وفيني سهي الوفا الي فيهن رشوا العتم يرويني وتهون يا قلوب لو خان رمل الأرض وتروح ندوب لو رجعولي رفاق الدرب وتهون يا قلوب لو خان رمل الأرض وتروح ندوب لو رجعولي رفاق الدرب عالدم عالدم سوا و حق صوتي اللي دوا ما بيع ولا خون والعِشرة ما تهون لو على أذاي نوى والله وعلى عيونا رسِينا و على عيوبِك سكتنا رضينا و لما العرج رافق دروبي قامت حروفِك علينا وتهون يا قلوب لو خان رمل الأرض وتروح ندوب لو رجعولي رفاق الدرب وتهون يا قلوب لو خان رمل الأرض وتروح ندوب لو رجعولي رفاق الدرب
0456,Pascale Sakr,ارضك الكرامة (Ardak El Karami),Levantine,أرضك الكرامة، شعبك طَيّر النار يا لبنان الراجع من خلف الأخطار أرضك الكرامة، شعبك طَيّر النار يا لبنان الراجع من خلف الأخطار جبلك نسر البحر، وِجَّك عالمتوسط عالحضارة الجاية من عيون البَحّار ع كل اللي بدو يصير، ع كل اللي صار أرضك الكرامة، شعبك طَيّر النار من جبيل الشهامة، من عنجر البطولة الصلابة من الجبل، من السهل السهولة الحقيقة من بيروت، من زحلة الرجولة إجتمع المجد وصار للأرض زُنّار أرضك الكرامة، شعبك طَيّر النار يا لبنان الراجع من خلف الأخطار جبلك نسر البحر، وِجَّك عالمتوسط عالحضارة الجاية من عيون البَحّار ع كل اللي بدو يصير، ع كل اللي صار أرضك الكرامة، شعبك طَيّر النار يا زهر التواضع يا لبنان يا رغيف الحرية يا لبنان يا زهر التواضع يا لبنان يا رغيف الحرية يا لبنان يالزمان الراجع من أخر الزمان يا يا يا لبنان أرضك الكرامة، شعبك طَيّر النار يا لبنان الراجع من خلف الأخطار جبلك نسر البحر، وِجَّك عالمتوسط عالحضارة الجاية من عيون البَحّار ع كل اللي بدو يصير، ع كل اللي صار أرضك الكرامة، شعبك طَيّر النار المراكب و الريح و رجوع البحارة طفل يقص الشمس و يعملها طِيّارة المراكب و الريح و رجوع البحارة طفل يقص الشمس و يعملها طِيّارة و يا بَكْرة و خيطان و مجموعة صبيان عم بتطّير شمس الشرق ع جبل لبنان يا يا يا لبنان أرضك الكرامة، شعبك طَيّر النار يا لبنان الراجع من خلف الأخطار أرضك الكرامة، شعبك طَيّر النار يا لبنان الراجع من خلف الأخطار جبلك نسر البحر، وِجَّك عالمتوسط عالحضارة الجاية من عيون البَحّار ع كل اللي بدو يصير، ع كل اللي صار أرضك الكرامة، شعبك طَيّر النار
0457,Bilal Derky,كيف عملت هيك (Kif Emelet Hek),Levantine,ولا كان على بالي اني اتعلق او اني حب و اشتاق انها تلفتني و اتعلق متل الولاد ولا كان على بالي يا امي ولا كان عل بال ولا كان عالبال كيف عملت هيك سحروني عيونا و اخدوني من رمشة عين شو السر يلي فيها خلتني اعشقها بيومين انا ماني بوعيي يا امي انا ضايع وين كيف عملت هيك كيف عملت هيك سحروني عيونا و اخدوني من رمشة عين شو السر يلي فيها خلتني اعشقها بيومين انا ماني بوعيي يا امي انا ضايع وين كيف عملت هيك وانا ما بنلام لو شفتو عيونا كنتو فهمتوني ريف الغزال وسواد الكحل مزين الجفون ويحلا الدلال والسارق قلبي يفداه جنوني كل يلي صار في عيون دباحة و قتلوني وامانة عليك حبك شط رسيني عليه انا قلبي علق ب ايديك شو عملت انا حتى سرقني الحب سهرني الليل انا ضايع ليه دلني اخدني ع وين و رسيني عليك كيف عملت هيك سحروني عيونا و اخدوني من رمشة عين شو السر يلي فيها خلتني اعشقها بيومين انا ماني بوعيي يا امي انا ضايع وين كيف عملت هيك كيف عملت هيك سحروني عيونا و اخدوني من رمشة عين شو السر يلي فيها خلتني اعشقها بيومين انا ماني بوعيي يا امي انا ضايع وين كيف عملت هيك
0458,Wael Kfoury,تك تك قلبي (Tak Tak Albi),Levantine,قلتلّا بحبّك وطلبت إيدا واذا وافقتي منتجوّز بكرا قالتلي طول بالك ما تزيدا خلّيني فكّر واعطيني فترة ومن وقتا ناطر هالساعة وعم راقب تَكّات الساعة وتك تك تك تك تك تك تك تك تك تك قلبي من النطرة قلتلّا لمّا بتصيري بيتي رح خلّي سنينك مليانة فرحة وأعطيكي عمري لولا حبيّتي ولوّن إيامك من لون الطَّرحة قالتلي خلّيها لوقتا وافقتا و عطيتا وقتا وتك تك تك تك تك تك تك تك تك تك قلبي من النطرة قلتلّا شوفي كيف قلبي دايب مش قادر أنطر رح موت عليكي ومن سحر عيونك شفت العجايب ليكي شو عملو فيي عينيكي قالتلي ما بخبي عنَّك ملهوفي أنا أكتر منَّك وتك تك تك تك تك تك تك تك تك تك قلبي من النطرة قلتلّا بحبّك وطلبت إيدا واذا وافقتي منتجوّز بكرا قالتلي طول بالك ما تزيدا خلّيني فكّر واعطيني فترة ومن وقتا ناطر هالساعة وعم راقب تَكّات الساعة وتك تك تك تك تك تك تك تك تك تك قلبي من النطرة
0459,Al Shami,كيفو (Keefo),Levantine,ما بدّا زعل والله مْغيّر عليّي هي منّا ثقة حاسِس في حَدا غيري عَ غروب الشمس نطَرتِك كنتي تحبّي لَاخترتِك إنتِ جيتِي لا ما جَبَرتِك لمّا وَقعت منيح إخترتك قولو كيفو عم بسمع إنّو نَزَع ستيلو وشَالَح جلدُه بعدي بكيفو بدو اتنشن الناس تتابع كل جديدو لك كيفو يا نَبْرة بوسط قلبي عايشة بنُصّ الوريد يا صفحة بقلب كِتبي بتحكي كل الحكي يا نَبْرة بوسط قلبي عايشة بنُصّ الوريد يا صفحة بقلب كِتبي بتحكيني كل الحكي طب قولو كيفو عم بسمع إنّو نَزَع ستيلو وشاَلَح جلدُه بعدي بكيفو بدو اتنشن الناس تتابع كل جديدو لك كيفو والله، وَقّعني والله يا سؤال الوجود هَزّيتيني يا فكرة، والفِكرة بالرّاس خَرَقتيلي حدود الفكر فيني ونسيت، كيف كانو آه باعوني آه، باعوا برخيص وارجاع، من قلبي طلاع والتمن دفاع، لاقي متلي قوليلوا، إنّك من بعدي أنا رُحتيلوا مش لايقة عليه، ولا لايقة لغيرو بتشوفي عيوني، لمّا تبصّيلو قوليلو، قوليلو طب قولو كيفو عم بسمع إنّو نَزَع ستيلو وشاَلَح جلدُه بعدي بكيفو بدو اتنشن الناس تتابع كل جديدو لك كيفو
0460,Wael Kfoury,بدي غير فيكي العالم (Badi Ghayer Fiki El Aalam),Levantine,بعدِك إنتي حرام يحكو بقصص الغرام بعدِك إنتي حرام على الدنيي السلام بدي غيّر فيكي العالم علمهن كيف بيحب والل كتبو تاريخ الحب نسيهن كل شي كتبو فيكي جمال غريب بيخلي الجرح يطيب الدنيي ماجابت بعد متلِك ولا رح بتجيب بدي غيّر فيكي العالم علمهن كيف بيحب والل كتبو تاريخ الحب
0461,Abdul Baset Al-Sarout,جنة جنة (Jannah Jannah),Levantine,[وصفي:] جنة جنة جنة جنة يا وطنا جنة جنة جنة جنة يا وطنا يا وطن يا حُبَيِّب يا بو تراب الطيب يا وطن يا حُبَيِّب يا بو تراب الطيب حتى نارك جنة حتى نارك جنة [الساروت:] بترابك رَوِّينا و بأحضانك رَوِّينا بترابك رَوِّينا و لترابك حِنينا و بمجدك علينا للقمة وصلنا للعَليا وصلنا (للعَليا وصلنا) ثوري ثوري درعا بعتامينا إنتي شمعة ثوري ثوري درعا بعتامينا إنتي شمعة حِمصية تنادي فَزعة حِمصية تنادي فَزعة يا مسند حِمِلنا يا مسند حِمِلنا (يا مسند حِمِلنا) [وصفي والكورس:] جنة جنة جنة جنة يا وطنا جنة جنة جنة جنة يا وطنا يا وطن يا حُبَيِّب يا بو تراب الطيب يا وطن يا حُبَيِّب يا بو تراب الطيب حتى نارك جنة حتى نارك جنة [الساروت:] حمص يا أم العروبة للخوف باست توبا حمص يا أم العروبة للخوف باست توبا ما نهاب الصعوبة لا ما نعرف الصعوبة أبطال و إسأل عنا حمصية و إسأل عنا يا حماة سامِحينا والله حقك علينا يا حماة سامِحينا والله حقك علينا أنت منا و إلينا بالجبار أملنا بالجبار أملنا حاشا الله يخاذلنا (حاشا الله يخاذلنا) [وصفي و الكورس:] جنة جنة جنة جنة يا وطنا جنة جنة جنة جنة يا وطنا يا وطن يا حُبَيِّب يا بو تراب الطيب يا وطن يا حُبَيِّب يا بو تراب الطيب حتى نارك جنة حتى نارك جنة [وصفي:] جنة جنة جنة جنة يا وطنا جنة جنة جنة جنة يا وطنا يا وطن يا حُبَيِّب يا بو تراب الطيب يا وطن يا حُبَيِّب يا بو تراب الطيب حتى نارك جنة حتى نارك جنة [الساروت:] جسر الشغور و رَسْتَن لحن الشهادة غنن جسر الشغور و رَسْتَن لحن الشهادة غنن مهما تقتل و تدفن تقتل أمم و تدفن يا باري إلنا الجنة شهيدينا لا ما مات زغردن له يا البنات شهيدينا لا ما مات زغردن له يا البنات خادمات و حوريات خادمات و حوريات بإذن الله على الجنة (بإذن الله على الجنة) [وصفي و الكورس:] جنة جنة جنة جنة يا وطنا جنة جنة جنة جنة يا وطنا يا وطن يا حُبَيِّب يا بو تراب الطيب يا وطن يا حُبَيِّب يا بو تراب الطيب حتى نارك جنة حتى نارك جنة [الساروت:] من الرقة للقامشلي دم البطولة يغلي من الرقة للقامشلي دم البطولة يغلي يقتل أمم و يصلي يقتل أمم و يصلي يا خسيس إرحل عنا (يا خسيس إرحل عنا) حتى أحرار الساحل تبصم بأنك راحل حتى أحرار الساحل تبصم بأنك راحل والله نظامك فاشل ظالم و أمنك فاشل يا خسيس إرحل عنا (يا خسيس إرحل عنا) [وصفي و الكورس:] جنة جنة جنة جنة يا وطنا جنة جنة جنة جنة يا وطنا يا وطن يا حُبَيِّب يا بو تراب الطيب يا وطن يا حُبَيِّب يا بو تراب الطيب حتى نارك جنة حتى نارك جنة
0462,Zaghloul Al Damour,وين الخيل تشد الحيل (Wain El Khail Tshed El Hail),Levantine,[زين شعيب:] وين الخيل تشد الحيل تجر الويل حوافرها نجوم الليل بتاني ميل ببحر جبيل بسفرها (نجوم الليل بتاني ميل ببحر جبيل بسفرها) (×٢) وين الخيل تشد الحيل تجر الويل حوافرها نجوم الليل بتاني ميل ببحر جبيل بسفرها (نجوم الليل بتاني ميل ببحر جبيل بسفرها) (×٢) حصاني صام بدون طعام برأي العام طلبتو لهون (×٢) اعطيتو وسام هديته لجام بريش نعام اتنعشر لون (بريش نعام اتنعشر لون) (×٢) ولما حام على الإيام من الأيتام مِليّت الكون والأخصام بهالصمصام كوام كوام بصبرها (نجوم الليل بتاني ميل ببحر جبيل بسفرها) (×٢) [جوزيف الهاشم (زغلول الدامور):] نجوم الليل بتاني ميل ببحر جبيل بسفرها (نجوم الليل بتاني ميل ببحر جبيل بسفرها) (×٢) زين دروس بهالقاموس وحاج مهووس على المتراس و حدي اجلوس وليش مفقوس وإيدي بوس وعَلّي الراس (وإيدي بوس وعَلّي الراس) (×٢) عندي فلوس وكبر نفوس وعالمنحوس بدق جراس بشفرة موس و وج عبوس على التلت روس بكسرها (نجوم الليل بتاني ميل ببحر جبيل بسفرها) (×٢) عندي فلوس وكبر نفوس وعالمنحوس بدق جراس بشفرة موس بِوِج عبوس على تلت روس بكسرها (نجوم الليل بتاني ميل ببحر جبيل بسفرها) (×٢) [طليع حمدان:] ‏نجوم الليل بتاني ميل ببحر جبيل بسفرها (نجوم الليل بتاني ميل ببحر جبيل بسفرها) (×٢) للحسون عطيته فنون وعالمديون بضل بِلين وبالمسنون بِمَحي ظنون نابليون و جوزافين (و نابليون و جوزافين) (×٢) بدي عيون الشِعر تكون تملي عيون المستمعين بهز غصون وغمز جفون أعلى حصون بدمرها (نجوم الليل بتاني ميل ببحر جبيل بسفرها) (×٢) [إدوار حرب:] نجوم الليل بتاني ميل ببحر جبيل بسفرها (نجوم الليل بتاني ميل ببحر جبيل بسفرها) (×٢) النسر المانِ على الأكوان لولا بان قبالي و رَف بخلي سنان الرمح سنان تقص البان بضربة كف (وتقص البان بضربة كف) (×٢) وعالبركان الشاعل كان بِوَدي الفرسان من الصف وبالميدان و وين ما كان فروخ الجان بكفرها (نجوم الليل بتاني ميل ببحر جبيل بسفرها) (×٢) [زين شعيب:] ‏وين الخيل تشد الحيل تجر الويل حوافرها (نجوم الليل بتاني ميل ببحر جبيل بسفرها) (×٣) [جوزيف الهاشم (زغلول الدامور):] آف آف إقشعي حالك يا إم خدود زينة لَحِّظ عينك جَرَح قلبي ونسيني و تا إشكيكي لِكي ما عرفت وينك ولا كنتي ع جرحي تسأليني أنا زغلول، ريشي بجان حيّنِك تعّي ومطرح ما بدك طَيّريني وبسَيّفَيّن، اللي هني حاجبَيّنِك وقت ما بتتعبي مني إدبحيني وإذا في فاصلة بيني و بينِك و مافيي قابلك وتقابليني تا إبقى حيّ، قِبلي دخل عَيّنِك مع النسمات، من مرة لمرة على دقات قلبِك سمعيني
0463,Tamer Nafar,طز طزين (Tuz Tuzzen),Levantine,بدك تعيش في هادي البلد بدك توخذ شوط شوطين حرقت كل الخلايا و ما ضل معي مخ سبيير سي تمام ..سي لا ڤي كل شي خرا ..كل شي خير صارلي فترة باخد دوا دوا اسمه طز طزين تسد الدين خدلك دين حتى تنتين طز طزين شو هالواحد ماخد في الحياة غير قطتنتين أعمل 100 و الضربية تسحب منك شي 200 100 تقصف غزة و الباقي بتعرف تحطو فين و أنا هايني علقان في راسي ساعة شارد و ساعة باقي لو المآسي مش على مقاسي راح أضلني هون ولو تياسة مرة برفع أيدي و مرة برفع راسي أنا مرة مهاجر ..مرة بقرر أني باقي أنا حتى لو ما بفهم بالسياسة ولا حبة ح ضلني تياسة تياسة تياسة..طز بدك تعيش في هادي البلد بدك توخذ شوط شوطين حرقت كل الخلايا و ما ضل معي مخ سبيير سي تمام ..سي لا ڤي كل شي خرا ..كل شي خير صارلي فترة باخد دوا دوا اسمه طز طزين كلشي راح ..طز طزين كلشي جاي..طز طزين و العلقان ..طز طزين كلشي حلمت فيه ..طز طزين كل تحويشتي ..طز طزين كل تعليمي ..طز طزين حل الدولتين..طز طزين ما تمنيت ولا شي في حياتي غير مليون دولار قاعدات في حسابي و اشوف خواني و خواتي في بلادي ما تستحقي غير الخير يا بلادي مرة برفع أيدي و مرة برفع راسي أنا مرة مهاجر ..مرة بقرر أني باقي أنا حتى لو ما بفهم بالسياسة ولا حبة ح ضلني تياسة تياسة تياسة..طز مرة برفع أيدي و مرة برفع راسي أنا مرة مهاجر ..مرة بقرر أني باقي أنا حتى لو ما بفهم بالسياسة ولا حبة ح ضلني تياسة تياسة تياسة..طز بدك تعيش في هادي البلد بدك توخذ شوط شوطين حرقت كل الخلايا و ما ضل معي مخ سبيير سي تمام ..سي لا ڤي كل شي خرا ..كل شي خير خلص معي الدوا و طز طزين
0464,Adonis Band,لو بدك ياني (Law Baddak Yani),Levantine,قلت بغيب شي يومين بركي بتشتاق لوجودي شوي قلت بعاشر ناس جداد بركي بتصير تغار علي بس وين ما رحت ومين ما عاشرت ولو شو ما عملت ومهما حاولت لو بدّك ياني لو بدّك نبقى سوا عن جد لو بدّك ياني يعني متل ما أنا عالقد لو بدّك ياني بتنزلّي السّما عالأرض وإلّا القصّة مش حرزانة لو بدّك ياني إذا بغيّر هوايات بلعب رياضة بظبّط وضعي شوي إذا بنوّع بتيابي بلبس إشيا بتلبق أكتر علي بس شو ما لبست وقد ما تغيّرت ولو شو ما عملت ومهما حاولت لو بدّك ياني لو بدّك نبقى سوا عن جد لو بدّك ياني يعني متل ما أنا عالقد لو بدّك ياني بتنزلّي السّما عالأرض وإلّا القصّة مش حرزانة لو بدّك ياني لو نتفارق، طريقين لو بدّك عيش وإكبر بلاك لو نتلاقى، غريبين تمرق حدّي وما تتطلّع وراك لو بدّك ياني لو بدّك نبقى سوا عن جد لو بدّك ياني يعني متل ما أنا عالقد لو بدّك ياني بتنزلّي السّما عالأرض وإلّا القصّة مش حرزانة وإلّا القصّة مش حرزانة وإلّا القصّة مش حرزانة لو بدّك ياني
0465,Zeyne,قرب مني (Arrib Minni),Levantine,ماشيين لبعير طريقنا طويل ولا عارفين لوين رايحين والكلمات بتضيع مني وتقل عني اللي بفكرفيه قرب متي وعني احكيلي إني مش لحالي بحلمي لا تصحيني اتركني لأنه هواك بين كل الناس جابلي احساس علقني بطيفك بتلومني أنا عيوني أنا ما شافت غيرك شو السربصوتك كيف أنت بتحكي وبتطلع فيك نظرة عيونك عم تطلب مني احكي فليك اه لو اكرف يا قلبي شر اللي مخبيه وين ماخذني قرب متي وعني احكيلي إني مش لحالي بحلمي لا تصحيني اتركني لأنه هواك بين كل الناس جابلي احساس علقني بطيفك بتلومني أنا عيوني أنا ما شافت غيرك
0466,Haifa Wehbe,توأم حياتي (Tawaam Hayati),Levantine,هَيْدي القصة منها قصة اتنين التقوا سوا نحنا اتنين و في بَيْناتُن قصة حب كتير كبيرة كرمال عيونك بضحّي بغار عليك من الهوا وبجن بموت من الخوف انا لما بْترمُش رمشة صغيرة انت توأم حياتي بهَالحياة حدّي وعم اشتاقلك ساعات بقلق لو منّك معي و بحبك باللاوعي لو ما كان في حبك يمكن ما كون ما في احلى من الحب بجنون ما في احلى من صوتك لما بتقلّي تعي انت توأم حياتي بهَالحياة حدّي وعم اشتاقلك ساعات بقلق لو منّك معي و بحبك باللاوعي لو ما كان في حبك يمكن ما كون ما في احلى من انو يكون اسمي و اسمك ع محبس و تكفي العمر معي اللي بيني وبينك احلى هديّة من العين الله يحرسها بس اهم شي يا حبيبي كيف نحافظ عالهدية لو في نجمِة بعيدة عليّي طولها بإيدك المسها و انت لو غفيت عيوني شي مرة خليك عِينَيي
0467,Selin Sümbültepe,Ma Ureedu,Levantine,"shlon bnam billeyl wa inta 3ala baaly 7atta samak bilmai twajja3t la7ali ma ureedu ma ureedu kharnouby 3youn sood sood ma7bouby ma ureedu ma ureedu kharnouby 3youn sood sood ma7bouby ahh. ahh Esti serince kara bir yel Vardı garip bir hali Sanki dokundu bana bir el Gecenin kör bir vakti ma ureedu ma ureedu kharnouby 3youn sood sood ma7bouby ma ureedu ma ureedu kharnouby 3youn sood sood ma7bouby ah...ah.. ah.. Ay ışınğında gördüm ,parladı yüzün Yıldızlar kaydı sanki üstüme Bütün gece yürüdüm Ah kara büyücüm Ah kalbim güm güm ma ureedu ma ureedu kharnouby"
0468,Farya Faraji,يا هلا بِالضيف (Ya Hala Bil Dayf),Levantine,يا هلا بالضيف ضيف الله ع حساب الروح اي والله ما بنرضى تروح من عنا ما بنرضى تروح لا والله يا هَلّا بِالضَيْف ضَيْف اللّٰه ع حِساب الرُوح أَي وَاللّٰه ما بنرضى تُرَوِّح لا وَاللّٰه مرت ايام ع الفرقة ما دق ابوابي دقة مرت ايام ع الفرقة ما دق ابوابي دقة اشكي شوقي والحرقة مثل عيونك ما القى اشكي شوقي والحرقة مثل عيونك ما القى ع الديرة الله جابك ردك من طول غيابك ع الديرة الله جابك ردك من طول غيابك وانا دخيله وانا دخيله مشتاقة العين مشتاقة وع خدودي دموع حراقة وعلى بعدك مالي طاقة يا محلى يوم نتلاقى وعلى بعدك مالي طاقة يا محلى يوم نتلاقى يا امير الكون غايتنا نشوفك تدوم فرحتنا يا امير الكون غايتنا نشوفك تدوم فرحتنا اسكن بربوع ديرتنا بي اهلنا وعزوتنا اسكن بربوع ديرتنا بي اهلنا وعزوتنا
0469,Nancy Ajram,بدي قول بحبك‎ (Baddi Oul Bhebak),Levantine,خلي يسمعني الكل انت حبيبي لإلي و بِقلبي رح بتضل بدي قول بحبك قدام العالم كلّو بدي عيش بقلبك و يفلّو… يفلّو.. ما بدي فكّر بالوقت حدك ولا الإيام ما بدي حس إنّي فقت بدي بِقلبك نام بدي قول بحبك قدام العالم كلّو بدي عيش بقلبك و يفلّو… يفلّو..
0470,Bessan Ismail,متل الأميرة (Metl El Amira),Levantine,متل الاميرة بحس ‎لما بحضنو بكون ‎ياقلب طيب دافي صافي حساس وحنون ‎يعجز أبو الامتال ‎مافي حكي بينقال ‎ برؤياك يلا تعال ‎كحلي هالعيون ‎ليلي ليلي ‎ببعدك حالك ليلي ‎بقربك يا حب ويلي ‎طفلة بصير ‎حالي حالي ‎يا ساكن بالي بالي ‎كلشي بيحلالي ‎وبطير ‎تخيلتك ‎وعد عمري المنتظر ‎خبيتك ‎بعيون رافقها السهر ‎وعدني ‎تكون عكاز الكبر ‎وشريك شيبات الشعر ‎بكرى وقت يحنى الظهر ‎ظلك مرافقتك ‎ليلي ليلي ‎ببعدك حالك ليلي ‎بقربك يا حب ويلي ‎طفلة بصير ‎حالي حالي ‎يا ساكن بالي بالي ‎كلشي بيحلالي ‎وبطير بعز عليي شوفك ما اقدر سلم عليك ولا اقدر شم كفوفك ولا المس ايديك اوعى وما شوف حروفك عطفك لهفتك خوفك وبعز عليي حالي بس مبسوطة بحالي هيك ‎ليلي ليلي ‎ببعدك حالك ليلي ‎بقربك يا حب ويلي ‎طفلة بصير ‎حالي حالي ‎يا ساكن بالي بالي ‎كلشي بيحلالي ‎وبطير
0471,The 4 Cats,عاملي عنتر (Amelli Antar),Levantine,برات البيت عاملي عنتر وبيتمشى وبيتغندر وعشية كل ما بيجي عالبيت بيقلي دخلك جسمي مكسر برات البيت عاملي عنتر وبيتمشى وبيتغندر وعشية كل ما بيجي عالبيت بيقلي دخلك جسمي مكسر ما في مرة كنا بسهرة وقلي كلمة وحدة عالحب كل الي بعرف انو بيرجع وبنام على وجو طب طب طب برات البيت عاملي عنتر وبيتمشى وبيتغندر وعشية كل ما بيجي عالبيت بيقلي دخلك جسمي مكسر ما في مرة اخدلي ايدي ولا زكرني يوم بعيدي بضلو عامل حالو مشغول حتى يخليني عنو بعيدة بعيدة برات البيت عاملي عنتر وبيتمشى وبيتغندر وعشية كل ما بيجي عالبيت بيقلي دخلك جسمي مكسر هلا هلا عزمان الحب شو كان يلحقني على هالدرب ويترجى حتى ما احكي غيرو وحوالية في مية شب شب شب برات البيت عاملي عنتر وبيتمشى وبيتغندر وعشية كل ما بيجي عالبيت بيقلي دخلك جسمي مكسر برات البيت عاملي عنتر وبيتمشى وبيتغندر وعشية كل ما بيجي عالبيت بيقلي دخلك جسمي مكسر يا عنتر يا عنتر يا تزيح من الدرب يا عنتر يا عنتر يا عنتر عنتر زمانك يا عنتر بس برات البيت
0472,Wael Kfoury,لو تعرفي (Law Ta3erfi),Levantine,لو تعرفي قديش صرلي ناطرك بشوفك مع غيري وانتي لازم معي تكوني وشوفك عم تتعاملي مش متل ما بتستاهلي ويعذبني ل عم بيصير ويجنّ جنوني هالدنيي بتقهر كتير وسنينا بيخونوا بتقرّب ناس مش لازم كان مع بعضن يكونوا يا ريتك كنتي معي تا شيلك بعيوني حلمي معك عيش بدني بتشبه دفى عيونك بإسمي ما يندهلي حدا يسمّوني مجنونك انتي قلب بدّو حدا بقلبو عشق ما ينتهي هيدا أنا بس القدر خلّاني من دونك
0473,Adonis Band,يكسرني (Yekserni),Levantine,"حبيتك على حالك ما كان يكفي شكلا الكنيسة ازا قريبة ما بتشفي عبالك روح لبعيد لاقي احساس جديد عبالك روح لبعيد جايي تتركني و خايف عليي عارف قبلك شو مارق عليي مش انسان مكسور هو يلي يكسرني مش انسان مكسور هو يلي يكسرني حبيتك حتى لما انت ما عرفت تحبني كل مرة قلك صدقني بلاها بتردني بتقول اني عايش براسي و كتير بمشي ورا احساسي يا ما مطنشلي, بس انا ناسي انا ناسي جايي تتركني و خايف عليي عارف قبلك شو مارق عليي مش انسان مكسور هو يلي يكسرني مش انسان مكسور هو يلي يكسرني مش انسان مكسور هو يلي يكسرني مش انسان... بتقول اني عايش براسي و كتير بمشي ورا احساسي يا ما مطنشلي, بس انا ناسي انا ناسي"
0474,Najwa Karam,بوسة قبل النوم (Bawse Ablel Nawm),Levantine,نام انا بقلبي بيتك بروحي بدي غطيك و لو بدقة صحيتك بوقفها ت غفيك اعطيني بوسة قبل النوم وغمرة زغيرة تواسيني تصبرني لتاني اليوم تخدرني و تهديني في مرة نمت و نسيت تعطيني البوسة و الغمرة ليلتها قديش بكيت حسيت طول بكرا صرت احسد المخدة و من خدي غار خدي قوم و اغمرني بشدة و بوس راسي و جبيني دخيلا هيدي الكلمة لما تقلي صباح الخير بحروفها بحس بنغمة اروع من زقزقة الطير بحس الدنيا حواليا مثل الخاتم بإيديا حبيبي اغمرني بحنية من الغمرة لا توعيني بشتقالك كل رفة عين وكل ما دق قلبي بحبك دق القلب و قول ياعين تيبقي قلبي بقلبك انا لو عندي مية قلب و وزعت عليهن هالحب تيكفوني و الله صعب قلوب الكون ما بتكفيني
0475,Noel Kharman,حيفا (Haifa),Levantine,جديدة المدينة .. عم بحاول عالخفيف كله تمام هينا بنعيش طب انت كيف ؟ وكيف الشوارع و الحارات ؟ لون الشجر صوت الجارات ؟ مين الي ضل؟ مين الي راح؟ و انت كيف ؟ ـــــــ محوش مصاري ولا ضاعو بالبارات؟ بحكوا عليك ان انت داير عالبنات احكي اخبار .. زاد الحمل؟ بعد الي صار .. خف الامل؟ كيف الأهل؟ مشتاقه نقعد عالرصيف وما بكفي  .. كثر الكلام يوصف حلى .. حيفا وهواها وخد مني .. ما في ولا اي مكان بيسوى البلاد في كل البلاد ميلي عليه اي روح سلملي عالبحر أنا روحي بين أيديه هوى تراب وحجر لو تساله لي بحبه وعبالي خطر بسال أنا ليش ما بحبنا الوطن ؟اه يا وطن لسا  بلادي على بالي لما اكون انا لحالي تشغل بالي انا حيره و اتذكر الليالي ع سطح البيت و كاسة شاي و كانت ستي تحكي معاي تغينلي الوطن غناي واسا شو الي باقيلي وما بكفي  .. كثر الكلام يوصف حلى .. حيفا وهواها وخد مني .. ما في ولا اي مكان بيسوى البلاد في كل البلاد ميلي عليه اي روح سلملي عالبحر أنا روحي بين أيديه هوى تراب وحجر اهههه لو تساله لي  .. بحبه وعبالي خطر بسال أنا ليش ما بحبنا الوطن ؟اه يا وطن ـــ عالروزانا غ الروزانا، كل الهنا فيها شو عملت الروزانا، الله يجازيها والبنت تقول لامها يما بدي خمسين عشره لحواش العنب، عشره لحواش التين
0476,Ferial Karim,عاملي عنتر (Aameli Antar),Levantine,برات البيت عاملي عنتر وبيتمشى وبيتغندر وعشية كل ما بيجي عالبيت بيقلي دخلك جسمي مكسر برات البيت عاملي عنتر وبيتمشى وبيتغندر وعشية كل ما بيجي عالبيت بيقلي دخلك جسمي مكسر ما في مرة كنا بسهرة وقلي كلمة وحدة عالحب كل الي بعرف انو بيرجع وبنام على وجو طب طب طب برات البيت عاملي عنتر وبيتمشى وبيتغندر وعشية كل ما بيجي عالبيت بيقلي دخلك جسمي مكسر ما في مرة اخدلي ايدي ولا زكرني يوم بعيدي بضلو عامل حالو مشغول حتى يخليني عنو بعيدة بعيدة برات البيت عاملي عنتر وبيتمشى وبيتغندر وعشية كل ما بيجي عالبيت بيقلي دخلك جسمي مكسر هلا هلا عزمان الحب شو كان يلحقني على هالدرب ويترجى حتى ما احكي غيرو وحوالية في مية شب شب شب برات البيت عاملي عنتر وبيتمشى وبيتغندر وعشية كل ما بيجي عالبيت بيقلي دخلك جسمي مكسر برات البيت عاملي عنتر وبيتمشى وبيتغندر وعشية كل ما بيجي عالبيت بيقلي دخلك جسمي مكسر
0477,Wall3at,عكا على راسي (Akka 'Ala Rasy),Levantine,شمسِك يا بلدي عكا ما بتتغطى بشماسي والقمر العالي فوقك مابتمحيهِ المآسي ولو كثروا هموم الدنيا أنتِ أمي البتواسي واسي ياخي واسي واسي عكا على راسي واسي واسي واسي عكا على راسي من الكرمل للناقورة قلبك مفتوح وواسع فنارك ع الفاخورة بالعتمة عم بلامع والحارة بقلب الحارة وكنيسة بحدّ الجامع أحلامي فيكِ خِلقت فيكِ بكبر إحساسي ولو كتروا هموم الدنيا أنتِ أمي البتواسي واسي واسي واسي عكا على راسي البحريّة والمراكب بقلب الميناء مِلتمة وريّس ع الصّاري راكب بينادي شدوا الهمّة وعلوا إيديكم وقولوا لها الغربة الملعونة ماراح نترك ها الميناء لو ضاعت المراسي ولو كثروا هموم الدنيا عكا أمي اللي بتواسي واسي واسي واسي عكا على راسي
0478,Nancy Ajram,غيرانين‎‎‎ (Ghyranin),Levantine,نحنا مرتاحين و مبسوطين و مغرومين قالو ما منضاين لكن طلعو غلطانين غيرانين كل الناس مني و منك غيرانين ما بِموت هالغرام لو حكيو علينا سنين انت بتحبني و بتعاملني متل الوردة و ما بتخلّا عنك لو كل الدنيي ضدّي ما عندن لا شغلة و عملة إلا سيرتنا و شو بيخترعو و بيحكو أخبار تفرِّقنا
0479,Bigsam,بتهون (Bethoun),Levantine,قلبي قاللي بعتهم قلتله هم اللي باعوك هم الي سابوك شو كذاب و انا خوك بعرف انك فاهم كل لغات العيون بس كذابة العيون بالنهاية بتهون من يومي بصدق الشروق و بيفاجئني الغروب مجانيني بعقلي بيمارسوا طقوس بيفهموش بلغة العيون ساكن ، في عقلي اراضين راهب بروحي على دين كاسي شموعي بنيارين صوت تقاسيم الاقاويل الي تبني بالخاطر حكايا و انا ليش اقضي الباقي من عمري فبقاياه مش شايف الايدين الي مسحوا الدموع من الخدين الي لما كانو يغيبوا يومين يرجعوا لقلبي موت مشتاقين تحرم الحدود على ساقي ارض يضمى فيها الي ساقي اموات فيناش حدا باقي لا مش انا الي ينسى العشرة بيوم و سنة انا الي بالعشرة يومي سنة انا الي شاف من القسوة امل لا مش انا انا الي مري حصاده هنا الي لجل عودكم ثباته انحنى خلدكم بسطور جازيتوه بعناء قلبي قاللي بعتهم قلتله هم اللي باعوك هم الي سابوك شو كذاب و انا خوك بعرف انك فاهم كل لغات العيون بس كذابة العيون بالنهاية بتهون
0480,Myriam Klink,غول [فوت القول] (Goal [Fawat El Gol]),Levantine,جول فوت الجول جول فوت الجول حطيتو فيي وعبيتو فوت الجول جول فوت الجول جول فوت الجول حطيتو فيكي وعبيتو فوت الجول ييوزع فتنا عالملعب نلعب مع برشلونة فوتنا جول مرتب اجا بعيونا وقتي الاصلي عديتو تاني جول حطيتو تاجن جنونا اه هدي مش قدي انا قبلت التحدي هدي مش قدي انا قبلت التحدي لا تخوفني وتئلي لعيبك شاطر وشاطر يا شاطر يلي بيضحك بلاخر ملدو تحداني غلبتو شكرا بكرا لعبتو داخ ودوختو هدي مش قدي وانا قبلت التحدي فتنا بالعبة كبيرة بروح رياضية فوتنا جوال كتير فيك وفيي عبينا وما تعبينا ما تعبنا ولا طبينا برئا وحنية جول فوتنا جول جول حطيتو فيي وعبيتو فوت الجول
0481,Abdul Baset Al-Sarout,حانن للحرية حانن (2013) (Hannen Lal Houriyeh Hannen (2013)),Levantine,حانن للحرية حانن يا شعب ببيتو مش آمن حانن للحرية حانن يا شعب ببيتو مش آمن كبار صغار منعرف انو يللي بيقتل شعبو خاين كبار صغار منعرف انو يللي بيقتل شعبو خاين حرية مطلب هالناس حمص و درعا و بانياس حرية مطلب هالناس حمص و درعا و بانياس و الكرامة ما بتنداس و يللي بيقتل شعبو خاين حمص العدية فوق الراس و يللي بيقتل شعبو خاين الله يا رب الجبار فرج ع كل الأحرار الله يا رب الجبار فرج ع كل الأحرار و رب الشبيحة بشار و مالنا غيرك يا الله و رب الشبيحة بشار و مالنا غيرك يا الله بروتوكولك عم يقتلنا يا عالم شو عم تستنا بروتوكولك عم يقتلنا يا ريڤو شو عم تستنا جيب قادمون و تعا لعِّنّا و مالنا غيرك يا الله جيب قادمون و تعا لعِّنّا و مالنا غيرك يا الله من بلد الوليد خالد كلماتو معناها خالد من بلد الوليد خالد كلماتو معناها خالد طلبنا و الطلب خالد مالنا غيرك يا الله طلبنا و الطلب خالد و مالنا غيرك يا الله تبكي الثكالى ما تنام الله بيكفل الأيتام تبكي الثكالى ما تنام الله بيكفل الأيتام جزاءٍ من الله و وسام و مالنا غيرك يا الله جزاءٍ من الله و وسام و مالنا غيرك يا الله مالنا غيرك يا الله يا ربي مالنا غيرك مالنا غيرك يا الله يا ربي مالنا غيرك و يا رب الشعب ناداك مالنا غيرك يا الله و يا رب الشعب ناداك مالنا غيرك يا الله نحنا ما نحتاج النيتو نحنا نجيبوا من نص بيتو نحنا ما نحتاج النيتو نحنا نجيبوا من نص بيتو يا ريتو يفهم يا ريتو و مالنا غيرك يا الله يا ريتو يفهم يا ريتو و مالنا غيرك يا الله إرحل عنا يا كذاب بيكفي جُرحى و عذاب إرحل عنا يا كذاب بيكفي جُرحى و عذاب والله النصر عالِبواب و مالنا غيرك يا الله والله النصر عالِبواب و مالنا غيرك يا الله
0482,Shiraz,Gamara,Levantine,انا عن نفسي بعيش مع نفسي وقافلة بيباني بجد شايفة الكون من ورا نضارتي وسياستي اني ماليش رد بظبط ساعتي حدود وبطبيعتي اصل انا بعشق فوق الحد واللي عايزني يجيني يجيني علشان انا مبروحش لحد قمرة بدور على نجمات الليل وبزوقهم بالفرح قمرة بنور ليل العاشقين واسهر اغنيلهم للصبح احزن ممكن ازعل يمكن بس ماخونش العيش والملح ايوة في طيبتي وفي جدعتني ديما واخدة علامة صح قمرة بحب الفن يا دينا وبغنيه انا طول عمري طول الوقت يقولو عليا فنانة كده من صغري واما بدندن ايوة بجنن وبسهر في الليل قمري قمرة واما بغني واسلطن قمر الليل يطلع بدري
0483,Fairuz,ستي يا ستي (Setty Ya Setty),Levantine,ألو.. ألو.. كحلون ؟  ستي ؟ ستي يا ستي اشتقت لك يا ستي علّي صوتك صوتك بعيد جايي من الكرم جايي من التفاح صوتك حامل شمس وفيي لون التين والزيتون ايـــــــــــــــــــــه وريحة الطيّون يا ستي ايه يا ستي ما حدا ينطرني لا تأجلوا العرس يمكن طول وشو هم الفستان قولي للعروس: إنت الزينة وإنت العرس وسلمي لي كــتـــيــــــر كــتـــيــــــر وما بقى بكير يا ستي بذكر الليالي الطويلة .. وأنا طفلة بالزمان .. وقصص الشتا يحكي لي .. صوتك اللي كله أمان بذكر الليالي الطويلة .. وأنا طفلة بالزمان .. وقصص الشتا يحكي لي .. صوتك اللي كله أمان ايه يا ستي شو بقول لك يا ستي؟ إنتو بقلبي وقولوا زيون جاي وما انها جايي هون وما اناش هون عم بتغني للعروس وللعريس بالســــاحـــــات ومن خلف الطرقات يا ستي الو  الو  .. انقطع الخط
0484,Abdul Baset Al-Sarout,حانن للحرية حانن (2011) (Hannen Lal Houriyeh Hannen (2011)),Levantine,حانن للحرية حانن لشعب ببيتو مش آمن حانن للحرية حانن لشعب ببيتو مش آمن كبار صغار منعرف انو يللي بيقتل شعبو خاين كبار صغار منعرف انو يللي بيقتل شعبو خاين يا غيّر يا إما تغيّر يا خلي شعبك يتحرر يا غيّر يا إما تغيّر يا خلي شعبك يتحرر و هاي الفرصة ما بتتكرر و يللي بيقتل شعبو خاين و هاي الفرصة ما بتتكرر و يللي بيقتل شعبو خاين الحرية مطلب هالناس حمص و درعا و بانياس الحرية مطلب هالناس حمص و درعا و بانياس و الكرامة ما بتنداس و يللي بيقتل شعبو خاين حمص العدية فوق الراس و يللي بيقتل شعبو خاين سكينك ما عادت تجرح لشعبك ما عادت تصلح سكينك ما عادت تجرح لشعبك ما عادت تصلح و إن شاء الله بقلبه تدبح و يللي بيقتل شعبو خاين و إن شاء الله بقلبه تدبح و يللي بيقتل شعبو خاين من الله عم نطلب حماي بدك ترحل بالصرماي من الله عم نطلب حماي بدك ترحل بالصرماي و هادا مطلب مو غناي و يللي بيقتل شعبو خاين و هادا مطلب مو غناي و يللي بيقتل شعبو خاين بروتوكولك عم يقتلنا يا عالم شو عم تستنا بروتوكولك عم يقتلنا يا عالم شو عم تستنا جيبو الناتو وتعال عنا و اللي بيقتل شعبو خاين رب العالم من غيره إلنا و اللي بيقتل شعبو خاين حانن للحرية حانن لشعب ببيتو مش آمن حانن للحرية حانن لشعب ببيتو مش آمن كبار صغار منعرف انو يللي بيقتل شعبو خاين كل الحمصية بتعرف انو يللي بيقتل شعبو خاين مسرحيتك خلصت كلا عن البياضة ما نتخلى مسرحيتك خلصت كلا عن البياضة ما نتخلى رجال سوريا هتفت كلا يللي بيقتل شعبو خاين رجال البياضة هتفت كلا يللي بيقتل شعبو خاين حانن للحرية حانن لشعب ببيتو مش آمن حانن للحرية حانن لشعب ببيتو مش آمن كبار صغار منعرف انو يللي بيقتل شعبو خاين كبار صغار منعرف انو يللي بيقتل شعبو خاين
0485,Wael Kfoury,بعتذر منك (Be3tezir Mennik),Levantine,ما عرفت قيمة غيابك الا لما رحتي هربتي يمكن من عذابي ويمكن انجرحتي بعتذر منك يا حياتي عن كل اللي صار ع غيابك صاروا دمعاتي يطفو بقلبي النار بعتذر منك يا حياتي عن كل اللي صار ع غيابك صاروا دمعاتي يطفو بقلبي النار القصة صارت مش ب ايدي يا حبيبة عمري الوحيدي بركي منفتح صفحة جديدة ومننسى اللي صار كتير اشتقتلك ما فيي عنك ضلّ بعيد وتشوفك غمض عينيّي كل ما الشوق يزيد كتير اشتقتلك ما فيي عنك ضلّ بعيد وتشوفك غمض عينيّي كل ما الشوق يزيد ما اشتقتي تغفي على كتفي خلّينا مع بعض نكفّي ونرجع نفتح صفحة جديدة صفحة جديدة القصة صارت مش ب ايدي يا حبيبة عمري الوحيدي بركي منفتح صفحة جديدة ومننسى اللي صار بعتذر منك
0486,Nancy Ajram,كان عمري عشرة (Kan Omri Ashra),Levantine,كان عمري عشرة وآخد عشرة على عشرة وهلق صرت بصف الحب بحب بتقوى وخوف الرب وباخد عشرة على عشرة ربي سبحانو كارمني ومقويني واكتر بكتير ما بستاهل عاطيني وكل ما جرب يفحصني ما بنسى شو مدرسني وباخد عشرة على عشرة قلبي مشيتو دروب بعيدة وطويلة حصاني دربتو بين خيول الاصيلة وكل ما بيسنده ميداني بمشي حصاني وباخد عشرة على عشرة
0487,Nancy Ajram,على علمي (Aala Elmi),Levantine,على علمي إنك ما بتغار طيّب شو صار شو اللي تغيّر بنهار ؟ على علمي إنك ما بتجن و من نظرة من كلمة عم تولع نار صح إني يا حبيبي مش ملاك بس قلبي بدو ياك و على طول صح إنو ياما ناس بتغدر ناس بس إني إجرح قلبك مش معقول على فكرة زايد فيك الشك عم تخلق فيك عقدة ولازم تنفك أنا لو بقعد وحدي بالبيت ما بستغرب عادي تغار من الحيط
0488,Mohanad Zaiter,الله يعطيني خيرك (Allah Ya3teene Khayrak),Levantine,خلص المشوار وجاي تكرّمني وتعلّقلي نيشان غيابك عني وتقلّي بستاهل أحسن منك وألف مين بيتمنى يعشقني شو هالتواضع فجأة يا غالي (يا غالي) جاي تعرّفني عقيمة حالي (حالي) حالي رخّصته يوم الحبيتك (الحبيتك) يا خسارة ثقتي وسهر الليالي أنا ما بدي يستاهلني غيرك، الله يعطيني خيرك هالحكي مش من راسك في حدا عم بيديرك وبعيونك نظرة ضعيفة وجبانة، في تطليعة خيانة شو بدي باللي حكيته لك طلّعلي كل الحكي الجواني أنا ما بدي يستاهلني غيرك، الله يعطيني خيرك هالحكي مش من راسك (في حدا عم بيديرك) وبعيونك نظرة ضعيفة وجبانة، في تطليعة خيانة شو بدي باللي حكيته لك طلّعلي كل الحكي الجواني بشرفك ما بتخجل من لمسة إيدي ومن موقف صعب ومن كذبة جديده جاي تسمّعني الحكي التقليدي اللي كنا نضحك إذا غيرك قاله برم الدولاب وجيت الخبريه بكل عين وقحة تخبّرني هيي أنا عم ببرم وجّي وإفرُك عينيي لو قلبي يوقف هلق أحلى له وما بدي يستاهلني غيرك، الله يعطيني خيرك هالحكي مش من راسك في حدا عم بيديرك وبعيونك نظرة ضعيفة وجبانة، في تطليعة خيانة شو بدي باللي حكيته لك طلّعلي كل الحكي الجواني يا دمي أنا ما بدي يستاهلني غيرك، الله يعطيني خيرك هالحكي مش من راسك في حدا عم بيديرك وبعيونك نظرة ضعيفة وجبانة، في تطليعة خيانة شو بدي باللي حكيته لك طلّعلي كل الحكي الجواني
0489,Syrian Military & Patriotic Songs,"إرفع راسك فوق، إنت سوري حر (Erfaa' Rasak Foug, Enta Souri Horr)",Levantine,إرفع راسك فوق، إنت سوري حر إرفع راسك فوق، إنت سوري حر (إرفع راسك فوق، إنت سوري حر إرفع راسك فوق، إنت سوري حر) إرفع راسك فوق فوق فوق، إنت سوري حر إرفع راسك فوق، إنت سوري حر إرفع راسك فوق، إنت سوري حر (حر) إرفع راسك فوق، إنت سوري حر إرفع راسك لا لَلذِلّة و عن أرضك لا ما تتخلى (إرفع راسك لا لَلذِلّة و عن أرضك لا ما تتخلى) إرفع راسك لا لَلذِلّة و عن أرضك لا ما تتخلى (إرفع راسك لا لَلذِلّة و عن أرضك لا ما تتخلى) لا تركع إلا لــ الله إنت سوري حر لا تركع إلا لــ الله إنت سوري حر فوق إرفع راسك فوق، إنت سوري حر (حر) إرفع راسك فوق، إنت سوري حر إرفع راسك فوق، إنت سوري حر (فوق، فوق) إرفع راسك فوق، إنت سوري حر إرفع راسك، إحمي بلادك إحمي أرضك، أرض ولادك (إرفع راسك، إحمي بلادك إحمي أرضك، أرض ولادك) إرفع راسك، إحمي بلادك إحمي أرضك، أرض ولادك (إرفع راسك، إحمي بلادك إحمي أرضك، أرض ولادك) هالأرض موروثِ جدادك إنت سوري حر هالأرض موروثِ جدادك إنت سوري حر فوق إرفع راسك فوق، إنت سوري حر (حر) إرفع راسك فوق، إنت سوري حر إرفع راسك فوق (فوق)، إنت سوري حر (إنت سوري حر) إرفع راسك فوق، إنت سوري حر إرفع راسك، صوتك إرفع خَلّي كل العالم يسمع (إرفع راسك، صوتك إرفع خَلّي كل العالم يسمع) إرفع راسك، صوتك إرفع خَلّي كل العالم يسمع (إرفع راسك، صوتك إرفع خَلّي كل العالم يسمع) ما يهمك رصاص و مدفع إنت سوري حر ما يهمك رصاص و مدفع إنت سوري حر فوق إرفع راسك فوق، إنت سوري حر (إرفع راسك فوق) إرفع راسك فوق، إنت سوري حر إرفع راسك فوق (فوق فوق)، إنت سوري حر (إنت سوري) إرفع راسك فوق، إنت سوري حر إحمي بلادك فرض و سُنّة هاذي الأرض ليك و إلنا (إحمي بلادك فرض و سُنّة هاذي الأرض ليك و إلنا) إحمي بلادك فرض و سُنّة هاذي الأرض ليك و إلنا (إحمي بلادك فرض و سُنّة هاذي الأرض ليك و إلنا) الشعب لعيونك غَنَّى الشعب لعيونك غَنَّى (هِيّ هِيّ هِيّ هِيّ هِيّ هِيّ هِيّ) جيشنا جيش الوطن يِسْلَم جيش الأحرار سَمّوك الجيش الحر و حامي العرين و الدار جيشنا جيش الوطن يِسْلَم جيش الأحرار سَمّوك الجيش الحر و حامي العرين و الدار و الجيش يحيي الله و الجيش يحيي الله (و الجيش يحيي الله و الجيش يحيي الله) جيشنا جيش الحق و منصور بعون الله جيشنا جيش الحق و منصور بعون الله إرفع راسك فوق، إنت سوري حر إرفع راسك فوق، إنت سوري حر إرفع راسك فوق، إنت سوري حر إرفع راسك فوق، إنت سوري حر (إنت الجيش الحر) إرفع راسك فوق، إنت سوري حر إرفع راسك فوق، إنت الجيش الحر إنت سوري حر إنت سوري حر (إنت الجيش الحر) إنت سوري حر (إنت الجيش الحر) إنت سوري حر
0490,Nancy Ajram,إنسى‎ (Ensa),Levantine,شوية وجع إنسى شوية دمع إنسى إنتَ ومعي بحس بقوّة مهما الدني عليي تقسى إنتَ اللي كلامو قوّاني حدّي بفرحي و أحزاني ما بتطلع منّي من بعدك كلمة حبيبي لحدا تاني ما عم زيدا و لا شويِّ إنتَ أقرب منّي ليِّ و كل الكلام اللي عم قولو مش نقطة ببحر اللي فيِّ شوية زعل إنسى همّ و تعب إنسى كل شي بيهون إنتَ وحدّي كل الدني بإيدي بحسّا إنتَ اللي كلامو قوّاني حدّي بفرحي و أحزاني ما بتطلع منّي من بعدك كلمة حبيبي لحدا تاني ما عم زيدا و لا شويِّ إنتَ أقرب منّي ليِّ و كل الكلام اللي عم قولو مش نقطة ببحر اللي فيِّ
0491,Mohanad Zaiter,انا الخيلَ (Ana El Khela),Levantine,انا الخيلَ والليل والبيداء يشهدلي السهر انا الطير مسويله خير لبعد النظر انا الخيلَ والليل والبيداء يشهدلي السهر انا الطير مسويله خير لبعد النظر سكينة تذبحني بليلة عاشرت القهر قصة الف ليلة وليلة حكايتها قلبي انكسر سكينة تذبحني بليلة عاشرت القهر قصة الف ليلة وليلة حكايتها قلبي انكسر الغدرا تهد الحيل مين المتلي صبر اقرب الناس يا ويلا صاروا كان بخبر انا الخيلَ والليل والبيداء يشهدلي السهر انا الطير مسويله خير لبعد النظر خير لبعد النظر
0492,Hoda Haddad,كيف حال الشجر (Kīf ḥāl al-shajar),Levantine,كيف حال الشجر كيف حال الطريق أنا مشتاقة لأهلي وللبيت العتيق كيف حال الدني وكيف حال الابواب يا خوفي ينسوني وياخدني الغياب درجك سفر عيوني ودواليكي مواعيد لياليكي ندهوني وقمرك عني بعيد درجك سفر عيوني ودواليكي مواعيد لياليكي ندهوني وقمرك عني بعيد ولما الحكي ينده حكي بساعات السهر الطويلة إسألي عني إسألي عني وحاكيني من بعيد وقوليلي : كيف حال الشجر كيف حال الطريق أنا مشتاقة لأهلي وللبيت العتيق كيف حال الدني وكيف حال الابواب يا خوفي ينسوني وياخدني الغياب
0493,Nej',ياي سحر عيونه (Yay Seher Oyounoh),Levantine,ماادري كيف ووين وحسيت بأمان عمري اللي كان قاسي بعمري صار بلحظه كان ماادري كيف ووين وحسيت بأمان عمري اللي كان قاسي بعمري صار بلحظه كان كلمه وصار قلبي بكلمه نار علي نار بسمه ع بسمه قلبي احتار نساني اسمي ماادري كيف ووين كلمه وصار قلبي بكلمه نار علي نار بسمه ع بسمه قلبي احتار نساني اسمي ماادري كيف ووين ماادري كيف ووين ماادري كيف ووين ماادري كيف ووين ماادري كيف ووين ياي سحر عيونه ونظراته اول ما اتلاقينا عين بعين ياي شو مهضومه كلماته دبت في كلمه كيف لو كانو اتنين حب جنون انا قلبي حبه دوبني الغرام وهوه داب سلملي قلبه و ضحكتلي الايام حب جنون انا قلبي حبه دوبني الغرام وهوه داب سلملي قلبه و ضحكتلي الايام كلمه وصار قلبي بكلمه نار علي نار بسمه ع بسمه قلبي احتار نساني اسمي ماادري كيف ووين ماادري كيف ووين ماادري كيف ووين ماادري كيف ووين
0494,Wael Kfoury,انتي بعيوني (Enti Bi3youni),Levantine,انتي بعيوني بعيوني لو مهما كلّن لاموني بتبقي بعيوني انتي بعيوني بعيوني لو مهما كلّن لاموني بتبقي بعيوني وعدي إلك ما تخافي حبّك أكتر وعدي إلك ما تخافي حبّك أكتر ولغيرك مش رح كون إنساكي شو مجنون حتّى النسيان حتّى النسيان حتّى النسيان مش رح ينسى بيتذكّر حبّي وحبّك متل الشمس متل الشمس العم تغرق وقت البتموت بذات اللحظة عم ترجع تخلق هيدا يا حبيبي قدرنا وتنهرب منو ما منقدر حبّي وحبّك متل الشمس متل الشمس العم تغرق وقت البتموت بذات اللحظة عم ترجع تخلق هيدا يا حبيبي قدرنا وتنهرب منو ما منقدر كلّن بيفلو بيفلو وقلبي مع قلبك بيضلو للعمر كلو كلّن بيفلو بيفلو وقلبي مع قلبك بيضلو للعمر كلو وعدي إلك ما تخافي حبّك أكتر وعدي إلك ما تخافي حبّك أكتر ولغيرك مش رح كون إنساكي شو مجنون حتّى النسيان حتّى النسيان حتّى النسيان مش رح ينسى بيتذكّر حبّي وحبّك متل الشمس متل الشمس العم تغرق وقت البتموت بذات اللحظة عم ترجع تخلق هيدا يا حبيبي قدرنا وتنهرب منو ما منقدر حبّي وحبّك متل الشمس متل الشمس العم تغرق وقت البتموت بذات اللحظة عم ترجع تخلق هيدا يا حبيبي قدرنا وتنهرب منو ما منقدر
0495,Fairuz,على دلعونا (Ala Dal'ona),Levantine,على دلعونا على دلعونا راحوا الحبايب ما ودعونا على دلعونا على دلعونا راحوا الحبايب ما ودعونا حبك يا قلبي من السفر لافي حيد عالدرب وقل له عوافي نوقف نتحاكى تحت الصفصافة ونسم يا هوا ع اللي يحبونا على دلعونا على دلعونا راحوا الحبايب ما ودعونا يا طير الطاير قل له مشتاقة وبدي من زهوري ودي لــه باقة يا طير وقل له بكرا منتلاقى ومش رح ننساكم يا اللي نسيتونا على دلعونا على دلعونا راحوا الحبايب ما ودعونا ـــــ على دلعونا على دلعونا راحوا الحبايب ما ودعونا على الماني عالماني قتلني وعاود رضاني بضل  بحبك يا أسمر إن عشت وربي خلاني شفت الماني بضهر الشير وقال لي بعده الورد صغير والله لاخـــدها وطـــير وتلي هــــالارض غـــناني على الماني عالماني قتلني وعاود رضاني بضل  بحبك يا أسمر إن عشت وربي خلاني يا غزيل يا بوالهيبة يا هاوي يا معذبها شربة مية من ايدها يا عيوني ما اطيبها يا غزيل يا بوالهيبة يا هاوي يا معذبها يا بنية هاتي الفرس والبارودة والعبا يا غزيل قل له قل له بارحل يا اما بضل له لو طال الزمان كله غيرك ما اني مصاحبة يــــا غزيلة ال عالنهر طقي وموتي من القهر فاضل لي عندك شــهر ومســـــافر بالمركبة أوف يابا أوف يابا أووف يا هلا
0496,Syrian Military & Patriotic Songs,سدد يا ابن الجيش الحر (Sadded Yabn El Jaysh El Horr),Levantine,(سدد يا ابن الجيش الحر) سدد يا ابن الجيش الحر قاوم محتل بلادك خليهم يذوقوا المر من عزمك من ضرباتك سدد يا ابن الجيش الحر قاوم محتل بلادك خليهم يذوقوا المر من عزمك من ضرباتك سدد يا ابن الجيش الحر قاوم محتل بلادك خليهم يذوقوا المر من عزمك من ضرباتك إضرب خلي العادي يفر ما يصمد يوم قبالك سوريا تنادي يا حر الله محيي أرتالك عشنا زمن الاحتلال يا جيش بلادي المنصور زلزلهم بالبوكمال فرح هالشعب المقهور إنت اللي خلفك أبطال يكتبها التاريخ سطور دوس بأرضك عالأنذال و إفتح للمحتل قبور بالساحل إحشد ما تهاب وريهم عزم الأحرار بالتاو إتحدى الأذناب و تقدم على خط النار قلهم بالساحل شباب جند المولى و جند الدار يضرب ليها ألف حساب و تحطم راس الأشرار سدد يا ابن الجيش الحر قاوم محتل بلادك خليهم يذوقوا المر من عزمك من ضرباتك إضرب خلي العادي يفر ما يصمد يوم قبالك سوريا تنادي يا حر الله محيي أرتالك من درعا تخطينا الصعب ما هُنّا رغم الإجرام نقذف بالغازين الرعب نكويهم بالإقتحام يللي بناري يلعب لعب يضربنا بكيماوي سام رح نمحيه عن وجه الأرض نرمي جنوده بالأقدام نرمي جنوده بالأقدام يا حلب نصرك موعود يا شهبا يا أم الأحرار مهما جابوا عليكي حشود صُدّيها و قودي المشوار مادام رجالك بتجود لله المولى الجبار راية أرض الشام تعود و تتزين جدران الدار سدد يا ابن الجيش الحر قاوم محتل بلادك خليهم يذوقوا المر من عزمك من ضرباتك إضرب خلي العادي يفر ما يصمد يوم قبالك سوريا تنادي يا حر الله محيي أرتالك يا حماة يا بنت الدين يا مصنع مجد الأبطال مانسينا إتنين و تمانين و دم الشهداء و الأطفال إحنا اللي صبرنا سنين عالمجازر و الأغلال قسماً راجعين لك راجعين نمسح عار الإحتلال من حمص خُضنا التكبير عاهدنا لا لا ما نحيد رغم الظلم و التهجير ما نخونك يا أغلى شهيد هاي أرتال الحر تسير أحفادك يا ابن الوليد تمضي على درب التحرير تبني سوريا من جديد آاااه من جديد سدد يا ابن الجيش الحر قاوم محتل بلادك خليهم يذوقوا المر من عزمك من ضرباتك إضرب خلي العادي يفر ما يصمد يوم قبالك سوريا تنادي يا حر الله محيي أرتالك جايينك يا دير الزور و بعون الله منصورين بالشرقية، رجال الحر عزم وقوة ما بتلين يا داعش جاييكي الدور غدرك ما ينسى بسنين يا تجار النفط و جُر جايين ننحرر جايين جايين ننحرر جايين جايين
0497,Assala Nasri,سورية جنة (Souriya Janneh),Levantine,إرفع راسك فوق إنت سوري حر إرفع راسك فوق إنت سوري حر إرفع راسك فوق إنت سوري حر إرفع راسك فوق إنت سوري حر سوريا جنة و الفرح سوري يا ياسمينة معانقة الجوري منكتب ع حيطانك منحبك يا وطني الغالي منحبك سوريا جنة و الفرح سوري يا ياسمينة معانقة الجوري منكتب ع حيطانك منحبك يا وطني الغالي منحبك سوريا واحدة و للكل من هالأرض ما منفل ما في حدا يفرقنا منراهن ع وحدتنا من الأول قلنا و منعيد هالأرض لشعبا بتضل سوريا واحدة و للكل من هالأرض ما منفل ما في حدا يفرقنا منراهن ع وحدتنا من الأول قلنا و منعيد هالأرض لشعبا بتضل سوريا جنة و الفرح سوري يا ياسمينة معانقة الجوري منكتب ع حيطانك منحبك يا وطني الغالي منحبك إلنا الأرض و إلنا الدار و ال بيحبوا بلادي كتار بهمتهن منعمرها و منجبر بخاطرها منقلبها أحلى جنة و متلا بهالدنيا ما صار إلنا الأرض و إلنا الدار و ال بيحبوا بلادي كتار بهمتهن منعمرها و منجبر بخاطرها و منقلبها أحلى جنة و متلا بهالدنيا ما صار سوريا جنة (سورية) و الفرح سوري (سوري) يا ياسمينة (يا ياسمينة) معانقة الجوري (الجوري) منكتب ع حيطانك منحبك يا وطني الغالي منحبك إرفع راسك فوق إنت سوري حر إرفع راسك فوق إنت سوري حر
0498,Mohanad Zaiter,ساعة الشيطان (Sa3at Alshaytan),Levantine,صارت سيرتنا على كل لسان حبك جرح قلبي وإحساسي منترك منرجع ما حدا عرفان أيمَـتا يهني وأيمَــتا يواسي وبعترف إني بساعة الشيطان مثلت إني كرهتِك وناسي المدمن طبيعي ينكر الإدمان ويقول بطّلت ونضِف راسي ويا ريت فيي بطّل حب عينيكي البتسطّل انا يوم البتغيبي قلبي بيترك شغلو وبيعطّل بيدوّر عاشغل عندِك بيداوم كيف ما بدِك بيحرسلِك قلبِك نهاراً ليلاً غمازة خدِك ويا ريت فيي بطّل حب عينيكي البتسطّل انا يوم البتغيبي قلبي بيترك شغلو وبيعطّل بيدوّر عاشغل عندِك بيداوم كيف ما بدِك بيحرسلِك قلبِك نهاراً ليلاً غمازة خدِك دموع الزعل تنذَكَر ما تنعاد عبّت تيابي وبلّـِت قماشا انصبنا بِ عين وغيرة الحسّاد سَــحَـبِت عا هيدا الحب رشّـاشا واللي قالولِك هيدا لعب ولاد هيدي علاقة الكون ما عاشا ما كنت باشا لما كنا بعاد يوم اللي حبيتِك صرت باشا ويا ريت فيي بطّل حب عينيكي البتسطّل انا يوم البتغيبي قلبي بيترك شغلو وبيعطّل بيدوّر عاشغل عندِك بيداوم كيف ما بدِك بيحرسلِك قلبِك نهاراً ليلاً غمازة خدِك ويا ريت ويا ريت فيي بطّل حب عينيكي البتسطّل انا يوم البتغيبي قلبي بيترك شغلو وبيعطّل بيدوّر عاشغل عندِك بيداوم كيف ما بدِك بيحرسلِك قلبِك نهاراً ليلاً غمازة خدِك
0499,National Anthems & Patriotic Songs,نشيد نصر العرب (Nashid Nasr alArab),Levantine,ع دروب النصر مشينا جبنا الامجاد و جينا ما في قوة بتهزمنا ما في قوة بتلغينا نصــــر العـــــرب سيــــف الغضب مجد الرسالة اللي انكتب والدم اللي بالأرض انسكب أرض الفـــــــــــــــــــــدا بمــــــــوت العـــــــــــدا ع الكون شموس شرقنا حلم امبارح حقننا نحنا للحب اخلقنا نحنا ع الحب اربينا نصــــر العـــــرب سيــــف الغضب مجد الرسالة اللي انكتب والدم اللي بالأرض انسكب أرض الفـــــــــــــــــــــدا بمــــــــوت العـــــــــــدا ع الليل تمرد فارس و سيوفو النجم تلامس صان ترابو ارض حبابو ع بواب بلادي حارس نصــــر العـــــرب سيــــف الغضب مجد الرسالة اللي انكتب والدم اللي بالأرض انسكب أرض الفـــــــــــــــــــــدا بمــــــــوت العـــــــــــدا
0500,Christmas Carols,اشيدو النشيد (Ashidu An-nashida),Levantine,اشيدوا النشيد واوفوا العهود وادوا السجود لفادي الانام فافي بيت لحم ترون المسيح هلموا نسجد له هلموا نسجد له هلموا نسجد معاً لفادي الانام اله قدير مليك نصير ورب كبير جليل المقام فافي بيت لحم ترون المسيح هلموا نسجد له هلموا نسجد له هلموا نسجد معاً لفادي الانام كطفل صغيرٍ وديع فقيرٍ بمهدٍ حقيرٍ بدا للانام فافي بيت لحم ترون المسيح هلموا نسجد له هلموا نسجد له هلموا نسجد معاً لفادي الانام رجاء الشعوب عزاء القلوب بحب دؤوب حبانا المرام فافي بيت لحم ترون المسيح هلموا نسجد له هلموا نسجد له هلموا نسجد معاً لفادي الانام
0501,Adonis Band,جيت كرمالك (Jeet Kermalak),Levantine,أنا بصراحة، جيت كرمالك جريت صحابي، وجيت كرمالك بعدا السهرة بأولا بعرف مش قصدك تتجاهلني ظروفك بجهلها وما دخلني بس عندك نظرة بتحسسني إنو لازم قوم وسلم عندك نوعية من الجمال ما بتشبه ولا أي جمال عبالي إخفيك عن كل الأنظار إذا بينعطاني مجال والعالم كلا ل حواليك متل النحل بتتجمع تسأل ع اللون ل بعينيك، عسل ذهبي وعم يلمع أنا بشوف فيها لون طفولتي، ومستقبلي وفرصة سعادة يمكن ما تنعاد شكلي رح قوم عرفك عن حالي قلك مش عم بتروح عن بالي شكلك مستغربني، مرا وعم تعمل أول خطوة، بتعرف أول مرة بعملا بس عندك كمية من الجمال مش شايفة متلا بالخيال عبالي إخفيك عن كل الأنظار إذا بينعطاني مجال والعالم كلا ل حواليك متل النحل بتتجمع تسأل ع اللون ل بعينيك، عسل ذهبي وعم يلمع أنا بشوف فيها لون طفولتي، ومستقبلي وفرصة سعادة يمكن ما تنعاد
0502,Fadia Al Haj,نزلت عنا تسأل حلوة سمرة (Nezlet Anna Tes'al Helwa Samra),Levantine,نزلت عنا تسأل حلوه سمرة وغنت نغمة فيها ليالي وذكرى موال .. نغمات وجنة ومطارح غنت سمره عالبال ميلي بألوانك يافراشة خضرة تحت الليل وبالعتمات السمرا وقلوب .. تندهلك حني والحب تغني حولك وتدور ياحبيبي ليالي نطرتك أنا .. ليالي ياحبيبي عبالي ليالي الهنا عبالي قلت بتمرق يوم وبتناديني بمخابي الأحلام الزرقة بتخبيني لفات .. مسحورة فيها قصة ترويها  .. عيون الغمزات ميلي بألوانك يافراشة خضرة تحت الليل وبالعتمات السمرا وقلوب .. تندهلك حني والحب تغني حولك وتدور نزلت عنا تسأل حلوه سمرة وغنت نغمة فيها ليالي وذكرى موال .. نغمات وجنة ومطارح غنت سمره عالبال ياحبيبي ليالي نطرتك أنا .. ليالي ياحبيبي عبالي ليالي الهنا عبالي قلت بتمرق يوم وبتناديني بمخابي الأحلام الزرقة بتخبيني لفات .. مسحورة فيها قصة ترويها  .. عيون الغمزات ميلي بألوانك يافراشة خضرة تحت الليل وبالعتمات السمرا وقلوب .. تندهلك حني والحب تغني حولك وتدور
0503,Khaled El Haber,أبانا الذي في السما (Abana Alladhi Fi-s-Sama),Levantine,أبانا الذي في السما أنت على رأسي إنما عندي كلام فيه كام سؤال بها العمر اجتمعوا براسي من القهر والانهزام أبانا الذي في السما أنت على رأسي إنما عندي كلام فيه كام سؤال بها العمر اجتمعوا براسي من القهر والانهزام ما هيدا امبارح كان ولد كيفه بلع كل البلد أول سؤال إمبارح أخونا كان فقير هلا ثيابه من حرير ثاني سؤالي ما هيدا امبارح كان ولد كيفه بلع كل البلد أول سؤال إمبارح أخونا كان فقير هلا ثيابه من حرير ثاني سؤالي ليش العرب بعد النفط صارت حضارتهم زفت ثالث سؤال كيف العدالة بتنعدم عندنا الحرية بتنحرم رابع سؤال كيف بيخلق واحد زعيم والثاني ما عنده مليم خامس سؤال كيف اليهودي مضطهد ما هو سارقلي بلد هون السؤال أبانا الذي في السما أنت على رأسي إنما عندي كلام فيه كام سؤال بها العمر اجتمعوا براسي من القهر والانهزام كيف العراقي بينقتل ما قالوا حرية وعدل سابع سؤال ليش الضمير بيحتضر عنا وبيظله مستتر ثامن سؤال كيف الأميركاني حكم هيدا الغبي بين الأمم تاسع سؤال ليش الفتك فينا حلال فكرلي بهذا السؤال عاشر سؤال هيدي وصايا يا أبي أرشف وصفد مكتبي كي لا تزال أبانا الذي في السماء أنت ع رأسي إنما عندي كلام أبانا الذي في السماء انت إلهي إنما هذا حرام وأخيرا ليس أخرا ما يطلع حكي نافرا وأخيرا ليس أخرا ما يطلع حكي نافرا أو تعتبرني كافرا اتطلع في يا أبي ساعدني خطيي يا أبي عليك السلام.. عليك السلام.. عليك السلام.. أبانا الذي في السماء هذا حرام هذا حرام هذا حرام
0504,Fadel Chaker,الشام فتح (El Sham Fattah),Levantine,دوري يا فرحة ع الحبايب دوري الشام فَتَّح ياسمين وجوري وجراح صارلها … عمر عم تكوينا طابت وراح بتطيب … لأنك سوري دوري يا فرحة ع الحبايب دوري الشام فَتَّح ياسمين وجوري وجراح صارلها … عمر عم تكوينا طابت وراح بتطيب … لأنك سوري لا بعاد بيفرقنا لا بحر بيغرقنا إحنا ولادك جينا يا شامنا ضمينا لا بعاد بيفرقنا لا بحر بيغرقنا إحنا ولادك جينا يا شامنا ضمينا دوري يا فرحة ع الحبايب دوري الشام فَتَّح ياسمين وجوري وجراح صارلها … عمر عم تكوينا طابت وراح بتطيب … لأنك سوري قالوا إنتهت، قلنا بلاد عتيقة ما بتنتهي بس كان فيها ضيقة قالوا إنتهت، قلنا بلاد عتيقة ما بتنتهي بس كان فيها ضيقة الظلم متل الليل مهما طول بعده بتشرق شمسنا الحقيقة الظلم متل الليل مهما طول بعده بتشرق شمسنا الحقيقة لا بعاد بيفرقنا لا بحر بيغرقنا إحنا ولادك جينا يا شامنا ضمينا لا بعاد … لا بحر بيغرقنا إحنا ولادك جينا يا شامنا ضمينا دوري يا فرحة ع الحبايب دوري الشام فَتَّح ياسمين وجوري وجراح صارلها … عمر عم تكوينا طابت وراح بتطيب … لأنك سوري
0505,Lena Chamamyan,يا طيرة (شارة مسلسل ليالي روكسي) (Ya Tira),Levantine,يا طيرة طيري يا حمامة وانزلي بدمّر والهامة هاتي لي من ِحبي علامة ها الأسمر أبو الخال يا طيرة طيري بوادينا واحكي له ع اللي مجافينا يا طيرة طيري بوادينا واحكي له ع اللي مجافينا قولي له هجرك كاوينا يا أسمر يا بو الخال أنا على ديني جننتيني أنا على ديني جننتيني على دين العشق حرام والله أنا على ديني جننتيني أنا على ديني جننتيني أنا على ديني جننتيني أنا على ديني جننتيني على دين العشق حرام والله قولي له هجرك كاوينا يا أسمر يا أبو الخال يكفي عذابي حرام حرام والله
0506,Carole Aoun,حنين (Haneen),Levantine,من يومين تذكرتك غمرني الحنين مدري ليش خطرت ببالي من بعد غياب سنين ولقيت حالي عم بسأل حالي بعده مذكر ولا نسي يا ترى بيخطر ب باله خيالي ولا البعد خلاه قسي ولقيت حالي عم بسأل حالي بعده مذكر ولا نسي يا ترى بيخطر ب باله خيالي ولا البعد خلاه قسي بتذكره واقف قبالي وجهه حلم عيونه جنون تفارقنا وما أجا ب بالي ما أرجع أتلاقى ب هالعيون أغراب كنّا وبديت حكاية عشنا حلم ما عرفنا بينتهي تاري الحلم كان إله نهاية وكل شي بيخلص ب هالدني
0507,Meen,عم بعمل جهدي (3am Ba3mel Jehde),Levantine,صوتك واطي صوتك ودّي حيطك واطي بدّو سندي ئلبك مطفي زدلو وئدي كلّ لْ إشيا عيشا أكتر صراحا، عم بعمل جهدي عم بعمل جهدي إتعلّم إتعلّم نتفة وئاحا سميّا والله بصراحا اتعلّم ما ئول ما بعرف أعمل حالي انّي ربّا بلّش حكيي بل حئيئا ما حدا يعرف شو مخبّا يسألوني دغري جاوب حتّا لو كانو عم يحكوني صيني كل مطرح كون لْ أئوا و ما يئدر حدا يهدّيني إتبهور علْ مش أدّي والله أنا بصراحا و بل حئيئا عم بعمل جهدي عم بعمل جهدي إتصطلن نكّت إشيا مش مهضومي غنّي بصوتي النشاز غنّي شرئي غنّي jazz إكتب عنّي إنّي شاعر إدفع عن حالي مئالي لو كتبِتا مرت خالي تنزل بِ أرئا جريدي وصّلا أنا بِ أيدي و لمّا إئراها عَ بكرا إنسا مين صاحب هلْ فكرا إنسخا شي ألف نسخا وزِّعا و صرِّخ علْ عالي شوفو شكلي بل مئالي والله أنا بصراحا و بلْ حئيئا صوتي واطي (صوتَك ودّي) حيطي واطي (بدّو سندي) ئلبي مطفي (زدلو وئدي) كلّ لْ إشيا عيشا أكتر صراحا عم بعمل جهدي صراحا عم بعمل جهدي
0508,Yusor Hamed,تفاح (Tuffah),Levantine,مربوط قلبك بالهوا مربوط ليوم ما يحن القلب و تعود تفاح نبت بالارض تفاح ريحة عطر شعرك الفواح ممدود بعينك هالكحل ممدود حناك بني مزخرف ومفرود بعابود ودعتك انا بعابود من حيفا نزفك لبحر اسدود x2 اويها الله يحرسك من العين اويها مرة و ثنتين اويها خمسة بعين الي ما يصلي عالنبي اويها و يا زين ما اخترتي يا زين وجه القمر طل و ناداني بصوت القمر تنتشي اذاني لو حبكك علّم و اذاني اسامح كل ما كبّر آذانِ مربوط قلبك بالهوا مربوط ليوم ما يحن القلب و تعود تفاح نبت بالارض تفاح ريحة عطر شعرك الفواح ممدود بعينك هالكحل ممدود حناك بني مزخرف ومفرود بعابود ودعتك انا بعابود من حيفا نزفك لبحر اسدود
0509,Shabjdeed,رد سريع (Rad Saree3),Levantine,وبكل الأحوال رسيتوا عبر سينا في مينا طلعلي أسد قاللّي تعال، بتركيا إعمل زلزال قمت رحت بتركيا عملت زلزال وكل شي خرب حتى الدور فش أرض، فش سقف وأموات عالأرض بتشوف أموات وبكل الأحوال رسيتوا عبر سينا في مينا طلعلي أسد قاللّي تعال، بتركيا إعمل زلزال قمت رحت بتركيا عملت زلزال وكل شي خرب حتى الدور فش أرض، فش سقف وأموات عالأرض بتشوف أموات وبكل الأحوال زهقت فرجعت عالدّار خدت حبتين شسمه ونمت فقت فزهقت، قمت من النّوم نزلت حرب عملت طخ وقصف حرب وحمط حنظلة إجا يتفرج خاف حطيتله عكتفه لحاف رنت إمي قالتلي جيب خبز جبت فتّ عالمخبز حملت معاي جفت طخيت فالسما طلق تنين، تالت شفت حوالي لقيت كل حد شارد رجعت عالقدس شافتني جندية شب جديد غنيلنا أغنية عملت حالي أنه ها مش سامع عشان تعرف إني لا أساوم تا-تا-تا-تا-را-تا-را-تا إبني بلعب أحسن من إبنك اتطلع مرّة فاز خمسمية جابها الأول عالجمهورية وبدّع ضيعتك قلقت قمت وجدتك وين ما تركتك فيه تترتب على أفعالك قصصٌ لا تتحداني في ما لو تركتك وين ما وجدتك فيه تترتب على افعالك قصصٌ واتحملها يا مرتب ضيعتك قلقت قمت ضييعتك وين كنت فقدتك وين ما فلتك في سمندح فالمنكح تحت بتفتح فالمندل والله اعطاني بزعل يوم بسأل تا-را-را وبكذب يوم بزهك آه-آه-آه وبسرح يوم بسمح وبكل الأحوال رسيتوا عبر سينا في مينا طلعلي أسد قاللّي تعال، بتركيا إعمل زلزال قمت رحت بتركيا عملت زلزال وكل شي خرب حتى الدور فش أرض، فش سقف وأموات عالأرض بتشوف أموات وبكل الأحوال رسيتوا عبر سينا في مينا طلعلي أسد قاللّي تعال، بتركيا إعمل زلزال قمت رحت بتركيا عملت زلزال وكل شي خرب حتى الدور فش أرض، فش سقف وأموات عالأرض بتشوف أموات وبكل الأحوال مني بتاخدش الصافي لأنه العرض عندي تلقائي إن كان فلان أو مين ما كان أكذب على حالي عيلتي وصحابي زي أنا مالي جيبي بمصاري فراري يا صاحبي عيني عأراضي بسرح فيك على الفاضي خليك كل خطوة آخ يا بطاتي فستق فاضي داخل تهِبِّل ما بهمِّش حتحب أو ما تحبِّش اسمي رياضي بكرا في المشمش إجري في السيستم، يسطا رياضي بيجري وبينتش مش إنت رياضي تغني وبتنتج؟ لأ مش أنا بعمل من بنها أو بس بعمل حالي ما سمعتش عالكل بكذب بطلاقة صراحة حفكنا كلنا من الدراما فحكذب أقلك كلنا صحابك، كذاب زي بوش وأوباما عكل المستويات على مستوى خد، على مستوى هات قد ما المستوى زاد بس ما بتوصلش للمستوى هاد كلكوا باكلكو زي يوستافندي يسطا أنا منكوا بس أستفز كثير أستاذ أفندي فذ من وأنا صغير من صغري ماشي في الدغري عمري ما بخش شمال كذاب فش منه الحكي بيصدقش لو قال وبكل الأحوال رسيتوا عبر سينا في مينا طلعلي أسد قاللّي تعال، بتركيا إعمل زلزال قمت رحت بتركيا عملت زلزال وكل شي خرب حتى الدور فش أرض، فش سقف وأموات عالأرض بتشوف أموات وبكل الأحوال رسيتوا عبر سينا في مينا طلعلي أسد قاللّي تعال، بتركيا إعمل زلزال قمت رحت بتركيا عملت زلزال وكل شي خرب حتى الدور فش أرض، فش سقف وأموات
0510,Terez Sliman,يمسيك بالخير (Yemaseek Bel Kheir),Levantine,يمسيك بالخير يا أبو عيون وسيعة يا صغير بقطر حلاك روحك حلوة وديعة كيف في هالناس ما تتحبب بعيونك وتسمي عليك وتبوّس جبينك يمسيك بالخير يا أبو عيون وسيعة يا صغير بقطر حلاك روحك حلوة وديعة كيف في هالناس ما تتحبب بعيونك وتسمي عليك وتبوّس جبينك يمسيك بالخير يا أبو مسبحة فضة يا حبة عيني بعطيك تا ترضى يا عود ريحان كل الناس تحبك خليك ضحكة بسما هالبيت ونقولك يمسيك بالخير يا أبو عيون وسيعة يا صغير بقطر حلاك روحك حلوة وديعة كيف في هالناس ما تتحبب بعيونك وتسمي عليك وتبوّس جبينك يا أبو مسبحة فضة بعطيك تا ترضى يا عود ريحان خليك ضحكة بسما هالبيت ونقولك يمسيك بالخير يا أبو عيون وسيعة يا صغير بقطر حلاك روحك حلوة وديعة كيف في هالناس ما تتحبب بعيونك وتسمي عليك وتبوّس جبينك يمسيك بالخير
0511,Saif Nabeel,عم جن (Aam Jen),Levantine,صعبي انا ما قلك شو قلبي بيحسلك انت اكتر حدا انا حبيتو حبيتو بالعادة مابسأل! انا بالعادة مش مضطر هلق بالي عندك خليتو طاير انا طاير مغروم و عم جن و صاير يوم الما بشوفك في ما عم كفّي قلبي انا قلبي بيضلو عندك متخبي متلك بالدنية مافي متلك مافي هل وج انا شو بحبو يسلملي بيحمر خدو انا نوعو عاجبني و مش مارق عليي يعني عادي انا بطل نام و عادي ما بيأسر انا لعيونك بسهر يوميية طاير انا طاير مغروم و عم جن و صاير يوم الما بشوفك في ما عم كفّي قلبي انا قلبي بيضلو عندك متخبي متلك بالدنية مافي متلك مافي طاير انا طاير مغروم و عم جن و صاير يوم الما بشوفك في ما عم كفّي طاير انا طاير مغروم و عم جن و صاير يوم الما بشوفك في
0512,Abdul Hakim Qotaifan,لو ترجع (Law Terjaa'),Levantine,يوم الودّع شقد تمنينا و غنينا نرجع حمص و نمشي بيها شقد حلمنا نزف الثورة نوصل للشام نحنيها و نطوي المدفع نطوي المدفع نروح لحمزة بدرعا نزورا أرض الأحرار نحييها هالحز وينك عبد الباسط نيال الأرض اللي بيها و لولك تسمع لولك تسمع لو تسمع ربعك بوداعك دمع يرسملك ممنونك بعيونك عاش أوجاعك تستاهل سورية عيونك آه لو ترجع آه لو ترجع آه لو ترجع كل كم ليلة تسند كل شي تراخى حيله مثل العيلة كنا بيومك يا محلاها ثورة و عيلة و صوتك اسمع صوتك اسمع صوتك اسمع ثورة تنادي تكبر بينا و نكبر بيها يا خضرة زيتون بلادي خضرة ما ظالم يمحيها و يُمّه و نِدمع يُمّه و ندمع يا يُمّه جيتك زفيني بثوب جديد و كحلي عيوني كل حرة بسوريا قالت هالهولة يا عريس الزيني و وردك يطلع و وردك يطلع
0513,Abdul Baset Al-Sarout,حرام عليه (Haram Aleeh),Levantine,مالوا بشار يقتل شعبه عشان كرسيه عشان كرسيه حرام عليه حرام عليه هجر شعبه عن الوطن و سكن فيه و سكن فيه حرام عليه حرام عليه ليه يدمر ليه يبيد شعبه و يكويه شعبه يكويه (شعبه يكويه) حرام عليه (حرام عليه) حرام عليه (حرام عليه) جرح الإخوة و جرح الوطن مين يشفيه (و مين يشفيه) ربي يشفيه (ربي يشفيه) حرام عليه (حرام عليه) حرام عليه (حرام عليه) أعدم أطفال الأمة و طفله بإيديه (طفله بإيديه) طفله بإيديه (طفله بإيديه) حرام عليه (حرام عليه) حرام عليه (حرام عليه) ظلم الطفل و بمدرسته اعتقل ليه (اعتقل ليه) اعتقل ليه (و اعتقل ليه) حرام عليه (حرام عليه) حرام عليه (حرام عليه) قتل الرضيع و الكفيف أدمع عينيه (أدمع عينيه) أدمع عينيه (أدمع عينيه) حرام عليه (حرام عليه) حرام عليه (حرام عليه) حرم الأم من قرة عينا أبكاها عليه (أبكاها عليه) أبكاها عليه (أبكاها عليه) حرام عليه (حرام عليه) حرام عليه (حرام عليه) أم الشهيد تبكي تنوح يُمّه تنادي (يُمّه تنادي) يُمّه تنادي (يُمّه تنادي) حرام عليه (حرام عليه) حرام عليه (حرام عليه) مالوا بشار يقتل شعبه عشان كرسيه عشان كرسيه حرام عليه حرام عليه هجر شعبه عن الوطن و سكن فيه و سكن فيه حرام عليه حرام عليه و أنا الشهيد حلمي يُمّه بشهادة (بشهادة) بشهادة (و بشهادة) حرام عليه (حرام عليه) حرام عليه (حرام عليه) صرخة شهيد حلمي يَمّا بشهادة (بشهادة) بشهادة (و بشهادة) حرام عليه (حرام عليه) حرام عليه (حرام عليه) زفيني يَمّا هلهلي يَمّا و زاغردي (و زاغردي) و زاغردي (و زاغردي) حرام عليه (حرام عليه) حرام عليه (حرام عليه) يا الساروت يا مثل الحر منكبر فيك منكبُر فيك ربي يحميك و يقويك الساروت يا مثل الحر منكبُر فيك منكبُر فيك ربي يحميك و يقويك أعدم أطفال الأمة و طفله بإيديه طفله بإيديه حرام عليه حرام عليه
0514,Nassif Zeytoun,مزعلا (Mzaela),Levantine,مزعّلا وجايي راضيها وإجبر خاطرا مزعّلا اللي شايف فيها أكتر من مرا بوردة حمرا لأ لأ ولا بهدايا الدنيي لأ بقلب عا طبق من فضة تقدَّملا وعا حُبا دق مزعّلا وجايي راضيها وإجبر خاطرا مزعّلا اللي شايف فيها أكتر من مرا بوردة حمرا لأ لأ ولا بهدايا الدنيي لأ بقلب عا طبق من فضة تقدَّملا وعا حُبا دق ولا تزعل أنا بحَبّا ولا تبكي دخل ربا لو قلوب الدني بإيدي لو قلوب الدني بإيدي لو قلوب الدني بإيدي ما رح لاقي متل حبّا مزعّلا وجايي راضيها وإجبر خاطرا مزعّلا اللي شايف فيها أكتر من مرا بوردة حمرا لأ لأ ولا بهدايا الدنيي لأ بقلب عا طبق من فضة تقدَّملا وعا حُبا دق مكمّلا الله وعاطيها أسباب الحلا مكمّلا ومش ناقص فيها ولا شغلة ولا قلبي فيها اكتفا ولا شايف متلا وفا بنظرة من عينا يا عالم عم لاقي همي اختفا ولا ولا ولا تبكي دخل ربا لو قلوب الدني بإيدي ما رح لاقي متل حبّا مزعّلا وجايي راضيها وإجبر خاطرا ومزعّلا اللي شايف فيها أكتر من مرا بوردة حمرا لأ لأ ولا بهدايا الدنيي لأ بقلب عا طبق من فضة تقدَّملا وعا حُبا دق
0515,Mohanad Zaiter,لأنك ملكة (L2anek Malake),Levantine,جربي وقفي مرة ع المراية واتأملي حالك رح تعرفي شو بتعملي انتي بالواقف اقبالك جربي وقفي مرة ع المراية واتأملي حالك رح تعرفي شو بتعملي انتي بالواقف اقبالك عيون رموش خدود شفاف والشعر معانق الكتاف نسبة جمالك بالمية تقريباً 10 آلاف كلهن بيغاروا منك سيرتهم كلها عنك بيقلدوكي وما بيطلعلهن لأنك ملكة لأنك كلهن بيغاروا منك سيرتهم كلها عنك بيقلدوكي وما بيطلعلهن لأنك ملكة لأنك انتي شو ما لبستي بيلبقلك من ساسك لراسك خياط متخيل حدا متلك أو اخد قياسك انتي شو ما لبستي بيلبقلك من ساسك لراسك خياط متخيل حدا متلك أو اخد قياسك متخيل خصرك ميّال يخرب بيته ملا خيال جايب قطعتين قماش وراسم حلم كل الرجال كلهن بيغاروا منك سيرتهم كلها عنك بيقلدوكي وما بيطلعلهن لأنك ملكة لأنك كلهن بيغاروا منك سيرتهم كلها عنك بيقلدوكي وما بيطلعلهن لأنك ملكة كلهن بيغاروا منك سيرتهم كلها عنك بيقلدوكي وما بيطلعلهن لأنك ملكة لأنك كلهن بيغاروا منك سيرتهم كلها عنك بيقلدوكي وما بيطلعلهن لأنك ملكة لأنك
0516,Maya Diab,كلن قالولي (Killon Alouli),Levantine,كلن قالولي إنك مش الي كلن حكيولي عنك، قالوا إنك صعب كلن قالولي إنك مش الي كل اللي سمعته إنك قاسي وبلا قلب كلن قالولي إنك مش الي كلن حكيولي عنك، قالوا إنك صعب كلن قالولي إنك مش الي كل اللي سمعته إنك قاسي وبلا قلب كذّبت الكل وصدقتك وقسيت عليي تحملتك تحملت كتير، تحملت كتير وعطيتك اكتر من وقتك انا غلطانة اني اعشقتك غلطانة كتير، غلطانة كتير كذّبت الكل وصدقتك وقسيت عليي تحملتك تحملت كتير، تحملت كتير وعطيتك اكتر من وقتك انا غلطانة اني اعشقتك غلطانة كتير، غلطانة كتير كلن قالولي إنك مش الي صوتك ما فيي بطل اسمعه بحبك انا بحبك بس انجرح قلبي قلبك جرحني ولازم ودعه اصلاً خلص بطل قلبك على قلبي صوتك ما فيي بطل اسمعه بحبك انا بحبك بس انجرح قلبي قلبك جرحني ولازم ودعه اصلاً خلص بطل قلبك على قلبي كذّبت الكل وصدقتك وقسيت عليي تحملتك تحملت كتير، تحملت كتير وعطيتك اكتر من وقتك انا غلطانة اني اعشقتك غلطانة كتير، غلطانة كتير كذّبت الكل وصدقتك وقسيت عليي تحملتك تحملت كتير، تحملت كتير وعطيتك اكتر من وقتك انا غلطانة اني اعشقتك غلطانة كتير، غلطانة كتير تحملت كتير غلطانة كتير كلن قالولي إنك مش إلي
0517,Nassif Zeytoun,إنتي وبس (Enti W Bass),Levantine,خليتي العالم كلو لمسة ايديكي اتعلقت فيكي جد بهنيكي وصارت احلى لحظة بعمري لما بشوف ضحكة عينيكي اي انتي وبس لي بحبا عم حس لي بطيبة قلبا مافي بهالعالم كلو اي انتي وصار قلبي ليل نهار عينو ع نبض قلبك ناطر مشتقلو على بالي تمضى الليلة وايدك بايدي حبك آخدني على دنيي جديدة نعمة و حب ورضا من الله وبحياتي انتي الوحيدة اي انتي وبس لي بحبا عم حس لي بطيبة قلبا مافي بهالعالم كلو اي انتي وصار قلبي ليل نهار عينو ع نبض قلبك ناطر مشتقلو
0518,Unknown Artist (Arabic),حلوة تشاو,Levantine,ع شروق الشمس إصحيت من نومي !يا حلوة تشاو! حلوة تشاو !حلوة تشاو تشاو تشاو ع شروق الشمس إصحيت من نومي و كان بيزحف العدو يا مقاوم خدني انا و انت سويا !يا حلوة تشاو! حلوة تشاو !حلوة تشاو تشاو تشاو يا مقاوم خدني انا و انت سويا احساسي إني حكون شهيد سقطت شهيدا و انا اقاوم !يا حلوة تشاو! حلوة تشاو !حلوة تشاو تشاو تشاو سقطت شهيدا و انا اقاوم يا رفيقي بإيدك إدفنّي بإيدك إدفني في أعلى الجبل !يا حلوة تشاو! حلوة تشاو !حلوة تشاو تشاو تشاو بإيدك إدفني في أعلى الجبل تحطلي أجمل وردة رح كل البشر يمرّوا بحدّي !يا حلوة تشاو! حلوة تشاو !حلوة تشاو تشاو تشاو رح كل البشر يمرّوا بحدّي يعطوني اسم أجمل وردة وهي الوردة وردة مقاوم !يا حلوة تشاو! حلوة تشاو !حلوة تشاو تشاو تشاو وهي الوردة وردة مقاوم سقط من أجل الحرية
0519,Georges Khabbaz,شتت الدنيي (Chattet el Denyi),Levantine,شتت الدنيي يا حبيبي وانت منك هون الدنيي من دونك يا حبيبي لا طعمة ولا لون الشتوية ناشفة بدونك برد الصيفية بلا عيونك وجودك بحياتي يا حياتي غير مجرى الكون وانت منك هون شتت الدنيي يا حبيبي وانت منك هون الدنيي من دونك يا حبيبي لا طعمة ولا لون الشتوية ناشفة بدونك برد الصيفية بلا عيونك وجودك بحياتي يا حياتي غير مجرى الكون وانت منك هون يا حبيبي اشتقتلك والله قد الدنيي كلا وعيونك عبالي قللا قديش اشتقتلا يا حبيبي اشتقتلك والله قد الدنيي كلا وعيونك عبالي قللا قديش اشتقتلا انت هو اللي حبيتك جوا بقلبي خبيتاك لما بالصدفة لقيتك بلحظة ملكت الكون لما شفتك هون شتت الدنيي يا حبيبي وانت منك هون الدنيي من دونك يا حبيبي لا طعمة ولا لون الشتوية ناشفة بدونك برد الصيفية بلا عيونك وجودك بحياتي يا حياتي غير مجرى الكون وانت منك هون
0520,Hoda Haddad,ظلي حبيني يا لوزية (Dhalli hebbini ya Lawziyyi),Levantine,ظلي حبيني يا لوزية وتضحك صورنا فوق المية قديش مشينا.. قديش حكينا بالغابة الخضرا وشو رحنا وجينا واذكري يوم اللي ركضنا سوا تحت الشمسية لم كنت صغير.. حاكوني قالوا بكير.. يا عيوني بعدك ع الحب صغيَّر بعدك باللون محيَّر وبكرا لوزية بتكبر ويمكن تنسى لوزية ظلي حبيني يا لوزية وتضحك صورنا فوق المية قديش مشينا.. قديش حكينا بالغابة الخضرا وشو رحنا وجينا واذكري يوم اللي ركضنا سوا تحت الشمسية كان في حكايات.. ما حكيتا ويا تطليعات.. ما نسيتا ويا خوفي لولا كبرنا حب جديد يغيرنا ولما الشوق يذكرنا ما تتذكر لوزية ظلي حبيني يا لوزية وتضحك صورنا فوق المية قديش مشينا.. قديش حكينا بالغابة الخضرا وشو رحنا وجينا واذكري يوم اللي ركضنا سوا تحت الشمسية
0521,Akher Zapheer,بالليل تنفست هوا بيجرح (Bel layel tnaffast hawa bejarh),Levantine,بالليل تنفَست هوى بيجرح استنيت بالبرد عشان المح هزَة خلخال على مسرح كيف الدنيا تحت رجليكي بتدور؟ بالليل تنفَست هوى بيجرح تحمَلت كتير عشان اربح حبَيت البنت ما بتزحزح اعطيني راسك بالزيت امسح شغلك اقدم شغل تأرخ يا حيف يا خسارة بلاش افضح تمنَيت الارض انها تفتح تبلعنا سوى، انا هيك بفرح ليش ما تصيري بس الي نعيش مع بعض على الطريق البس سنسال حامل صورتك ارسملك حِنّا على كتفك و وين ما نروح و ما نيجي ايدي بايدك و قلبك بقلبي بطلب منك لا لا تبيعي عيونك، شعرك، قلبك و حبي ليش ما تصيري بس الي ليش ما تصيري بس الي ليش ما تصيري بس الي ليش ما تصيري بس الي
0522,Myriam Klink,بدي ولع قلبك نار (Badi Wale3 Albak Nar),Levantine,حبني حبني أكتر خلي عيونك وحدها تسهر ما تقدر تغفل عليا تبقى عم تفكر فيي بدي ولع قلبك نار تنضرني ليل نهار وما تعرف شو اللي صار عن أوقاتك تستغنى بدي ولع قلبك نار تنضرني ليل نهار وما تعرف شو اللي صار عن أوقاتك تستغنى بسهولة ولع فيك الغيرة نار يتلبك عقلك ليل نهار وما تقدر غيري تختار يا مشحر يا دلي بدي ولع قلبك نار تنضرني ليل نهار وما تعرف شو اللي صار عن أوقاتك تستغنى حبني حبني أكتر خلي عيونك وحدها تسهر ما تقدر تغفل عليا تبقى عم تفكر فيي
0523,Hoda Haddad,وديلي سلام (Waddeli Salam),Levantine,سفرك تاعبني.. وآه من السفر حبك مدوبني.. وقلبك من حجر رجعني ع قلبك مشتاقة لقلبك وقلي أنا بحبك يا حبيبي وديلي سلام يا حبيبي حرام حرام يا حبيبي وديلي سلام يا حبيبي حرام حرام يا حبيبي خلصت الأيام وتعب الكلام من كتر مكاتيبي يا حبيبي آه وحياة الليالي.. العشناها سوا ودمع الحب الغالي.. وإيام الهوى وديلي شي بسمة.. ع جوانح شي نسمة وجاوب ع مكاتيبي يا حبيبي آه وديلي سلام يا حبيبي حرام حرام يا حبيبي وديلي سلام يا حبيبي حرام حرام يا حبيبي خلصت الأيام وتعب الكلام من كتر مكاتيبي يا حبيبي صورنا العتيقة.. أكلها الزمان شفلك شي طريقة.. ورجع اللي كان والحب يودينا.. من مينا لمينا وتبرم ليالينا.. يا حبيبي آه وديلي سلام يا حبيبي حرام حرام يا حبيبي وديلي سلام يا حبيبي حرام حرام يا حبيبي خلصت الأيام وتعب الكلام من كتر مكاتيبي يا حبيبي
0524,Lena Chamamyan,يا ظريف (Ya zarif),Levantine,يا ظريف الطول لاحكي قصّتنا اللي عليها كل العالم لامتنا قالوا شو الجرى، شو الجمع شملنا قلنا الله ال راد و وفّق حالنا يا ظريف الطول لاموني هَلي قالو يا قُمرنا أنتي تمهّلي ما تعوفي ديرتنا ولو مهرك غِلي ديرَتي و مهري عيش بقربو انا يا ظريف الطول و لو لامونا لو ولو جاروا علينا و مهما حاولوا ما يصير إلا ال الله رادو و سهّلو هو الحامينا و الجامع شملنا يا ظريف الطول لاموني هَلَك يوم ال قلت اني عشقانة وما اجملك قالوا يا بنيّة كل من عشق هَلك و نهلك لو ما شاخت سوى قلوبنا يا ظريف الطول و لو لامونا لو ولو جاروا علينا و مهما حاولوا ما يصير إلا ال الله رادو و سهّلو هو الحامينا و الجامع شملنا يا با اووووف زيّنوا المرجة، و المرجة لينا، شامنا فرجة و هيّ مزيّنة
0525,Hoda Haddad,اسمي خبيتو بنسمي (Esmi Khabaito bnesmi),Levantine,اسمي خبيتو بنسمي وقلتلا غيبي مين اللي سرقلي اسمي وعطيو لحبيبي سألني سألني والنظر ملبك سألني وين بيتك قلتلو بقلبك شو اسمك جاوبتو أنا اسمي بحبك لشو تعرف مين أنا؟ عيط لي الغريبي ومين اللي سرقلي اسمي وعطيو لحبيبي اسمي خبيتو بنسمي وقلتلا غيبي مين اللي سرقلي اسمي وعطيو لحبيبي وشويي وشويي ويا كلمي ورا كلمي صار يغرق بهمو واشرد أنا بهمي وصار وجهو بعيوني واسمو على تمي وشفت حالي لحالي وبعيدة وقريبي ومين اللي سرقلي اسمي وعطيو لحبيبي اسمي خبيتو بنسمي وقلتلا غيبي مين اللي سرقلي اسمي وعطيو لحبيبي
0526,Terez Sliman,شخر القمر (Shakhr El Amar),Levantine,لو فيو القمر يعتب كان طفّى من زمان شايف الحُر مغلّب شايف كوكب خدران لو فيو القمر دندل راسه وشخّر كمان شايف الغلى مشنشل شايف رِخص الإنسان عشمك فينا خسران يا قمرنا السّهران إمشي وما تفتل ضهرك الحالة بدّا دوزان لو فيّو الهوا يخرم مخّك تقلب فهيم نافخينك داعمينك تا تشمت بالعاقلين لو فيّو الهوا حُرقة ولو بالدّنيا سائلين كنا من دهر وعينا وحرقنا الموازين بس .. غلي البنزين، التعن دينو البنزين يعني لو طلع بايدو ولّع فينا من سنين لو فيّو الشّتا يبكي بدل المرة عشرين كان صفّى هالبشريّة اللي بتاجر بالدّين لو فيو الشّتا يبكي كان غرقت من زمان مش بس الكرة الارضية حتى المجرة كمان بس الشتا عقلان مذوق والله وفهمان اسمحولي انهي الجملة ...
0527,Al Fersan Al Arbaa,السنة مش جايي بابا نويل (El Sene Mech Jayi Papa Noël),Levantine,[الفرسان الأربعة] السنة مش جايي لعِنّا بابا نويل الحالة ما بتسوى، عِنّا الشغل بالويل بيظهر إنو السياسية اللي من دون ألعاب عم يلعبوا بهالشعب من مَيّل لمَيّل [نادر خوري] عملونا متل الطابة بملعب فوتبول نازلين يشوطوا فينا من جول لجول و حاجي ساكت يا شعب إتحرك و إعمول روحوا إتخانَقوا فِلّوا ع نجم سهيل [إيلي خياط] راح يرجعوا و يجتمعوا على الحوار يطرحوا على الطاولة كل الأفكار خايف ع الطاولة ياكلوا سومو و كافيار و نحنا بناكل دَكاطورة ع بات الليل [الفرسان الأربعة] السنة مش جايي لعِنّا بابا نويل الحالة ما بتسوى، عِنّا الشغل بالويل بيظهر إنو السياسية اللي من دون ألعاب عم يلعبوا بهالشعب من مَيّل لمَيّل [سيمون عبيد] وينك يا تلج الأبيض غطي الوديان نَضِّف كل الخطايا، نَضِّف لبنان السياسيين ناطرينك متل الصبيان خدهُن لعندك كِبُّن بشي أوتيل [زياد إيماز] هِنّي ناطرين هدية منك مرسال فِكرُن شي هدية مِغَلَف كله أموال مفتكرينك سلطان محمَّل حِمّال إوعا تيجي، بينهبوك، بتدوق الويل [الفرسان الأربعة] السنة مش جايي لعِنّا بابا نويل الحالة ما بتسوى، عِنّا الشغل بالويل بيظهر إنو السياسية اللي من دون ألعاب عم يلعبوا بهالشعب من مَيّل لمَيّل كيسك صاير صليبك، صليب لبنان تعا إتفرج شو عملوا زعما لبنان قد ما بيحبوا بعضُن ما فيه إنسان إلا هاجر و سافر، طفح الكيل السنة مش جايي لعِنّا بابا نويل الحالة ما بتسوى، عِنّا الشغل بالويل بيظهر إنو السياسية اللي من دون ألعاب عم يلعبوا بهالشعب من مَيّل لمَيّل
0528,Christmas Carols,ميلادك يسوع (Miladak Yesu),Levantine,ضوّينا إيدينا شموع ونسينا العطش والجوع ومسحنا كِل الدموع ميلادك يسوع ضوّينا إيدينا شموع ونسينا العطش والجوع ومسحنا كِل الدموع ميلادك يسوع وبأفقر مكان ع سرير من القش غيرت اللي كان كذب وشر وغش غيِّر الإنسان اللي فينا تنرِش عالدنيي إيان ميلادك يسوع ضوّينا إيدينا شموع ونسينا العطش والجوع ومسحنا كِل الدموع ميلادك يسوع كل ما عام يطُل بوِلادة جديدة تنلي الحِزن يفِل والقسوة بعيدة تِشفي قلوب الكِل تمحي التنهيدة وفينا الخير يحِل ميلادك يسوع وفينا الخير يحِل ميلادك يسوع
0529,Akher Zapheer,تحت البحر الميت (Tahet El Bahar El Mayyet),Levantine,"انا واقف في السما, انا شايف روحي فيك كل الناس تحت رجلك, تطلب موتك و تصلَيك و من فوقك ست نقاط مثلثين عكس بعض خلّت ناس اتعيش فيك, تطلب موتك و تصلَيك و مدد اعطيني موج, مدني جلد و تحمّل مع انك ميَت دوم, موتك زادني اكتر موت انا بلوم مكانك, مكانك كتير استثنائي فصلتلي, يميني عن يساري وانا بلوم ملحك, ملحك انرش بعيوني انت مش متلي, بالسبت بتصلًي سبع ابواق رح تنفخ, و أحنا في البوق السادس ميتين الف الف ليموت تلت الناس و علَيتني عن الارض و حرقت البساتين عاساس اراضيك, و نزلتني اعيش فيك انا واقف قدامك, و كل شي تحت سيطرتك بس النور عم يجرحني, او بالاحرى عم يشفيني وانا بصوم ايَامك, انا مش ملزم بصيامك فطرتني ع كم المعرفة هاي المعرفة من ارثي, مين انت لتمنع عنَي و تحجَمني و تحت سطحك تعيَشني سبع ابواق رح تنفخ, و أحنا في البوق السادس ميتين الف الف, ليموت تلت الناس وانا بدوّر عليكي بدور على عيونك وينك تحت البحر الميّت ريحة الناس بنارك خيلة يا سدوم و عمورة, لا تعيديلنا الذكرى بحرك مات و موتك رحمة عيش و عيّشنا يا ميّت "" لا تصالح ولو توَّجوك بتاج الإمارة كيف تخطو على جثة ابن أبيكَ..؟ وكيف تصير المليكَ.. على أوجهِ البهجة المستعارة؟ كيف تنظر في يد من صافحوك.. فلا تبصر الدم.. في كل كف"""
0530,Hoda Haddad,قصتنا حزينة (Qissitna Hazini),Levantine,قصتنا حزينة قصتنا عذاب لا حبيبي نسيني ولا قلبي داب قصتنا طويلة قصتنا كلام وبكرا بتشكيلي تعب الأيام تعا يا حبيبي حليو العناقيد اكتبلي مكاتيبي بورق المواعيد بعدا على بالي بعدا الحكايات ويضحك بخيالي عتب السهرات لو يا حبيبي تتركني ع باب تتركني غريبي والدنيا ضباب تعا يا حبيبي حليو العناقيد اكتبلي مكاتيبي بورق المواعيد
0531,Fadel Chaker,وين اللي عَمَّر (Wain Elli 'Ammar),Levantine,وين اللي عَمَّر بلدي اللي اتدَّمَر وين اللي رجع وطننا أخضر بأيَّ إيد هدوا جبلنا العالي بأيَّ إيد محيوا أملنا الغالي بأيَّ إيد محيوا أملنا الغالي مهما صار بالقلب باقي متلك ما صار ولا منلاقي مهما صار بالقلب باقي حبك معانا و الله معك مهما صار بالقلب باقي متلك ما صار ولا منلاقي مهما صار بالقلب باقي حبك معانا و الله معك مهما صار بالقلب باقي متلك ما صار ولا منلاقي مهما صار بالقلب باقي حبك معانا و الله معك مهما صار بالقلب باقي متلك ما صار ولا منلاقي مهما صار
0532,Akher Zapheer,ام الموسيقى,Levantine,"شو نفسي اغير حالي, ثنائي قطبي, شو مالي جدار الصمت وشوشني, اكسرني و خدت بتاري من العدم اتخلقت فكره, ما الدنيا هيك بالفطره وحياتي تسيبني بحالي, ثنائي قطبي شو مالي إيه, إيه وهالمصيبه اللي براسي عم تاكل مخي وتكتبني, ايه, ايه شو هالخبيثه شو جابتلي, إم الموسيقى آزريني آزريني, آزريني, آزريني آزريني, آزريني, آزريني شو في جواتي ساكن, قاعد ومرات بَتجَوَّل بإجتماعيتكم راسب, وبحاول ما أتحَوَّل والدنيا طلعت فيلم, وخدّي الأيمن وِرم شو أسيطر تأسيطر, ما البني آدم حيواني وانا كنت مفكرك صاحبي, يا لئيم ما بتلائمني وأنتِ يا هَبّة روحي, ترٓكتينيٓ تارة, و تارة رجعتيلي وفديت انا عمري, قضاء الكون إكتمي, إيه, إيه ما كشفت أسراره, وبالتالي قضى عمري قررت إني أضلني هادي, متمركز بنص نفسي عن حالي شلحت, و لبست ع حالي جلدي شو في جواتي ساكن, قاعد ومرات بَتجَوَّل بإجتماعيتكم راسب, وبحاول ما أتحَوَّل والدنيا طلعت فيلم, وخدّي الأيمن وِرم شو أسيطر تأسيطر, ما البني آدم حيواني وانا كنت مفكرك صاحبي, يا لئيم ما بتلائمني وأنتِ يا هَبّة روحي, ترٓكتينيٓ تارة, و تارة رجعتيلي وهالمصيبه اللي براسي عم تاكل مخي وتكتبني, ايه, ايه شو هالخبيثه شو جابتلي, إم الموسيقى لمستني و أنا زيّ الموج رايح راجع, يمّا وأنا زيّ الموج رايح راجع آه, آه, آه و هالمصيبه اللي براسي, عم تاكل مخي وتكتبني (وانا زي الموج رايح راجع, والدنيا بس عم بتضاجع) شو هالخبيثه شو جابتلي, إم الموسيقى لمستني (وانا زيّ الموت للحب راكع, والحب لحن من روحي طالع) وهالمصيبه اللي براسي, عم تاكل مخي وتارارا (و أنا زيّ الموج, و أنا زيّ الموت) شو هالخبيثة شو جابتلي, إم الموسيقى عإم كلشي"
0533,Hoda Haddad,وحدن انت (Wahdon ent),Levantine,وحدن انت.. والمناديل بذكر بليلة سهري الطويل نطرت كتير.. وقفت كتير أنا والوحشة وقفت كتير عد القناطر والقناديل على شباكي صوت الريح أنا يا خوفي عتب الريح وأنا والليل.. طول الليل تعبت النجمة.. ع باب الليل وتعبوا المحابر والمراسيل وحدن انت.. والمناديل بذكر بليلة سهري الطويل نطرت كتير.. وقفت كتير أنا والوحشة وقفت كتير عد القناطر والقناديل تركوا العشرة.. تركوا الدار تركو الماضي وسهر النار وأنت ما جيت.. وأنا شو بكيت وعدك يمكن حبيبي نسيت وبعدك نجمة سهري الطويل وحدن انت.. والمناديل بذكر بليلة سهري الطويل نطرت كتير.. وقفت كتير أنا والوحشة وقفت كتير عد القناطر والقناديل
0534,Hoda Haddad,يا ظريف الطول (Ya zaref attoul),Levantine,يا ظريف الطول.. يا بو الميجنا بتمرق الإيام.. وبحبك أنا يا ظريف الطول.. صرلك شي سني مغير وعتبان.. غيرت الدني والحلو اللي كان.. يحمل ولدني ما بقى يسأل.. علينا شو بنا يا ظريف الطول.. يا بو الميجنا بتمرق الإيام.. وبحبك أنا يا ظريف الطول.. أهلك تو حلو شو اللي جرى تخمين.. ما عم يسألو ويا هوى الحلوين.. يا عمري الحلو راح تركض الايام.. وشو باقي لنا يا ظريف الطول.. يا بو الميجنا رح تمرق الإيام.. وبحبك أنا يا ظريف الطول.. يا بو الميجنا بتمرق الإيام.. وبحبك أنا بالحوش العتيق.. في بنت وصبي والزهر ال بالحي.. ع حبن ربي يهرب بهالمي.. ويقلا اهربي صرخ الناطور.. فرفطنا الجنى يا ظريف الطول.. يا بو الميجنا بتمرق الإيام.. وبحبك أنا
0535,Hoda Haddad,مرق الهوى (Maraq elhawa),Levantine,كانت الإيام.. ليلكية وينزل اليمام.. ع العلية اقعد ع البوابي.. أنا وصحابي والشجر ع بابي.. عم بتفيي ومَ..رق الهوى نَـ..ـدهني الهوى مرق الهوى ندهني الهوى اخدني.. خطفني سحرني.. سرقني وطيرني الهوى وصرت شوف قمار.. بالليالي وتمرق الأشعار.. على بالي وع شباكي اتكي.. وبدي ابكي وصرت اقعد احكي.. أنا وحالي مَ..رق الهوى نَـ..ـدهني الهوى مرق الهوى ندهني الهوى اخدني.. خطفني سحرني.. سرقني وطيرني الهوى وصاروا يسألوني.. وصاروا يراقبوني وشو بدي قول.. والدمعة بعيوني بقول يا ها الناس.. لا تلوموني مَ..رق الهوى نَـ..ـدهني الهوى مرق الهوى ندهني الهوى اخدني.. خطفني سحرني.. سرقني وطيرني الهوى وطيرني الهوى وطيرني الهوى
0536,Hoda Haddad,بتذكر يا حبيبي (Btezkur ya habibi),Levantine,بتذكر يا حبيبي.. مرة بالخريف؟ كيف كنا عم نمشي.. والشتي خفيف وكيف طافت علينا.. وركضنا تخبينا بتذكر يا حبيبي.. مرة بالخريف؟ تخبينا بقناطر.. قناطر قناطر وقلبي حدك ناطر.. ناطر ناطر ت تقلي وتحكيلي تخبرني وتشكيلي بتذكر يا حبيبي.. مرة بالخريف؟ بتذكر يا حبيبي.. مرة بالخريف؟ كيف كنا عم نمشي.. والشتي خفيف وكيف طافت علينا.. وركضنا تخبينا بتذكر يا حبيبي.. مرة بالخريف؟ وتطلعت فيي.. فيي فيي فيي وضحكولك عينيي.. عينيي عينيي وقلتلي يا عيوني بخبيكي بجفوني بتذكر يا حبيبي.. مرة بالخريف؟ بتذكر يا حبيبي.. مرة بالخريف؟ كيف كنا عم نمشي.. والشتي خفيف وكيف طافت علينا.. وركضنا تخبينا بتذكر يا حبيبي.. مرة بالخريف؟
0537,Tamer Nafar,قربي شوي كولومبوس جنسي,Levantine,"قربي شوي تامر نفار يستضيف كلارا خوري تامر راب: أول ما تفوت أنتبه, هدوء وسكوت القلوب بوقوف, كلنا سطر واحد Salut حلا كلاسا, أيدها على راسها على الواحدة ونص بتلبّق خطواتها فرس أليف اللي ما يعلم بالبر لكن, فرس أصيل اللي يحلم بالبر كلك رقة وخجل أنتي, خجل ما يستحي يكتشف اللي العالم خايفو كولومبوس جنسي Lolita مممممم, لسانها على شفافها يمشي يجوعني, سناني تعض بشفتي نظرة وقحة من عيونها تحرّر غرائز حيوان مفترس شرس شايف شفايف عدرا, رطبة, زي المطر وأنقى من القطرة قبل ما تمس الأرض بلحظة أسمحيلي,, أكون أرضك, أصوم لجسمك, وما أكسر الجوع الا بلمسك لازمة (تامر وكلارا خوري) قربي شوي هينا . أقرب من هيك ؟ بدي أحسّك أكتر. أحضني بين أيديك تطّلعي بعيني. عيني بعينيك أنا وأنتي نكون جسم واحد قرّب شوي هينا. أقرب من هيك ؟ بدي أحسّك أكتر. هايني بين أيديكي تطلّع بعيني. عيني بعينيكي أنا وأنت نكون جسم واحد تامر راب: كسم منحوت نحت, يقلب اللي يشوف قلب التحت فوق والفوق تحت, فش خوف بعد في صوت همس, الممنوع يخلق فن تعرّت كالأجسام اللي تتعرى قبال رسام اللسان ريشتي, رقبتها لوحة فاضية ألواني,عليها طالعة نازلة نازلة واصلة غرررر نص جنة عدن تفاحتين ممنوع ينمسّوا من أي حدن وأنا, كأبن آدم بعد ما أشوفهم مستعد أعيد عـ خطية أبوي وأذوقهم ذقتها, ريحة حبنا أحتلت كل الغرفة الليلة فش سترة في بس كاما سوترا لازمة (تامر وكلارا خوري) قربي شوي هينا . أقرب من هيك ؟ بدي أحسّك أكتر. أحضني بين أيديك تطّلعي بعيني. عيني بعينيك أنا وأنتي نكون جسم واحد قرّب شوي هينا. أقرب من هيك ؟ بدي أحسّك أكتر. هايني بين أيديكي تطلّع بعيني. عيني بعينيكي أنا وأنت نكون جسم واحد تامر راب: الجولة التالتة حامية, مدوبة كل حاسّة, حاسس أنها شوي خايفة, زي أول درس سواقة حالفة ولا أي مخالفة بدها ترتكب ضلينا على سرعة 68 لأنو بالـ69 بنقلب, حبي القانون الأول لراحتنا أنو أجسامنا تتعب بنص كانون التاني أجسامنا تعرق وأذا تعبنا ما نمنا الشهوة تفضل وتملى بفحص كل نقطة بجسمك ناديني أستاذ الأملا (هين غلط) هين صح؟ (آه رّكز هينا) ششش, خلّي الباقي بينا لازمة (تامر وكلارا خوري) قربي شوي هينا . أقرب من هيك ؟ بدي أحسّك أكتر. أحضني بين أيديك تطّلعي بعيني. عيني بعينيك أنا وأنتي نكون جسم واحد قرّب شوي هينا. أقرب من هيك ؟ بدي أحسّك أكتر. هايني بين أيديكي تطلّع بعيني. عيني بعينيكي"
0538,Bessan Ismail,ايقاع (Al-liqou (Tempo)),Levantine,لازم اني  كمل هالطريق ما في عندي قدرة …. شو يللي بآخر هالطريق ما في عندي فكرة …. اه ..شو  بتخطر عبالي مرات كتير بسأل حالي كيف بدي اصمد للأخير مافي عندي حل …. قلبي اختارك انت الأمير وحدك بين الكل ….. اه ..شو  بتخطر عبالي مرات كتير بسأل حالي هذا الإقاع نفس الإقاع حياتي نغمة عمر ضاع كل شي اتغير بالدني إلا الإقاع
0539,Hoda Haddad,يا غناني الحنين (Ya Ghnani elhaneen),Levantine,يا غناني الحنين بغنيكي لمين يا غناني الحنين بغنيكي لمين ما بيسمع حبيبي صرلو من سنين يا غناني الحنين بغنيكي لمين يا دفاتر أشعاري.. المكتوبة الو حبيبي مش داري.. المر من الحلو يا زهور اشتبيكي.. الحنين يساقيكي شو عاد بدي فيكي.. خليكن عطشانين يا غناني الحنين بغنيكي لمين كنا انا وهوي.. حكايين الهوى وقمرنا بيضوي.. بيسهرنا سوا بكر ع الغياب.. دوبني وما داب كنا أغلى حباب.. صرنا منسيين يا غناني الحنين بغنيكي لمين يا غناني الحنين بغنيكي لمين يا غناني الحنين بغنيكي لمين ما بيسمع حبيبي صرلو من سنين يا غناني الحنين بغنيكي لمين
0540,Faraj Hanna,بنسى (Bensa),Levantine,لما بشوفك بنسى والله الدني فيها بنسى حالي لما عيونك بطلع فيها لما بشوفك بنسى والله الدني فيها بنسى حالي لما عيونك بطلع فيها بنسى إني مديون وإنو بيتي مرهون وأعصابي على صوص ونقطة وعلى حالي ما بمون بنسى قلق الليلي جاري الكمخ لي قبالي قلق الليلي جاري الكمخ لي قبالي سيارة من البالي لي على زوقا بتدور double shift وبنسى ال ومديري هالزفت double shift يخي بنسى ال ومديري هالزفت وبنسى البلد الكلو غش وسقفي العم بنش بنسى الوضع السياسي لي براسي migraine وال الوضع السياسي لي براسي migraine وال بنسى إنو الكوكب ضدي لما تكوني حدي لما بشوفك بنسى والله الدني فيها لما بشوفك بنسى والله سنيني وإيامي بنسى فشلي وإني نسيت حقق أحلامي لما بشوفك بنسى والله سنيني وإيامي بنسى فشلي وإني نسيت حقق أحلامي بنسى إني مقهور وللدكنجي مكسور ascenseur وساكن بالسابع ببناية ما فيها وأسئلتي الوجودية الجدلية الكونية أسئلتي الوجودية الجدلية الكونية نظرية النسبية كيسنجر وبلفور وبنسى الطبقية والأنظمة القمعية بنسى الطبقية والأنظمة القمعية وبنسى قانوني لمصدي لما تكوني حدي بنسى كل ديوناتي تعتيري إل بالوراتي كل ديوناتي تعتيري إل بالوراتي بنسى إنو الكوكب ضدي لما تكوني حدي لما بشوفك بنسى والله الدني فيها
0541,The Synaptik,ع الله الرزق,Levantine,"هدفي أخلى قلمنا يحس عالله الرزق أصلنا من زمان دا كتبنا ختمنا وكيدز بمبا وشيبس حرقنا المنا المنا المنا انت وصلت لعند الكينج يا غلام فهيا اطلب وتمنا مغني لحتى الناس تتطبع فيك الملك العرش مكاني متربع فيه اخذت كثير ببلاش بطلت اعطيك نعطي ذهب لحمير دا بلاش شو بدها تعمل فيه؟ ياما لفيت ببلاد انا شفت دهاليز حواوشي في زمالك بيروت مناقيش فأوعك تنكش هان عش الدبابير انا كيوت وكذا بس من جوا من العيار الثقيل عادي على بالي ولا حدا ولا خرا ولا انت ولا شيخ ولا مرة ولا بنت ولا حس ولا خرا ولا حن بس حس مجزرة علحن وادعس شنبات عنترة والعب فيه كرة أصلها كزدورة امورة كمل هل وصلت صورة قلتلك يا حيوان من قبل انا ايس فينتورا سوق المخ يتخبط بالكوابيس فش اوسخ من شايف خلف الكواليس حطيت شعار هذا النهار اعمل مسار عنيف خليه انذار للتاريخ هدفي أخلى قلمنا يحس عالله الرزق أصلنا من زمان دا كتبنا ختمنا وكيدز بمبا وشيبس حرقنا المنا المنا المنا انت وصلت لعند الكينج يا غلام فهيا اطلب وتمنا World is my witness God is my Judge The further the distance The harder I run From Middle east wars And Philippines slums I’ve baked me some cake When they’ve given me crumbs uuhhh....Bitch! Welcome to brunch This the beginning, here’s lunch, there’s dinner to come Gin in my cup, pray for the sinner Then they prey on the young (Aim it and bang) They’ve given them guns like this shit is fun They’ve given them funds  its never enough They add it all up, division is rough They started from scratch, so they’re itching to bust Blacka! Life is a saga Talking too much, You get humbled cuz Acting too hard you get softened like pasta Choose what you wanna Life ain’t a buffet, it’s much more like tapas Moment of silence, for all the young Pharaohs Nobody’s talking, everyone follows Everything’s new, keep popping their collars Their hiding the noose cuz they’re hung on the dollar هدفي أخلى قلمنا يحس عالله الرزق أصلنا من زمان دا كتبنا ختمنا وكيدز بمبا وشيبس حرقنا المنا المنا المنا انت وصلت لعند الكينج يا غلام فهيا اطلب وتمنا"
0542,Kamilya Jubran,شجر البن,Levantine,بيني وبينك سجر البن وحبّ الهال وزهر النوم بيني وبينك تسع جبال وعرب وصحرا وغيبة يوم بيني وبينك ضربة رمح وفرس وسيف وهجم الصبح بيني وبينك طيرة طير ونادو كلّن ع الفراق وقطفني متل الصبيّر صوت الغنُّو بالعراق لو نقدك كان مدينة وبالشام العرس لاركب ع الفرس وجبلك مفتاح القدس رايح اسرقلك غابة واسرقلك جان وعلِّق ع سجر البحر عقود المرجان الشاعر طلال حيدر
0543,Hoda Haddad,سهرانة لحالي (Sihrani Lahali),Levantine,سهرانة لحالي وغيابك ببالي سهرانة ع هاك الباب يا طول السهر ع الباب يا طول الليالي سهرانة لحالي وغيابك ببالي سهرانة ع هاك الباب يا طول السهر ع الباب يا طول الليالي كتابك والجريدة والخاتم بايدي والورقة اللي عليها عناوين وقصيدة وحدن يا حبيبي بعدك يا حبيبي وحدن ال بقيو لي من هالزمن الغالي سهرانة لحالي وغيابك ببالي سهرانة ع هاك الباب يا طول السهر ع الباب يا طول الليالي عيونك سهروني كتير ونطروني ويمكن لا اشتاقولي ولا بيتذكروني وبعدو بالليالي وجهك بالليالي بيرجع يلاقيني سهرانة لحالي سهرانة لحالي وغيابك ببالي سهرانة ع هاك الباب يا طول السهر ع الباب يا طول الليالي
0544,Yara,وينك (Waynak),Levantine,وينك يا ال تسلملي عينك بيني انت وبينك عشق وحنان غمرني تقلّك تقبرني وع حضنك رجّعني وحسّسني بأمان ونرقص انا وياك وترجع تغمرني تهواني واهواك شو اشتقت تسهرني ونرقص انا وياك وترجع تغمرني تهواني واهواك شو اشتقت تسهرني وينك قلّي انك اشتقتلي ومن حدّي ما تفلّي بحبك من زمان فينا ت نرجّع ماضينا ننسى كل شي احكينا ونعيد اللي كان ونرقص انا وياك وترجع تغمرني تهواني واهواك شو اشتقت تسهرني ونرقص انا وياك وترجع تغمرني تهواني واهواك شو اشتقت تسهرني وينك ونرقص انا وياك تهواني واهواك ونرقص انا وياك وترجع تغمرني تهواني واهواك شو اشتقت تسهرني ونرقص انا وياك وترجع تغمرني تهواني واهواك شو اشتقت تسهرني وينك
0545,Ragheb Alama,جددتي حياتي (Jaddadti Hayati),Levantine,جددتي حياتي، غيرتي مصيري أيام السعادة ما عادت قصيرة جددتي الاماني، يوم قلبك نداني وهبتك حناني مع حبي و تقديري من قبلك قلبي كان عايش على الحرمان موجود من دون وجود من دون حب وحنان حبك و حنانك هناني حرمان الماضي نساني سلمتك أماني أحلامي الكبيرة جددتي حياتي، غيرتي مصيري أيام السعادة ما عادت قصيرة جددتي الاماني، يوم قلبك نداني وهبتك حناني مع حبي و تقديري بوجودك قلبي إرتاح و الماضي كله جراح موعود بعمر جديد موعود بالأفراح وعدك لقلبي خلاني يهديكي روحي و كياني سلمتك أماني أحلامي الكبيرة
0546,Hoda Haddad,آخدني لوين (Akhedni Lawayn),Levantine,آخدني لوين دخلك يا هوى آخدني بايدي وعم نركض سوا قلبي بعدو صغير ع هيك مشاوير ع مهلك عليي دخلك يا هوى لا بتشفق عليي وبتقول بعدا صغيرة وبتختي لعا بكرة بتسهرني الغيرة شو ذنبي ان حبيتك شو ذنبي ان لاقيتك شو ذنبن اللي حبوك لمهب الهوا ع مهلك عليي دخلك يا هوى آخدني لوين دخلك يا هوى آخدني بايدي وعم نركض سوا قلبي بعدو صغير ع هيك مشاوير ع مهلك عليي دخلك يا هوى خبرتني أختي عن قصص ومشاوير كيف كان ينطرها وتبكي كتير كتير وتحكيلي وتقلي وما اعرف شو تقلي تحكي وبعينا الدمعة من كتر النوى ع مهلك عليي دخلك يا هوى آخدني لوين دخلك يا هوى آخدني بايدي وعم نركض سوا قلبي بعدو صغير ع هيك مشاوير ع مهلك عليي دخلك يا هوى حلفتك بعيوني الما شافو غيرك انت لما بتبقى وحدك قول خطيي هالبنت ما بدي نطرها ما بدي سهرها وتعا لعنا ليليي ت نقعد سوا ع مهلك عليي دخلك يا هوى آخدني لوين دخلك يا هوى آخدني بايدي وعم نركض سوا قلبي بعدو صغير ع هيك مشاوير ع مهلك عليي دخلك يا هوى
0547,Yara,لو عندي قلبين (Law Endi Albayn),Levantine,لو عندي قلبين بحبك فيهن الاتنين ولو عشنا للميّة بتمنّى حبّك عمرين آه عمرين بحبك فيك بحسّ لما بتطلع فيّي وحدك انت وبس اللي بتشتقلك عينيّي بحبك فيك بحسّ لما بتطلع فيّي وحدك انت وبس اللي بتشتقلك عينيّي لو عندي قلبين بحبك فيهن الاتنين ولو عشنا للميّة بتمنّى حبّك عمرين آه عمرين خدني نروح بعيد وتغزّل بعينيّي بحبِّك قولا وعيد ولحّنها بغنيّة خدني نروح بعيد وتغزّل بعينيّي بحبِّك قولا وعيد ولحّنها بغنيّة لو عندي قلبين بحبك فيهن الاتنين ولو عشنا للميّة بتمنّى حبّك عمرين آه عمرين
0548,Yara,ما بصدق (Ma Bsadek),Levantine,ما بصدّق مشتاق ما بصدّق مغروم ما بصدّق إحساسك كلّو مخربط مش مفهوم ما بصدّق مشتاق ما بصدّق مغروم ما بصدّق إحساسك كلّو مخربط مش مفهوم ما بذكر كلمي قلتا منك مره وصدقتا ما بذكر كلمي قلتا منك مره وصدقتا ما تحكي ما تلوم جايي توعّي فيّي أحلامي من جديد وتحلف بعينيّي ونفس الكذبي تعيد جايي توعّي فيّي أحلامي من جديد وتحلف بعينيّي ونفس الكذبي تعيد ما بذكر كلمي قلتا منك مره وصدقتا ما بذكر كلمي قلتا منك مره وصدقتا ما تحكي ما تلوم
0549,Rowaida Attieh,فجر جديد,Levantine,هالبنت حلوه يا فراشة وطايرة الألوان عـ جناحاتها شو حايرة بتغط ع زهرة بتضيع بالزهرة أحلى وأحلى جنة عطر ومقطرة تبكي شو هالإيام بتخرِّس الأحلام والابواب مسكرة كبرت وكبرت والعطر بعدو عتيق بيدق باب الحب طفل، بلكي هالفجر يفيق كبروا وكبروا انحرقوا بنار الشوق انحرقوا ما تابوا كبروا وكبروا والشوق للدنيا لأبواب مفتوحة بيطل فجر جديد وينشف جروحا والشب مانو بطل ع قد حاله بيحلم بحرية وبيقطف خياله بيرتب الأحلام هو وأصحابه صورة عمُر ومبروزة وفيها اللي غابوا ما غابوا ما غابوا ما غابوا ما غابوا
0550,Hoda Haddad,دولاب الهوا (Dulab al-hawa),Levantine,طير يا دولاب الهوا خبرني قصص الهوى انا حدك بنت صغيرة يطيرلا شعراتا الهوا خلصني من ضجر العمر ومن هم الكبر خدني للصبيان السمر ولولاد القمر سفرني ع جوانح ورقة الدنيي مش أغلى من ورقة وخبرني حكايات الهوى ودولب يا دولاب الهوى
0551,Hoda Haddad,كرمك يا بو عيون السود (Karmak ya bou 'youn essoud),Levantine,كرمك يا بو عيون السود طاب وحليو عناقيدو ضيفنا منو عنقود ومنا خود ال بتريدو كرمك يا دهب غالي بالهوى عم بيلالي نسر وطاير بالعالي وما في حدا بيصيدو ضيفنا منو عنقود ومنا خود ال بتريدو كرمك يا بو عيون السود طاب وحليو عناقيدو ضيفنا منو عنقود ومنا خود ال بتريدو كرمك يا بو الحبايب ناطورو عنو غايب جايي المحبوب وجايب عنقود كبير بايدو ضيفنا منو عنقود ومنا خود ال بتريدو كرمك يا بو عيون السود طاب وحليو عناقيدو ضيفنا منو عنقود ومنا خود ال بتريدو كرمك بحر بعيد بعيد وبتضيف منو بيزيد بنسى كل المواعيد وما بنسى مواعيدو ضيفنا منو عنقود ومنا خود ال بتريدو كرمك يا بو عيون السود طاب وحليو عناقيدو ضيفنا منو عنقود ومنا خود ال بتريدو
0552,Akher Zapheer,تصبيره (Tasbeereh),Levantine,كل ما بفرد بحاول أطيــــــر زي البحصة بتطلعيلـي كل ما بفرد بحاول أصيــــــر بتصير غصّة بالمريء وأنا بالضبط كتير مستصعب وإنتي شهيــــــق بتحتاج زفير تعي عنــدي جمعة عـسبت زي كل هالناس خلينا نطير الموضوع مش كبت Let's make some حب Let's make أطفــــال يا حب الحــب أنا كبرت كتير مستصعب أنا بدي بيـت فيّو إنتـــي كل ما بفرد بحاول أطيــــــر زي البحصة بتطلعيلـي أنا بالزبط كتير مستصعب أنا بدي بيـت فيّو إنتـــي
0553,Hoda Haddad,رن التلفون (Rann Et-telefon),Levantine,قلي التلفون تلفن لك من ساعة قلي التلفون ورنلك شي ساعة انا قلو اصبور راح ترجع انطور وصارت تبكي السماعة قلي التلفون كان صوتو تعبان ضجة وناس يمكن من شي دكان قلي مسافر تحت الشتي مسافر سلملي عليها وع اللفتة اللماعة وصارت تبكي السماعة قلي التلفون تلفن لك من ساعة قلي التلفون ورنلك شي ساعة انا قلو اصبور راح ترجع انطور وصارت تبكي السماعة لو يا تلفون سليتو ت جيت ما تعلمت تحكي كلشي عليك حكيت انا سهراني وراح ابقى سهراني يمكن يتذكرني ومن ساعة لساعة يندهني من السماعة قلي التلفون تلفن لك من ساعة قلي التلفون ورنلك شي ساعة انا قلو اصبور راح ترجع انطور وصارت تبكي السماعة
0554,Hoda Haddad,سوا يا حلو سوا (Sawa ya helou sawa),Levantine,سوا يا حلو سوا على طريق الهوى نمشي دني.. نعمر دني وقمر الليالي هني سوا يا حلو سوا غصن الزنبق التوى وطارت خصل.. وتقطف خصل وتزرع الروابي غزل يا تعب السهرية يا فرح الغنية قلبي راح بيطير والمشاوير تبعت فيي سوا يا حلو سوا علينا يهب الهوا ويسهر حكي.. ويتعب حكي وعيون السهر تشتكي يا ورق الرسايل يا شجر اللي مايل قولولي شو صار.. بالأشعار بالرسايل سوا يا حلو سوا عنقودٍ لِنا استوى حبك لنا.. وهجرك لنا والليالي انت وانا
0555,Omayma El Khalil,بيروت - Beirut (Beirut),Levantine,"يه يه يه يا شوارع بيروت الحرب اليومية يا مدينة يا مخزن هم يا هيصة و وحش الجمرية كانوا يتباهوا فيكِ ناموا بحضن المرايا وجوههم صفرا تعاديكِ و انتِ ست الصبايا عز الأهالي الي وضعهم بالي ببيوت جواني ياا يابيروت يه يه يه يا شوارع بيروت الحرب اليومية يا مدينة يا مخزن هم يا هيصة و وحش الجمرية خيراتك يا مدينة, النا نحن زرعناها و عالساحة لما نزلنا كلمتنا قلناها جنوب و شمالي بواريق تلالي وصوات عالعالي يا يا بيروت يه يه يه يا شوارع بيروت الحرب اليومية يا مدينة يا مخزن هم يا هيصة و وحش الجمرية"
0556,Hoda Haddad,الك الهوى (Elak elhawa),Levantine,الك الهوى وسفر الهوى والك الدني رحلات والنا نشتكي ونألف حكي ونشرد ورا الحكايات الك القمر وليالي القمر وغناني الهنا الحلوين والسهر لنا وليلات الضنا ونألف تلاحين صوتك عطي هالليل عتماتو وغلغل فيه وجهك عطي هالبحر موجاتو وغنانيه وتنفتح دني وتنغلق دني وعيونك لنا يقولو شباك الهوى ع مهب الهوى مشرع على طولو
0557,Hoda Haddad,من يوم ليوم (Men yaum la yaum),Levantine,من يوم ليوم.. بتفتح سوسني من يوم ليوم.. وتلون هالدني ويرجع الهوى.. يجمعهن سوا وبيلتقوا بيوم.. من يوم ليوم إذا يا حبيبي عدنا التقينا بي هالشوارع عدنا التقينا راح قلك شو بني وبتعرف شو بني وترجع ليالينا تسأل علينا وإذا يا حبيبي صدفة تقابلنا بالعمر الضايع صدفة تقابلنا نترافق ع طريق ومنسافر ع طريق ونقول حكايتنا وننسى شو قلنا من يوم ليوم.. بتفتح سوسني من يوم ليوم.. وتلون هالدني ويرجع الهوى.. يجمعهن سوا وبيلتقوا بيوم.. من يوم ليوم
0558,Salah El Kurdi,القلوب تكسرت (El Ouloub Etkassarit),Levantine,انا حاسس اني ضعيف حاسس اني خفيف عم طير من هبة هوا هيدا هواكي وجرحك جواتي وقلبي تعبان وما ملاقي دوا x2 شو يعني تركنا بعض وقلوبنا بعدا مع بعض والدنيا قسيت علينا وجروحا كترت هالقلب بعدو القلب اللي عشقك وحب حرام اللي صار فينا القلوب اتكسرت x2 أنا عندي أمل كبير وبقلبي احساس كبير انو بالآخر رح نرجع ل بعض م قلبك جواتي وبتنفس هواكي وحبك باقي محللو لو  برمت هالارض شو يعني تركنا بعض وقلوبنا بعدا مع بعض والدنيا قسيت علينا وجروحا كترت هالقلب بعدو القلب اللي عشقك وحب حرام اللي صار فينا القلوب اتكسرت x3 القلوب اتكسرت القلوب اتكسرت
0559,Hoda Haddad,يا هيفا (Ya Haifa),Levantine,يا هيفا صار اللي صار والهوى عم يلعب بالدار قالوا عندك طلع اللوز وما بقى يرتدوا الزوار يا هيفا صار اللي صار قلبك عم يلعب بالنار بكرا بتلاقي العشاق واحد غط وواحد طار يا قمر يا عالي ضلك بالعلالي بتعرفني سهراني لا تتركني لحالي ويا حلو يلي كنت تغار وتكتب لي حب وأشعار شو بنا خلص الماضي وما بقى في عندك أسرار يا هيفا صار اللي صار قلبك عم يلعب بالنار بكرا بتلاقي العشاق واحد غط وواحد طار لاقاني لاقاني على دربي لاقاني وقّف هالسيارة وحاكاني وسماني وقلي نحنا كنا صغار انتي وانا جارة وجار قلتلو مخطوبة وخطيبي عليي بيغار يا هيفا صار اللي صار قلبك عم يلعب بالنار بكرا بتلاقي العشاق واحد غط وواحد طار
0560,Tamer Nafar,انا و انتي part 2,Levantine,"تامر حكي: قبل سنين سجلت أغنية حب للراب أخترتك وتبنيتك من الشوارع هلأ بعد سنين لسا برجع وبقول للراب أنت اللي باقيلي أنت, من زمان مش من يومين لازمة (مأخوذة من حسنة المغربية) أنت اللي باقيلي أنت من زمان, مش من يومين أنت اللي باقيلي أنت من زمان, مش من يومين أنت اللي باقيلي أنت من زمان, مش من يومين أنت اللي باقيلي أنت من زمان, مش من يومين تامر راب: هادي أنا وأنتي الجزء التاني لسّاتك جزئي التاني علاقتنا حسب قانون الفيزيا كل ما بخف نورك بخف خيالي عيون العالم تغمّض, وأنتي مصحياني على أيقاع الشخير والصراصير, همسالي كلمات سرّية تفتحلي بواب سحرية, وراها وراق طاهرة مربوطة بأسطر زي الطقوس اللي يقدمو فيها عذراء كضحية أفترسها بأصابعك, أسكب دمها بأقلامك, خود منها مرتين باليوم روشيته لأبداعك اللي حوالي ما يفهموكي فا بتهموكي أنك عبارة عن ضجة, مش عارفين ضجتك مسكن هدوئي مش حتمسكن شوفي, مش حتعصبن روقي منهم أتألّم منك أتعلّم كيف أتكفّل جروحي أسم على مسمّى فيهم بنفر, ولا همسة تتدخلوش, بيجي يوم بنشوف, متذكرة؟ ""بعطيكي عيني التنتين"" أعطيتك, هلأ كيف أشوف اللحظة؟ بحبك, أشّر عليكي حبي الأعمى لازمة (مأخوذة من حسنة المغربية) أنت اللي باقيلي أنت من زمان, مش من يومين أنت اللي باقيلي أنت من زمان, مش من يومين أنت اللي باقيلي أنت من زمان, مش من يومين أنت اللي باقيلي أنت من زمان, مش من يومين تامر راب: بكرهك آه زي مانتي سامعة, بكرهك تعرفي بأيش مرات بشبهك؟ بعاهرة لأنك كتير مكلفة, محنتيني وجيوبي مفلسة, عاهرة مجربة من زمان دخلت فيكي ولساتك مش مخلصة من ال 98 مرقو تمن سنين ولا مرة جيت طلبت ترجعيلي ثمن السنين غلطي أنو بتطلع على صحابي وبقارنهم بنفسي ""آلو, تعا خدني من الأستوديو, ماعيش مصاري لتاكسي"" وال قديش سطحي, مين كان يصدق أنو هاد حكي هاد اللي هلأ كان على المنصة يصرخ راب عربي !! تنين متجوزين أحلى لبس نلبس قبال الكل بنبتسم نوصل الدار والأقنعة بتنزل أنفصام شخصية, معركة داخلية مهما تكون النتيجة أنا الضحية, متلا"" أنا بقول- بكرهك, بديش أياكي, اطلعي من حياتي وأيش بسوي بوقت الوحدة- بكتب أغنية تامر حكي: بالظبط, بعاود أكتب أغنية, هيك تعلمنا حبي في حواجز بنكسرها, في جدار بنحطمو وهلأ, بس طبعا"" بمساعدتكم أنتو هاي لكل اللي كانو مع الهيب هوب العربي من الأول أيش رأيكم نوخود المستمعين لرحلة تاريخية ؟ أرجعوا شوي لورى, 10 سنين, جاهزين؟ هلأ أخترتك وتبنيتك من الشوارع واللي بدوش يسمع خليتو سامع عملت حبنا مقبول عند شعبي كل كلمة حكيتلك أياها طلعت من قلبي سويتك منا وفينا ودخلتك داري صرت حاطط عليكي كتير كتير مصاري ولا مرّة جيت طلبت ترجعيلي كل اللي طالبه لما أنجرح داويني"
0561,Hoda Haddad,جرايد (Jarayed),Levantine,جرايد جرايد بايدين الناس عناوين زرقا وحمرا ع وجوه الناس عناوين.. عناوين كل يوم عناوين كل يوم بتتغير العناوين اكتبني يا حبيبي.. قصيدة قصيدة حزينة بكتاب وخبيني ولا تعملني عنوان بجريدة والهوا يرميني بشوارع المدينة رسايل رسايل ع بيوت تروح مكاتيب ع القهاوي تجي وتروح مكاتيب مكاتيب للحب مكاتيب وبينتسى اللي انقال بالمكاتيب اكتبني يا حبيبي.. قصيدة قصيدة حزينة بكتاب وخبيني ولا تعملني عنوان بجريدة والهوا يرميني بشوارع المدينة
0562,Saad Ramadan,مسبع الكارات (Mesbee Al Kaaraat),Levantine,ع مين جاية تلعبي بشرع الهوى؟ اللي عنده أحبابه ما بيبرم ع حبايب ولما الجرح بيصير أقوى من الدوا قدام باب السبع ما بتوقف دياب يوبي يا يوبي مسبع بالحب الكارات لا تتعدي ع كاري الدنيا مليانة بنات لا تصبي الزيت ع ناري مسبع بالحب الكارات لك لا تتعدي ع كاري الدنيا مليانة بنات لا تصبي الزيت ع ناري ناري غيرة ولعانة خوفي تهب بثواني أخضر يابس ما بيضل الناس بتحكي أخباري ناري غيرة ولعانة خوفي تهب بثواني لك أخضر يابس ما بيضل الناس بتحكي أخباري مسبع بالحب الكارات لك لا تتعدي ع كاري الدنيا مليانة بنات لا تصبي الزيت ع ناري الغيرة برة خليها لك لا تتحديني فيها وعيونك والله ببكيها بخليكي تحتاري الغيرة برة خليها لا تتحديني فيها وعيونك والله ببكيها بخليكي تحتاري مسبع بالحب الكارات لك لا تتعدي ع كاري الدنيا مليانة بنات لا تصبي الزيت ع ناري إلا بقلبي الدفيان ما بتحسي بالأمان بعمره ما بيدفى البردان اللي لابس توب عياري إلا بقلبي الدفيان ما بتحسي بالأمان بعمره ما بيدفى البردان اللي لابس توب عياري مسبع بالحب الكارات لك لا تتعدي ع كاري الدنيا مليانة بنات لا تصبي الزيت ع ناري
0563,Kamilya Jubran,بحب البحر,Levantine,بحب البحر لمّا يزوم.. و أعشق صرخته في الريح ! بحس في موجه شوق مكتوم.. لناس حُرّة و حياة بصحيح ! و أحبّه لمّا يتهادي و أدوب لمّا يوشوشني و يفرش موجه سجادة.. في أحلامي تعيشني ! ملوش أول..ملوش أخر قراره طاوي اسراره ! و دايماً في الهوي مسافر.. ولا نهاية لمشواره ! بحب البحر..أحب البحر.. و أعشق ضحكته و آنه ! و أحب الناس..أحب الناس.. ماهم فيهم حاجات منه ! و أحبك يا اللّي أحلامي.. في هواكي زهزهوا و غنّوا ! يا بلدي ياللّي و أنا فيكي عيوني ليكي بيحنّوا ! بحب الورد فوق السور و أعشق ضحكته الفانية و أحس في ريحته شوق مسحور .. لناس حرّة و حياة تانية ! و أحبه بين ايدين عشاقْ.. رسالة مهفهفة بأشواقْ ! و حتي و هو بلا أوراقْ كتاب العشق ، ذكرى فراقْ حياته في الهوي ليلتين.. و عمره ما كان بعمره ضنين ! يرش هواه علي الماشيين.. و يتقاسمه مع الجايين ! بحب الورد بحب الورد و أعشق ضحكته و آنّه و أحب الناس..أحب الناس ماهم فيهم حاجات منه و أحبك ياللّي أحلامي.. في هواكي زهزهوا و غنّوا يا بلدي ياللّي و أنا فيكي.. عيوني ليكي بيحنّوا ! بحب البحر..بحب الورد.. و أحب الناس ! و أحب نعيشها أحرار مرفوعين الراس ولا تفرّقنا لا الألوان ولا الأجناس و أدوب في آدان يرفرف ، تحضنه أجراس تعالوا نقيم لبكرة الجاي .. يا ناس قداس !!
0564,Myriam Klink,الزعيم (Al Zaaim),Levantine,بدنا زعيم يكون من الشعب وعلى الشعب يكون قلبه ما بدنا زعيم ينفذ أوامر وينتمي لغير شعبه بدنا زعيم يكون من الشعب وعلى الشعب يكون قلبه ما بدنا زعيم ينفذ أوامر وينتمي لغير شعبه حق الإنسان إنو يعيش بأمان وما حدا يتدخل فيه خلقت الثورات تتنهي التراث وللشعب حقه تعطي حق أي شخص يترشح تيكون وزير أو نائب حتى لو فقير ومش ضروري بيه أو جده يكونو من الأكابر حتى يصير حق أي شخص يترشح تيكون وزير أو نائب حتى لو فقير ومش ضروري بيه أو جده يكونو من الأكابر حتى يصير صرنا ملايين بالعالم مغتربين وربيو ولادنا بالغربي ليش ما منكون كلنا مجتمعين تنحمي تراب الارزة
0565,Adonis Band,نهارك سعيد (Nharak Said),Levantine,معقول عن جديد أنا نسيت وإنتَ نسيت عَ طول، مش أكيد شو صار بالتحديد وبتقول نتنـاسى ويا ريت نستفيد أنا كمان بفكّر فيها ما تفكر حالك وحيد معقول عن جديد أنا نسيت وإنتَ نسيت شو خبّينا بالصندوق؟ روح نهارك سعيد –------------ معقول عن جديد انك تكون نسيت لأنو مش أكيد شو الي صار بالتحديد! أنا بقول تتناسى بس ما بعرف شو بتستفيد يا روحي كلنا مرقنا فيها .. ما تفكر حالك وحيد! معقول عن جديد انك تكون مشيت شو مخبى بالصندوق روح نهارك سعيد
0566,Yara,في قلوب (Fi Oloub),Levantine,في قلوب بتحب قلوب بتدوب فيها بتدوب وفي قلوب بتقسى وبتحن بتنسى وما فيها اتوب في قلوب بتحب قلوب بتدوب فيها بتدوب وفي قلوب بتقسى وبتحن بتنسى وما فيها اتوب في قلوب بتقوينا بكلمة بتوعينا وقلوب بلحظة بتجن بتبعد وبتنسينا وفي قلوب بتقسى وبتحن بتنسى وما فيها اتوب في قلوب بتحب قلوب بتدوب فيها بتدوب وفي قلوب بتقسى وبتحن بتنسى وما فيها اتوب في قلوب لما بتحكي بترجعلك الضحكة وقلوب منها بتعن من قسوتا بتبكي وقلوب بتقسى وبتحن بتنسى وما فيها اتوب في قلوب بتحب قلوب بتدوب فيها بتدوب وفي قلوب بتقسى وبتحن بتنسى وما فيها اتوب
0567,Hoda Haddad,قمر الزمان (Qamar azzaman),Levantine,ما عندي أساور ولا عندي مرجان ت اهدي حبيبي حبيبي العشقان رح قدملو بعيدو قمر الزمان قالولي نيالك فيكي تهدي قمار ونحنا مش قدرتنا نودي شلح غار قلتلن في عنا سطيحة حلوي ودار بيتجمعو فيها مطرح ما في قمار قمر تنورين وقمر بتدّين وقمر الحلوين وقمر الزمان ما عندي أساور ولا عندي مرجان ت اهدي حبيبي حبيبي العشقان رح قدملو بعيدو قمر الزمان قلتلن حبيبي قلال المتلو كتير بحبو كتير بحبو وحدو أنا بطير بيتو مضوي وعالي وع جبل كبير وقمار الليالي انحسدو منو كتير قمر الدوار وقمر شمستار وقمر كفرغار وقمر الزمان ما عندي أساور ولا عندي مرجان ت اهدي حبيبي حبيبي العشقان رح قدملو بعيدو قمر الزمان
0568,The Synaptik,شكلو الحب ببلاش,Levantine,"شكلو الحب ببلاش شكلو الحب ببطاطا نراكض من النهار لليل مش عارفين نرتاح مضلش في طاقة بقلك شكلو الحب ببلاش (فيرس اول) عمي انسى فكرة تدفع الثمن جرحك الك لكن سيبو للزمن هوي يداوي انساك من الناس انساك بلاش تنساك الناس ويبطل في امل معلق على طلوع ساكن فيا جوع بنصلي لمحمد ويسوع بلكي زبطت معك لعبة كراسي براسي انا من راسي تعبان ضلني لفلف بالاراضي شقلب فرحة زعلات طلوع ونزلات ووقت الصبح بالذات مرات بكون عبالي هسا ادير عحالي كاز وولع بالوحوش شكلو الدنيا دروس عمي تعبت اموت وانا غوص صار الوقت نروق (لازمة) شكلو الحب ببلاش شكلو الحب ببطاطا نراكض من النهار لليل مش عارفين نرتاح مضلش في طاقة بقلك شكلو الحب ببلاش (فيرس ثاني ) Yesterday we was chasing rainbows After all the glow , I know where the rain goes Maybe next time ima bring a rain coat And walk my path , in the valley of shadows Oopie doopie , all the time I’m fucking moving Ima write a good story of my life and then turn it Into a movie I know this life can never do me wrong Cause I been turning everything it’s throwing at me Into songs Then I dance to it , with all my heart and my ache Like a conduit , I know I got what it takes So I give you all of me for free Even though some might say (لازمة) شكلو الحب ببلاش شكلو الحب ببطاطا نراكض من النهار لليل مش عارفين نرتاح مضلش في طاقة بقلك شكلو الحب ببلاش"
0569,Hoda Haddad,شو قلتلا شو قالتلي (Shou eltella shou aletli),Levantine,شو قلتلا شو قالتلي.. ما بقى اتذكر بتذكر لما ضحكت لي.. ضحكتلا واكتر اتركوني ت روق.. يمكن ارجع فوق يمكن بتذكر شو صار.. وع القصة منسهر عطوني مزهرية.. ت خبي الأسرار ويا طير ال ع المية.. خبرهن شو صار كان في زهر ونار.. واحترق المشوار وبلا مشوار منين منرجع.. والطقس تغير شو قلتلا شو قالتلي.. ما بقى اتذكر بتذكر لما ضحكت لي.. ضحكتلا واكتر اتركوني ت روق.. يمكن ارجع فوق يمكن بتذكر شو صار.. وع القصة منسهر أنا فتحت عيوني.. ولقيت حالي كبير كلن سبقوني.. وطاروا العصافير ولقيت حالي كبير.. كيف راح بقدر طير قولولي شو بدي اعمل.. ت ضل صغير شو قلتلا شو قالتلي.. ما بقى اتذكر بتذكر لما ضحكت لي.. ضحكتلا واكتر اتركوني ت روق.. يمكن ارجع فوق يمكن بتذكر شو صار.. وع القصة منسهر
0570,Yara,ع قلبي تعى (Aa Albi Taa),Levantine,ع قلبي تعى تعى دقاتو ميّي اسمعا ع قلبي يلا تعى البوسي ع خدّي اطبعا ع خدي البوسي اطبعا ع قلبي تعى تعى دقاتو ميّي اسمعا ع قلبي يلا تعى البوسي ع خدّي اطبعا ع خدي البوسي اطبعا بحلف غيرك ما بدّي ما تبعد ضلّك حدّي وضحكاتك صوبي ودّي قلوب الناس انفقّعا ع قلبي تعى تعى دقاتو ميّي اسمعا ع قلبي يلا تعى البوسي ع خدّي اطبعا ع خدي البوسي اطبعا خلّينا سوا سوا نرقص ونشمّ الهوا خلّينا يلّا سوا انت لقلبي الدوا ولقلبي انت الدوا خلّينا سوا سوا نرقص ونشمّ الهوا خلّينا يلّا سوا انت لقلبي الدوا ولقلبي انت الدوا غالي ع قلبي غالي بحبك اكتر من حالي ولما بتخطر ع بالي الدنيي حلوي بقشعا ع قلبي تعى تعى (يلا تعى) دقاتو ميّي اسمعا (اسمعا) ع قلبي يلا تعى البوسي ع خدّي اطبعا ع خدي البوسي اطبعا ع قلبي تعى تعى (تعى تعى) دقاتو ميّي اسمعا (اسمعا) ع قلبي يلا تعى البوسي ع خدّي اطبعا ع خدي البوسي اطبعا
0571,Hoda Haddad,زهرة السواقي (Zahret Essawa'i),Levantine,زهرة السواقي.. في لها العصفور وشموع الليالي.. الهن الصلاه والبنت اللي باقي.. وجها عم بيدور نجمة بالقصايد.. انتا الا نسمة الروابي.. بتحب العنب وبتحب الصفصافي.. زهرا من الحقول والحلوي اللي رابي.. حلقها ع الدهب واسما ع القوافي.. بتحبك ع طول زهرة السواقي.. في لها العصفور وشموع الليالي.. الهن الصلاه والبنت اللي باقي.. وجها عم بيدور نجمة بالقصايد.. انتا الا بترجع اليمامي.. بتنقي القرميد وبتنقي الأغاني.. بفي الشبابيك وهي من الأسامي.. ان حبت من جديد انت مرة ثانيي.. ترجع تنقيك زهرة السواقي.. في لها العصفور وشموع الليالي.. الهن الصلاه والبنت اللي باقي.. وجها عم بيدور نجمة بالقصايد.. انتا الا
0572,Hoda Haddad,ع الشارة التقينا (A' shara lta'aina),Levantine,ع الشارة التقينا.. والشارة حمرا والتقوا عينينا.. لأول مرا جرب يحكي كلمي يسألني ع اسمي هدر الهدير عليو الزمامير ومشيت الشارة الخضرا هو راح شمال.. أنا رحت يمين راح تبعد المسافة.. وتصير سنين يا ريت بقينا.. ع الشارة مسمرين ت يخلص الحكي.. ت يشبع الحنين ويوقف نهر السيارات.. بالمرا وتضل الشارات.. حمرا حمرا حمرا ع الشارة التقينا.. والشارة حمرا والتقوا عينينا.. لأول مرا جرب يحكي كلمي يسألني ع اسمي هدر الهدير عليو الزمامير ومشيت الشارة الخضرا واذا مرة بعد.. ع الشارة بكير على غفلة التقينا.. حبيبي خدني وطير تجمعنا سيارة.. وتندهنا مشاوير معك أنا ع طول.. والفرح دربو كبير يفضى وسعك يا طرقات.. بالمرا وتصير الشارات.. خضرا خضرا خضرا ع الشارة التقينا.. والشارة حمرا والتقوا عينينا.. لأول مرا جرب يحكي كلمي يسألني ع اسمي هدر الهدير عليو الزمامير ومشيت الشارة الخضرا
0573,Hoda Haddad,جمعت الكلام (Jema't el kalam),Levantine,جمعت الكلام زينت الكلام حتى قلو روح انساني يا غرام ولِم اجا حبيبي وحاكاني حبيبي طلع الهوى واخد الكلام يا شعرا البتلمو بكي من ليل الهوى المجروح بيعوني بيعوني حكي شي كلمة ت قلو يروح ت قلو يتركني ت قلو ما يتركني ت قلو يتطلع بعيوني حرام جمعت الكلام زينت الكلام حتى قلو روح انساني يا غرام ولِم اجا حبيبي وحاكاني حبيبي طلع الهوى واخد الكلام أنا يا أنا شو بني وعيوني سفر ودموع التقينا وما في بهالدني وبقلبي غير صوتو مسموع ويقلي ردي عليي حاكيني وردي عليي حاكيني حاكيني.. بتضحك الأيام جمعت الكلام زينت الكلام حتى قلو روح انساني يا غرام ولِم اجا حبيبي وحاكاني حبيبي طلع الهوى واخد الكلام
0574,Hoda Haddad,لو بعرف (Law Ba'ref),Levantine,لو بعرف حب كنت بقلك كيف العالم بيحبوا لو بعرف حب كنت بدلك ع حب مضيع دربو لو بعرف حب لو بعرف لو بعرف حب لو بعرف حب بغنيلك شي غنية غنية حب مقطوفة من صبية ودتها لشب بالمخفي بشنتة كتبو لو بعرف حب ت قلك كيف بيحبوا لو بعرف حب بسرقلك شي قصيدة قصيدة حُب كل قوافيها جديدة من شاعر حَب وصوَّرها بدمعة قلبو لو بعرف حب ت قلك كيف بيحبوا لو بعرف حب كنت بقلك خبرني خبرية حُب تحملني وتطيرني على قلب الحُب وبغلغل وحدي بعبو لو بعرف حب ت قلك كيف بحبو لو بعرف حب كنت بقلك كيف العالم بيحبوا لو بعرف حب كنت بدلك ع حب مضيع دربو لو بعرف حب لو بعرف لو بعرف حب
0575,Hoda Haddad,بحبك يا حلو (Bhebbak ya helou),Levantine,بحبك يا حلو بحبك ومتلي ما حدن حبك حاكيني بكيني خليني بقلبك بحبك يا حلو يا حلو يا حلو بحبك يا حلو بحبك ومرة بقهوة صغيرة حكيتلّي ع الغيرة وصارت تكبر تكبر تكبر بعينيي الحيرة خبيت وجهي بايديي ت ما تضحك عليي وبتذكر شو قلتلّي اني وحدي بقلبك بحبك يا حلو يا حلو يا حلو بحبك يا حلو بحبك ومن يومة السهرية صار عندي خبرية وليليي عم بسهر بسهر ت تطل الصبحية شو بدي قول لأمي لما رح تعرف همي فزعانة افتح تمي وتعرف امي بحبك بحبك يا حلو يا حلو يا حلو بحبك يا حلو بحبك بحبك يا حلو بحبك ومتلي ما حدن حبك حاكيني بكيني خليني بقلبك بحبك يا حلو يا حلو يا حلو بحبك يا حلو بحبك
0576,Christmas Carols,لَيْلَة الصَّمْت (Laylat Al-Samt),Levantine,لَيْلَة الصَّمْت، لَيْلَةُ الْقُدْسِ هُدْنَةُ رِضَاهُ، هُدْنَةُ رِضَاهُ حَوْلَ الْعَذْرَاءِ وَابِيهَا مَقَدَّسَ وَرَفِيقٍ نَمْ فِي سَلَامِ السَّمَاءِ، نَمْ فِي سَلَامِ السَّمَاءِ
0577,Kamilya Jubran,ونبني,Levantine,في النار وقفتُ لأكتب تاريخكِ في دفتر أحلامي الضائع في النار فتحتُ المستقبل موعودا ً نافذة لي وصعدتُ الى أعرابكِ، منحدرا ً من آخر برق ٍ في هذا الأفق النائي متشحا ً مثل نذير مهموم برداء خساراته يمضي بين مغول يلتهمون قلاعك في الظلمة فاجتزنا في وحدتنا الانهار المفروشة بالطحلب والعوسج والبردي جيش وثنيٌ في وادي الآلام سألتُ، حيث يسيل الدم من نبع في خاصرة الارض أأقدرُ أن أحذف هذا التاريخ الدموي وأكتب تاريخي وحدي في ليلك أصرخ ياصحراءَ جدودي مبتهجا ليعمْ وديانك ِ حبي حتى ان كنت ِ ترابا ً مغسولا بدمائي أو وطنا ً من دمع يُسكب ُ فوق حجارك ِ آه أنت الاخرى أيتها الممتدة كالصرخة ياطرقي امبلجي، انبثقي في وجه قوافلك انفتحي، احترقي بشموسك أحملها أبدا ً في كفي أدلقها واحدة بعد الاخرى من اجلك فوق ظلام العالم آه، أين الانسان المطرود من الجنة هذا الجالس في مقهى العالم يصطاد الالفاظ هذا القادم من حرب خاسرة أبداً هذا الواقف عند بيوت المنفيين آهٍ أطلق صرختنا حتى إن لم يسمعها أحد في الريح حتى إن ظلت خرساء على فمك ِ الاخرس وتعال ادخل مملكتي من نافذتي المفتوحة من أجلك منذ عصور لنؤلف جيش العودة، حيث نقاتل في صف المنسيين ونبني عاصمة اخرى للعالم
0578,Christmas Carols,أهلا بيسوع (Ahla Bi Yassouh),Levantine,خلو الزينة حلوة و الألوان نجوم نجوم و تضوي وين ما كان خلو الزينة حلوة و الألوان نجوم نجوم و تضوي وين ما كان تراتيل وألحان صار الليل شموع ميلادك يسوع عم يكتب للدني حكايي أهلا بيسوع صوت الفرح مسموع ع القلوب البيضا يا زغار الكون لاقو يسوع جايي وعلى دربو صوت جراس واسع واسع قلبو لك الناس جاي جايي وعلى دربو صوت جراس واسع واسع قلبو لك الناس جاي وحبو ما ينقاس صار الليل شموع ميلادك يسوع عم يكتب للدني حكايي أهلا بيسوع صوت الفرح مسموع ع القلوب البيضا يا زغار الكون لاقو يسوع
0579,Hoda Haddad,سهرة جديدة (Sahra Jdedi),Levantine,سهرة جديدة ورقصة جديدة صداقة جديدة وعدتو جايي ومهدايي قلبي بايدي يا خوفي يا همي لو عرفوا الجيران ويقولوا لأمي كان معها سهران ويلهوني وينسوني مواعيدي وهو ناطرني ت يسهرني بليلة عيدي سهرة جديدة ورقصة جديدة صداقة جديدة وعدتو جايي ومهدايي قلبي بايدي كيف مرق علينا وصدفة ناطرين كأنو تلاقينا وحكينا من سنين كلمة ورقصة وبديت قصة من التنهيدة شي ينهدلي وشي بيقلي ضلي بعيدة سهرة جديدة ورقصة جديدة صداقة جديدة وعدتو جايي ومهدايي قلبي بايدي
0580,Hoda Haddad,قلي الهوى يا حبيبي (Qilli elhawa ya habibi),Levantine,قلي الهوى يا حبيبي كيف وانتا بعيد بيبقى الهوى يا حبيبي من دون مواعيد بيبقى الهوى بيبقى الهوى بيبقى الهوى يا حبيبي بسهر بطول الليل غني وقول نسيت بوعى من دنبي بعدك حبيبي غفيت وان خلصت المواعيد وبقيت انتا بعيد بيبقى الهوى يا حبيبي قلي الهوى يا حبيبي كيف وانتا بعيد بيبقى الهوى يا حبيبي من دون مواعيد بيبقى الهوى بيبقى الهوى بيبقى الهوى يا حبيبي ليش وانت فليت بتقول مشتقلي وصوتك تركني وليش بعدو عم يندهلي وان خلصت المواعيد وبقيت انتا بعيد بيبقى الهوى يا حبيبي قلي الهوى يا حبيبي كيف وانتا بعيد بيبقى الهوى يا حبيبي من دون مواعيد بيبقى الهوى بيبقى الهوى بيبقى الهوى يا حبيبي
0581,Christiane Najjar,يا نبع المحبة (Ya nab' al-mahabbe),Levantine,يا نبع المحبّة، وحدك ساكن قلبي لا تتخلّى عنّا، عينك ع وطنّا بالأيام الصعبة يا نبع المحبّة، وحدك ساكن قلبي لا تتخلّى عنّا، عينك ع وطنّا بالأيام الصعبة ميلادك ميلاد الخير يا نور الحقيقة مابشّرت بغير الخير وخلاص الخليقة وبشّرت بالسلام و عاداك السلام قلتلن يا ربّي دخلك سامح شعبي يا نبع المحبّة، وحدك ساكن قلبي بلادك يا فادي الكون، تقلوا كتير أحمالًا بإيدين بتكره اللون شوهوا جمالا بلادك يا فادي الكون، تقلوا كتير أحمالًا بإيدين بتكره اللون شوهوا جمالا وينك يا يسوع وطنّا موجوع وطنّا يا ربّي نسيتو المحبّة ويا نبع المحبّة، وحدك ساكن قلبي بين الخي وبين الخي بيعدن مشوار بلد الشمس وبلد المي أكلتن النار بين الخي وبين الخي بيعدن مشوار بلد الشمس وبلد المي أكلتن النار الحلا والخضار كلن صاروا غبار حبسونا بعلبي خلّصنا يا ربّي يا نبع المحبّة، وحدك ساكن قلبي يا نبع المحبّة، وحدك ساكن قلبي لا تتخلّى عنّا، عينك ع وطنّا بالأيام الصعبة يا نبع المحبّة، وحدك ساكن قلبي لا تتخلّى عنّا، عينك ع وطنّا بالأيام الصعبة
0582,Hoda Haddad,وديلي سلام (Waddeli Salam),Levantine,سفرك تاعبني.. وآه من السفر حبك مدوبني.. وقلبك من حجر رجعني ع قلبك مشتاقة لقلبك وقلي أنا بحبك يا حبيبي وديلي سلام يا حبيبي حرام حرام يا حبيبي وديلي سلام يا حبيبي حرام حرام يا حبيبي خلصت الأيام وتعب الكلام من كتر مكاتيبي يا حبيبي آه وحياة الليالي.. العشناها سوا ودمع الحب الغالي.. وإيام الهوى وديلي شي بسمة.. ع جوانح شي نسمة وجاوب ع مكاتيبي يا حبيبي آه وديلي سلام يا حبيبي حرام حرام يا حبيبي وديلي سلام يا حبيبي حرام حرام يا حبيبي خلصت الأيام وتعب الكلام من كتر مكاتيبي يا حبيبي صورنا العتيقة.. أكلها الزمان شفلك شي طريقة.. ورجع اللي كان والحب يودينا.. من مينا لمينا وتبرم ليالينا.. يا حبيبي آه وديلي سلام يا حبيبي حرام حرام يا حبيبي وديلي سلام يا حبيبي حرام حرام يا حبيبي خلصت الأيام وتعب الكلام من كتر مكاتيبي يا حبيبي
0583,Lena Chamamyan,يا ظريف (Ya zarif),Levantine,يا ظريف الطول لاحكي قصّتنا اللي عليها كل العالم لامتنا قالوا شو الجرى، شو الجمع شملنا قلنا الله ال راد و وفّق حالنا يا ظريف الطول لاموني هَلي قالو يا قُمرنا أنتي تمهّلي ما تعوفي ديرتنا ولو مهرك غِلي ديرَتي و مهري عيش بقربو انا يا ظريف الطول و لو لامونا لو ولو جاروا علينا و مهما حاولوا ما يصير إلا ال الله رادو و سهّلو هو الحامينا و الجامع شملنا يا ظريف الطول لاموني هَلَك يوم ال قلت اني عشقانة وما اجملك قالوا يا بنيّة كل من عشق هَلك و نهلك لو ما شاخت سوى قلوبنا يا ظريف الطول و لو لامونا لو ولو جاروا علينا و مهما حاولوا ما يصير إلا ال الله رادو و سهّلو هو الحامينا و الجامع شملنا يا با اووووف زيّنوا المرجة، و المرجة لينا، شامنا فرجة و هيّ مزيّنة
0584,Hoda Haddad,اسمي خبيتو بنسمي (Esmi Khabaito bnesmi),Levantine,اسمي خبيتو بنسمي وقلتلا غيبي مين اللي سرقلي اسمي وعطيو لحبيبي سألني سألني والنظر ملبك سألني وين بيتك قلتلو بقلبك شو اسمك جاوبتو أنا اسمي بحبك لشو تعرف مين أنا؟ عيط لي الغريبي ومين اللي سرقلي اسمي وعطيو لحبيبي اسمي خبيتو بنسمي وقلتلا غيبي مين اللي سرقلي اسمي وعطيو لحبيبي وشويي وشويي ويا كلمي ورا كلمي صار يغرق بهمو واشرد أنا بهمي وصار وجهو بعيوني واسمو على تمي وشفت حالي لحالي وبعيدة وقريبي ومين اللي سرقلي اسمي وعطيو لحبيبي اسمي خبيتو بنسمي وقلتلا غيبي مين اللي سرقلي اسمي وعطيو لحبيبي
0585,Terez Sliman,شخر القمر (Shakhr El Amar),Levantine,لو فيو القمر يعتب كان طفّى من زمان شايف الحُر مغلّب شايف كوكب خدران لو فيو القمر دندل راسه وشخّر كمان شايف الغلى مشنشل شايف رِخص الإنسان عشمك فينا خسران يا قمرنا السّهران إمشي وما تفتل ضهرك الحالة بدّا دوزان لو فيّو الهوا يخرم مخّك تقلب فهيم نافخينك داعمينك تا تشمت بالعاقلين لو فيّو الهوا حُرقة ولو بالدّنيا سائلين كنا من دهر وعينا وحرقنا الموازين بس .. غلي البنزين، التعن دينو البنزين يعني لو طلع بايدو ولّع فينا من سنين لو فيّو الشّتا يبكي بدل المرة عشرين كان صفّى هالبشريّة اللي بتاجر بالدّين لو فيو الشّتا يبكي كان غرقت من زمان مش بس الكرة الارضية حتى المجرة كمان بس الشتا عقلان مذوق والله وفهمان اسمحولي انهي الجملة ...
0586,Al Fersan Al Arbaa,السنة مش جايي بابا نويل (El Sene Mech Jayi Papa Noël),Levantine,[الفرسان الأربعة] السنة مش جايي لعِنّا بابا نويل الحالة ما بتسوى، عِنّا الشغل بالويل بيظهر إنو السياسية اللي من دون ألعاب عم يلعبوا بهالشعب من مَيّل لمَيّل [نادر خوري] عملونا متل الطابة بملعب فوتبول نازلين يشوطوا فينا من جول لجول و حاجي ساكت يا شعب إتحرك و إعمول روحوا إتخانَقوا فِلّوا ع نجم سهيل [إيلي خياط] راح يرجعوا و يجتمعوا على الحوار يطرحوا على الطاولة كل الأفكار خايف ع الطاولة ياكلوا سومو و كافيار و نحنا بناكل دَكاطورة ع بات الليل [الفرسان الأربعة] السنة مش جايي لعِنّا بابا نويل الحالة ما بتسوى، عِنّا الشغل بالويل بيظهر إنو السياسية اللي من دون ألعاب عم يلعبوا بهالشعب من مَيّل لمَيّل [سيمون عبيد] وينك يا تلج الأبيض غطي الوديان نَضِّف كل الخطايا، نَضِّف لبنان السياسيين ناطرينك متل الصبيان خدهُن لعندك كِبُّن بشي أوتيل [زياد إيماز] هِنّي ناطرين هدية منك مرسال فِكرُن شي هدية مِغَلَف كله أموال مفتكرينك سلطان محمَّل حِمّال إوعا تيجي، بينهبوك، بتدوق الويل [الفرسان الأربعة] السنة مش جايي لعِنّا بابا نويل الحالة ما بتسوى، عِنّا الشغل بالويل بيظهر إنو السياسية اللي من دون ألعاب عم يلعبوا بهالشعب من مَيّل لمَيّل كيسك صاير صليبك، صليب لبنان تعا إتفرج شو عملوا زعما لبنان قد ما بيحبوا بعضُن ما فيه إنسان إلا هاجر و سافر، طفح الكيل السنة مش جايي لعِنّا بابا نويل الحالة ما بتسوى، عِنّا الشغل بالويل بيظهر إنو السياسية اللي من دون ألعاب عم يلعبوا بهالشعب من مَيّل لمَيّل
0587,Christmas Carols,ميلادك يسوع (Miladak Yesu),Levantine,ضوّينا إيدينا شموع ونسينا العطش والجوع ومسحنا كِل الدموع ميلادك يسوع ضوّينا إيدينا شموع ونسينا العطش والجوع ومسحنا كِل الدموع ميلادك يسوع وبأفقر مكان ع سرير من القش غيرت اللي كان كذب وشر وغش غيِّر الإنسان اللي فينا تنرِش عالدنيي إيان ميلادك يسوع ضوّينا إيدينا شموع ونسينا العطش والجوع ومسحنا كِل الدموع ميلادك يسوع كل ما عام يطُل بوِلادة جديدة تنلي الحِزن يفِل والقسوة بعيدة تِشفي قلوب الكِل تمحي التنهيدة وفينا الخير يحِل ميلادك يسوع وفينا الخير يحِل ميلادك يسوع
0588,Akher Zapheer,تحت البحر الميت (Tahet El Bahar El Mayyet),Levantine,"انا واقف في السما, انا شايف روحي فيك كل الناس تحت رجلك, تطلب موتك و تصلَيك و من فوقك ست نقاط مثلثين عكس بعض خلّت ناس اتعيش فيك, تطلب موتك و تصلَيك و مدد اعطيني موج, مدني جلد و تحمّل مع انك ميَت دوم, موتك زادني اكتر موت انا بلوم مكانك, مكانك كتير استثنائي فصلتلي, يميني عن يساري وانا بلوم ملحك, ملحك انرش بعيوني انت مش متلي, بالسبت بتصلًي سبع ابواق رح تنفخ, و أحنا في البوق السادس ميتين الف الف ليموت تلت الناس و علَيتني عن الارض و حرقت البساتين عاساس اراضيك, و نزلتني اعيش فيك انا واقف قدامك, و كل شي تحت سيطرتك بس النور عم يجرحني, او بالاحرى عم يشفيني وانا بصوم ايَامك, انا مش ملزم بصيامك فطرتني ع كم المعرفة هاي المعرفة من ارثي, مين انت لتمنع عنَي و تحجَمني و تحت سطحك تعيَشني سبع ابواق رح تنفخ, و أحنا في البوق السادس ميتين الف الف, ليموت تلت الناس وانا بدوّر عليكي بدور على عيونك وينك تحت البحر الميّت ريحة الناس بنارك خيلة يا سدوم و عمورة, لا تعيديلنا الذكرى بحرك مات و موتك رحمة عيش و عيّشنا يا ميّت "" لا تصالح ولو توَّجوك بتاج الإمارة كيف تخطو على جثة ابن أبيكَ..؟ وكيف تصير المليكَ.. على أوجهِ البهجة المستعارة؟ كيف تنظر في يد من صافحوك.. فلا تبصر الدم.. في كل كف"""
0589,Hoda Haddad,قصتنا حزينة (Qissitna Hazini),Levantine,قصتنا حزينة قصتنا عذاب لا حبيبي نسيني ولا قلبي داب قصتنا طويلة قصتنا كلام وبكرا بتشكيلي تعب الأيام تعا يا حبيبي حليو العناقيد اكتبلي مكاتيبي بورق المواعيد بعدا على بالي بعدا الحكايات ويضحك بخيالي عتب السهرات لو يا حبيبي تتركني ع باب تتركني غريبي والدنيا ضباب تعا يا حبيبي حليو العناقيد اكتبلي مكاتيبي بورق المواعيد
0590,Fadel Chaker,وين اللي عَمَّر (Wain Elli 'Ammar),Levantine,وين اللي عَمَّر بلدي اللي اتدَّمَر وين اللي رجع وطننا أخضر بأيَّ إيد هدوا جبلنا العالي بأيَّ إيد محيوا أملنا الغالي بأيَّ إيد محيوا أملنا الغالي مهما صار بالقلب باقي متلك ما صار ولا منلاقي مهما صار بالقلب باقي حبك معانا و الله معك مهما صار بالقلب باقي متلك ما صار ولا منلاقي مهما صار بالقلب باقي حبك معانا و الله معك مهما صار بالقلب باقي متلك ما صار ولا منلاقي مهما صار بالقلب باقي حبك معانا و الله معك مهما صار بالقلب باقي متلك ما صار ولا منلاقي مهما صار
0591,Akher Zapheer,ام الموسيقى,Levantine,"شو نفسي اغير حالي, ثنائي قطبي, شو مالي جدار الصمت وشوشني, اكسرني و خدت بتاري من العدم اتخلقت فكره, ما الدنيا هيك بالفطره وحياتي تسيبني بحالي, ثنائي قطبي شو مالي إيه, إيه وهالمصيبه اللي براسي عم تاكل مخي وتكتبني, ايه, ايه شو هالخبيثه شو جابتلي, إم الموسيقى آزريني آزريني, آزريني, آزريني آزريني, آزريني, آزريني شو في جواتي ساكن, قاعد ومرات بَتجَوَّل بإجتماعيتكم راسب, وبحاول ما أتحَوَّل والدنيا طلعت فيلم, وخدّي الأيمن وِرم شو أسيطر تأسيطر, ما البني آدم حيواني وانا كنت مفكرك صاحبي, يا لئيم ما بتلائمني وأنتِ يا هَبّة روحي, ترٓكتينيٓ تارة, و تارة رجعتيلي وفديت انا عمري, قضاء الكون إكتمي, إيه, إيه ما كشفت أسراره, وبالتالي قضى عمري قررت إني أضلني هادي, متمركز بنص نفسي عن حالي شلحت, و لبست ع حالي جلدي شو في جواتي ساكن, قاعد ومرات بَتجَوَّل بإجتماعيتكم راسب, وبحاول ما أتحَوَّل والدنيا طلعت فيلم, وخدّي الأيمن وِرم شو أسيطر تأسيطر, ما البني آدم حيواني وانا كنت مفكرك صاحبي, يا لئيم ما بتلائمني وأنتِ يا هَبّة روحي, ترٓكتينيٓ تارة, و تارة رجعتيلي وهالمصيبه اللي براسي عم تاكل مخي وتكتبني, ايه, ايه شو هالخبيثه شو جابتلي, إم الموسيقى لمستني و أنا زيّ الموج رايح راجع, يمّا وأنا زيّ الموج رايح راجع آه, آه, آه و هالمصيبه اللي براسي, عم تاكل مخي وتكتبني (وانا زي الموج رايح راجع, والدنيا بس عم بتضاجع) شو هالخبيثه شو جابتلي, إم الموسيقى لمستني (وانا زيّ الموت للحب راكع, والحب لحن من روحي طالع) وهالمصيبه اللي براسي, عم تاكل مخي وتارارا (و أنا زيّ الموج, و أنا زيّ الموت) شو هالخبيثة شو جابتلي, إم الموسيقى عإم كلشي"
0592,Hoda Haddad,وحدن انت (Wahdon ent),Levantine,وحدن انت.. والمناديل بذكر بليلة سهري الطويل نطرت كتير.. وقفت كتير أنا والوحشة وقفت كتير عد القناطر والقناديل على شباكي صوت الريح أنا يا خوفي عتب الريح وأنا والليل.. طول الليل تعبت النجمة.. ع باب الليل وتعبوا المحابر والمراسيل وحدن انت.. والمناديل بذكر بليلة سهري الطويل نطرت كتير.. وقفت كتير أنا والوحشة وقفت كتير عد القناطر والقناديل تركوا العشرة.. تركوا الدار تركو الماضي وسهر النار وأنت ما جيت.. وأنا شو بكيت وعدك يمكن حبيبي نسيت وبعدك نجمة سهري الطويل وحدن انت.. والمناديل بذكر بليلة سهري الطويل نطرت كتير.. وقفت كتير أنا والوحشة وقفت كتير عد القناطر والقناديل
0593,Hoda Haddad,يا ظريف الطول (Ya zaref attoul),Levantine,يا ظريف الطول.. يا بو الميجنا بتمرق الإيام.. وبحبك أنا يا ظريف الطول.. صرلك شي سني مغير وعتبان.. غيرت الدني والحلو اللي كان.. يحمل ولدني ما بقى يسأل.. علينا شو بنا يا ظريف الطول.. يا بو الميجنا بتمرق الإيام.. وبحبك أنا يا ظريف الطول.. أهلك تو حلو شو اللي جرى تخمين.. ما عم يسألو ويا هوى الحلوين.. يا عمري الحلو راح تركض الايام.. وشو باقي لنا يا ظريف الطول.. يا بو الميجنا رح تمرق الإيام.. وبحبك أنا يا ظريف الطول.. يا بو الميجنا بتمرق الإيام.. وبحبك أنا بالحوش العتيق.. في بنت وصبي والزهر ال بالحي.. ع حبن ربي يهرب بهالمي.. ويقلا اهربي صرخ الناطور.. فرفطنا الجنى يا ظريف الطول.. يا بو الميجنا بتمرق الإيام.. وبحبك أنا
0594,Hoda Haddad,مرق الهوى (Maraq elhawa),Levantine,كانت الإيام.. ليلكية وينزل اليمام.. ع العلية اقعد ع البوابي.. أنا وصحابي والشجر ع بابي.. عم بتفيي ومَ..رق الهوى نَـ..ـدهني الهوى مرق الهوى ندهني الهوى اخدني.. خطفني سحرني.. سرقني وطيرني الهوى وصرت شوف قمار.. بالليالي وتمرق الأشعار.. على بالي وع شباكي اتكي.. وبدي ابكي وصرت اقعد احكي.. أنا وحالي مَ..رق الهوى نَـ..ـدهني الهوى مرق الهوى ندهني الهوى اخدني.. خطفني سحرني.. سرقني وطيرني الهوى وصاروا يسألوني.. وصاروا يراقبوني وشو بدي قول.. والدمعة بعيوني بقول يا ها الناس.. لا تلوموني مَ..رق الهوى نَـ..ـدهني الهوى مرق الهوى ندهني الهوى اخدني.. خطفني سحرني.. سرقني وطيرني الهوى وطيرني الهوى وطيرني الهوى
0595,Hoda Haddad,بتذكر يا حبيبي (Btezkur ya habibi),Levantine,بتذكر يا حبيبي.. مرة بالخريف؟ كيف كنا عم نمشي.. والشتي خفيف وكيف طافت علينا.. وركضنا تخبينا بتذكر يا حبيبي.. مرة بالخريف؟ تخبينا بقناطر.. قناطر قناطر وقلبي حدك ناطر.. ناطر ناطر ت تقلي وتحكيلي تخبرني وتشكيلي بتذكر يا حبيبي.. مرة بالخريف؟ بتذكر يا حبيبي.. مرة بالخريف؟ كيف كنا عم نمشي.. والشتي خفيف وكيف طافت علينا.. وركضنا تخبينا بتذكر يا حبيبي.. مرة بالخريف؟ وتطلعت فيي.. فيي فيي فيي وضحكولك عينيي.. عينيي عينيي وقلتلي يا عيوني بخبيكي بجفوني بتذكر يا حبيبي.. مرة بالخريف؟ بتذكر يا حبيبي.. مرة بالخريف؟ كيف كنا عم نمشي.. والشتي خفيف وكيف طافت علينا.. وركضنا تخبينا بتذكر يا حبيبي.. مرة بالخريف؟
0596,Tamer Nafar,قربي شوي كولومبوس جنسي,Levantine,"قربي شوي تامر نفار يستضيف كلارا خوري تامر راب: أول ما تفوت أنتبه, هدوء وسكوت القلوب بوقوف, كلنا سطر واحد Salut حلا كلاسا, أيدها على راسها على الواحدة ونص بتلبّق خطواتها فرس أليف اللي ما يعلم بالبر لكن, فرس أصيل اللي يحلم بالبر كلك رقة وخجل أنتي, خجل ما يستحي يكتشف اللي العالم خايفو كولومبوس جنسي Lolita مممممم, لسانها على شفافها يمشي يجوعني, سناني تعض بشفتي نظرة وقحة من عيونها تحرّر غرائز حيوان مفترس شرس شايف شفايف عدرا, رطبة, زي المطر وأنقى من القطرة قبل ما تمس الأرض بلحظة أسمحيلي,, أكون أرضك, أصوم لجسمك, وما أكسر الجوع الا بلمسك لازمة (تامر وكلارا خوري) قربي شوي هينا . أقرب من هيك ؟ بدي أحسّك أكتر. أحضني بين أيديك تطّلعي بعيني. عيني بعينيك أنا وأنتي نكون جسم واحد قرّب شوي هينا. أقرب من هيك ؟ بدي أحسّك أكتر. هايني بين أيديكي تطلّع بعيني. عيني بعينيكي أنا وأنت نكون جسم واحد تامر راب: كسم منحوت نحت, يقلب اللي يشوف قلب التحت فوق والفوق تحت, فش خوف بعد في صوت همس, الممنوع يخلق فن تعرّت كالأجسام اللي تتعرى قبال رسام اللسان ريشتي, رقبتها لوحة فاضية ألواني,عليها طالعة نازلة نازلة واصلة غرررر نص جنة عدن تفاحتين ممنوع ينمسّوا من أي حدن وأنا, كأبن آدم بعد ما أشوفهم مستعد أعيد عـ خطية أبوي وأذوقهم ذقتها, ريحة حبنا أحتلت كل الغرفة الليلة فش سترة في بس كاما سوترا لازمة (تامر وكلارا خوري) قربي شوي هينا . أقرب من هيك ؟ بدي أحسّك أكتر. أحضني بين أيديك تطّلعي بعيني. عيني بعينيك أنا وأنتي نكون جسم واحد قرّب شوي هينا. أقرب من هيك ؟ بدي أحسّك أكتر. هايني بين أيديكي تطلّع بعيني. عيني بعينيكي أنا وأنت نكون جسم واحد تامر راب: الجولة التالتة حامية, مدوبة كل حاسّة, حاسس أنها شوي خايفة, زي أول درس سواقة حالفة ولا أي مخالفة بدها ترتكب ضلينا على سرعة 68 لأنو بالـ69 بنقلب, حبي القانون الأول لراحتنا أنو أجسامنا تتعب بنص كانون التاني أجسامنا تعرق وأذا تعبنا ما نمنا الشهوة تفضل وتملى بفحص كل نقطة بجسمك ناديني أستاذ الأملا (هين غلط) هين صح؟ (آه رّكز هينا) ششش, خلّي الباقي بينا لازمة (تامر وكلارا خوري) قربي شوي هينا . أقرب من هيك ؟ بدي أحسّك أكتر. أحضني بين أيديك تطّلعي بعيني. عيني بعينيك أنا وأنتي نكون جسم واحد قرّب شوي هينا. أقرب من هيك ؟ بدي أحسّك أكتر. هايني بين أيديكي تطلّع بعيني. عيني بعينيكي"
0597,Bessan Ismail,ايقاع (Al-liqou (Tempo)),Levantine,لازم اني  كمل هالطريق ما في عندي قدرة …. شو يللي بآخر هالطريق ما في عندي فكرة …. اه ..شو  بتخطر عبالي مرات كتير بسأل حالي كيف بدي اصمد للأخير مافي عندي حل …. قلبي اختارك انت الأمير وحدك بين الكل ….. اه ..شو  بتخطر عبالي مرات كتير بسأل حالي هذا الإقاع نفس الإقاع حياتي نغمة عمر ضاع كل شي اتغير بالدني إلا الإقاع
0598,Hoda Haddad,يا غناني الحنين (Ya Ghnani elhaneen),Levantine,يا غناني الحنين بغنيكي لمين يا غناني الحنين بغنيكي لمين ما بيسمع حبيبي صرلو من سنين يا غناني الحنين بغنيكي لمين يا دفاتر أشعاري.. المكتوبة الو حبيبي مش داري.. المر من الحلو يا زهور اشتبيكي.. الحنين يساقيكي شو عاد بدي فيكي.. خليكن عطشانين يا غناني الحنين بغنيكي لمين كنا انا وهوي.. حكايين الهوى وقمرنا بيضوي.. بيسهرنا سوا بكر ع الغياب.. دوبني وما داب كنا أغلى حباب.. صرنا منسيين يا غناني الحنين بغنيكي لمين يا غناني الحنين بغنيكي لمين يا غناني الحنين بغنيكي لمين ما بيسمع حبيبي صرلو من سنين يا غناني الحنين بغنيكي لمين
0599,Faraj Hanna,بنسى (Bensa),Levantine,لما بشوفك بنسى والله الدني فيها بنسى حالي لما عيونك بطلع فيها لما بشوفك بنسى والله الدني فيها بنسى حالي لما عيونك بطلع فيها بنسى إني مديون وإنو بيتي مرهون وأعصابي على صوص ونقطة وعلى حالي ما بمون بنسى قلق الليلي جاري الكمخ لي قبالي قلق الليلي جاري الكمخ لي قبالي سيارة من البالي لي على زوقا بتدور double shift وبنسى ال ومديري هالزفت double shift يخي بنسى ال ومديري هالزفت وبنسى البلد الكلو غش وسقفي العم بنش بنسى الوضع السياسي لي براسي migraine وال الوضع السياسي لي براسي migraine وال بنسى إنو الكوكب ضدي لما تكوني حدي لما بشوفك بنسى والله الدني فيها لما بشوفك بنسى والله سنيني وإيامي بنسى فشلي وإني نسيت حقق أحلامي لما بشوفك بنسى والله سنيني وإيامي بنسى فشلي وإني نسيت حقق أحلامي بنسى إني مقهور وللدكنجي مكسور ascenseur وساكن بالسابع ببناية ما فيها وأسئلتي الوجودية الجدلية الكونية أسئلتي الوجودية الجدلية الكونية نظرية النسبية كيسنجر وبلفور وبنسى الطبقية والأنظمة القمعية بنسى الطبقية والأنظمة القمعية وبنسى قانوني لمصدي لما تكوني حدي بنسى كل ديوناتي تعتيري إل بالوراتي كل ديوناتي تعتيري إل بالوراتي بنسى إنو الكوكب ضدي لما تكوني حدي لما بشوفك بنسى والله الدني فيها
0600,The Synaptik,ع الله الرزق,Levantine,"هدفي أخلى قلمنا يحس عالله الرزق أصلنا من زمان دا كتبنا ختمنا وكيدز بمبا وشيبس حرقنا المنا المنا المنا انت وصلت لعند الكينج يا غلام فهيا اطلب وتمنا مغني لحتى الناس تتطبع فيك الملك العرش مكاني متربع فيه اخذت كثير ببلاش بطلت اعطيك نعطي ذهب لحمير دا بلاش شو بدها تعمل فيه؟ ياما لفيت ببلاد انا شفت دهاليز حواوشي في زمالك بيروت مناقيش فأوعك تنكش هان عش الدبابير انا كيوت وكذا بس من جوا من العيار الثقيل عادي على بالي ولا حدا ولا خرا ولا انت ولا شيخ ولا مرة ولا بنت ولا حس ولا خرا ولا حن بس حس مجزرة علحن وادعس شنبات عنترة والعب فيه كرة أصلها كزدورة امورة كمل هل وصلت صورة قلتلك يا حيوان من قبل انا ايس فينتورا سوق المخ يتخبط بالكوابيس فش اوسخ من شايف خلف الكواليس حطيت شعار هذا النهار اعمل مسار عنيف خليه انذار للتاريخ هدفي أخلى قلمنا يحس عالله الرزق أصلنا من زمان دا كتبنا ختمنا وكيدز بمبا وشيبس حرقنا المنا المنا المنا انت وصلت لعند الكينج يا غلام فهيا اطلب وتمنا World is my witness God is my Judge The further the distance The harder I run From Middle east wars And Philippines slums I’ve baked me some cake When they’ve given me crumbs uuhhh....Bitch! Welcome to brunch This the beginning, here’s lunch, there’s dinner to come Gin in my cup, pray for the sinner Then they prey on the young (Aim it and bang) They’ve given them guns like this shit is fun They’ve given them funds  its never enough They add it all up, division is rough They started from scratch, so they’re itching to bust Blacka! Life is a saga Talking too much, You get humbled cuz Acting too hard you get softened like pasta Choose what you wanna Life ain’t a buffet, it’s much more like tapas Moment of silence, for all the young Pharaohs Nobody’s talking, everyone follows Everything’s new, keep popping their collars Their hiding the noose cuz they’re hung on the dollar هدفي أخلى قلمنا يحس عالله الرزق أصلنا من زمان دا كتبنا ختمنا وكيدز بمبا وشيبس حرقنا المنا المنا المنا انت وصلت لعند الكينج يا غلام فهيا اطلب وتمنا"
0601,Kamilya Jubran,شجر البن,Levantine,بيني وبينك سجر البن وحبّ الهال وزهر النوم بيني وبينك تسع جبال وعرب وصحرا وغيبة يوم بيني وبينك ضربة رمح وفرس وسيف وهجم الصبح بيني وبينك طيرة طير ونادو كلّن ع الفراق وقطفني متل الصبيّر صوت الغنُّو بالعراق لو نقدك كان مدينة وبالشام العرس لاركب ع الفرس وجبلك مفتاح القدس رايح اسرقلك غابة واسرقلك جان وعلِّق ع سجر البحر عقود المرجان الشاعر طلال حيدر
0602,Hoda Haddad,سهرانة لحالي (Sihrani Lahali),Levantine,سهرانة لحالي وغيابك ببالي سهرانة ع هاك الباب يا طول السهر ع الباب يا طول الليالي سهرانة لحالي وغيابك ببالي سهرانة ع هاك الباب يا طول السهر ع الباب يا طول الليالي كتابك والجريدة والخاتم بايدي والورقة اللي عليها عناوين وقصيدة وحدن يا حبيبي بعدك يا حبيبي وحدن ال بقيو لي من هالزمن الغالي سهرانة لحالي وغيابك ببالي سهرانة ع هاك الباب يا طول السهر ع الباب يا طول الليالي عيونك سهروني كتير ونطروني ويمكن لا اشتاقولي ولا بيتذكروني وبعدو بالليالي وجهك بالليالي بيرجع يلاقيني سهرانة لحالي سهرانة لحالي وغيابك ببالي سهرانة ع هاك الباب يا طول السهر ع الباب يا طول الليالي
0603,Yara,وينك (Waynak),Levantine,وينك يا ال تسلملي عينك بيني انت وبينك عشق وحنان غمرني تقلّك تقبرني وع حضنك رجّعني وحسّسني بأمان ونرقص انا وياك وترجع تغمرني تهواني واهواك شو اشتقت تسهرني ونرقص انا وياك وترجع تغمرني تهواني واهواك شو اشتقت تسهرني وينك قلّي انك اشتقتلي ومن حدّي ما تفلّي بحبك من زمان فينا ت نرجّع ماضينا ننسى كل شي احكينا ونعيد اللي كان ونرقص انا وياك وترجع تغمرني تهواني واهواك شو اشتقت تسهرني ونرقص انا وياك وترجع تغمرني تهواني واهواك شو اشتقت تسهرني وينك ونرقص انا وياك تهواني واهواك ونرقص انا وياك وترجع تغمرني تهواني واهواك شو اشتقت تسهرني ونرقص انا وياك وترجع تغمرني تهواني واهواك شو اشتقت تسهرني وينك
0604,Ragheb Alama,جددتي حياتي (Jaddadti Hayati),Levantine,جددتي حياتي، غيرتي مصيري أيام السعادة ما عادت قصيرة جددتي الاماني، يوم قلبك نداني وهبتك حناني مع حبي و تقديري من قبلك قلبي كان عايش على الحرمان موجود من دون وجود من دون حب وحنان حبك و حنانك هناني حرمان الماضي نساني سلمتك أماني أحلامي الكبيرة جددتي حياتي، غيرتي مصيري أيام السعادة ما عادت قصيرة جددتي الاماني، يوم قلبك نداني وهبتك حناني مع حبي و تقديري بوجودك قلبي إرتاح و الماضي كله جراح موعود بعمر جديد موعود بالأفراح وعدك لقلبي خلاني يهديكي روحي و كياني سلمتك أماني أحلامي الكبيرة
0605,Hoda Haddad,آخدني لوين (Akhedni Lawayn),Levantine,آخدني لوين دخلك يا هوى آخدني بايدي وعم نركض سوا قلبي بعدو صغير ع هيك مشاوير ع مهلك عليي دخلك يا هوى لا بتشفق عليي وبتقول بعدا صغيرة وبتختي لعا بكرة بتسهرني الغيرة شو ذنبي ان حبيتك شو ذنبي ان لاقيتك شو ذنبن اللي حبوك لمهب الهوا ع مهلك عليي دخلك يا هوى آخدني لوين دخلك يا هوى آخدني بايدي وعم نركض سوا قلبي بعدو صغير ع هيك مشاوير ع مهلك عليي دخلك يا هوى خبرتني أختي عن قصص ومشاوير كيف كان ينطرها وتبكي كتير كتير وتحكيلي وتقلي وما اعرف شو تقلي تحكي وبعينا الدمعة من كتر النوى ع مهلك عليي دخلك يا هوى آخدني لوين دخلك يا هوى آخدني بايدي وعم نركض سوا قلبي بعدو صغير ع هيك مشاوير ع مهلك عليي دخلك يا هوى حلفتك بعيوني الما شافو غيرك انت لما بتبقى وحدك قول خطيي هالبنت ما بدي نطرها ما بدي سهرها وتعا لعنا ليليي ت نقعد سوا ع مهلك عليي دخلك يا هوى آخدني لوين دخلك يا هوى آخدني بايدي وعم نركض سوا قلبي بعدو صغير ع هيك مشاوير ع مهلك عليي دخلك يا هوى
0606,Yara,لو عندي قلبين (Law Endi Albayn),Levantine,لو عندي قلبين بحبك فيهن الاتنين ولو عشنا للميّة بتمنّى حبّك عمرين آه عمرين بحبك فيك بحسّ لما بتطلع فيّي وحدك انت وبس اللي بتشتقلك عينيّي بحبك فيك بحسّ لما بتطلع فيّي وحدك انت وبس اللي بتشتقلك عينيّي لو عندي قلبين بحبك فيهن الاتنين ولو عشنا للميّة بتمنّى حبّك عمرين آه عمرين خدني نروح بعيد وتغزّل بعينيّي بحبِّك قولا وعيد ولحّنها بغنيّة خدني نروح بعيد وتغزّل بعينيّي بحبِّك قولا وعيد ولحّنها بغنيّة لو عندي قلبين بحبك فيهن الاتنين ولو عشنا للميّة بتمنّى حبّك عمرين آه عمرين
0607,Yara,ما بصدق (Ma Bsadek),Levantine,ما بصدّق مشتاق ما بصدّق مغروم ما بصدّق إحساسك كلّو مخربط مش مفهوم ما بصدّق مشتاق ما بصدّق مغروم ما بصدّق إحساسك كلّو مخربط مش مفهوم ما بذكر كلمي قلتا منك مره وصدقتا ما بذكر كلمي قلتا منك مره وصدقتا ما تحكي ما تلوم جايي توعّي فيّي أحلامي من جديد وتحلف بعينيّي ونفس الكذبي تعيد جايي توعّي فيّي أحلامي من جديد وتحلف بعينيّي ونفس الكذبي تعيد ما بذكر كلمي قلتا منك مره وصدقتا ما بذكر كلمي قلتا منك مره وصدقتا ما تحكي ما تلوم
0608,Rowaida Attieh,فجر جديد,Levantine,هالبنت حلوه يا فراشة وطايرة الألوان عـ جناحاتها شو حايرة بتغط ع زهرة بتضيع بالزهرة أحلى وأحلى جنة عطر ومقطرة تبكي شو هالإيام بتخرِّس الأحلام والابواب مسكرة كبرت وكبرت والعطر بعدو عتيق بيدق باب الحب طفل، بلكي هالفجر يفيق كبروا وكبروا انحرقوا بنار الشوق انحرقوا ما تابوا كبروا وكبروا والشوق للدنيا لأبواب مفتوحة بيطل فجر جديد وينشف جروحا والشب مانو بطل ع قد حاله بيحلم بحرية وبيقطف خياله بيرتب الأحلام هو وأصحابه صورة عمُر ومبروزة وفيها اللي غابوا ما غابوا ما غابوا ما غابوا ما غابوا
0609,Hoda Haddad,دولاب الهوا (Dulab al-hawa),Levantine,طير يا دولاب الهوا خبرني قصص الهوى انا حدك بنت صغيرة يطيرلا شعراتا الهوا خلصني من ضجر العمر ومن هم الكبر خدني للصبيان السمر ولولاد القمر سفرني ع جوانح ورقة الدنيي مش أغلى من ورقة وخبرني حكايات الهوى ودولب يا دولاب الهوى
0610,Hoda Haddad,كرمك يا بو عيون السود (Karmak ya bou 'youn essoud),Levantine,كرمك يا بو عيون السود طاب وحليو عناقيدو ضيفنا منو عنقود ومنا خود ال بتريدو كرمك يا دهب غالي بالهوى عم بيلالي نسر وطاير بالعالي وما في حدا بيصيدو ضيفنا منو عنقود ومنا خود ال بتريدو كرمك يا بو عيون السود طاب وحليو عناقيدو ضيفنا منو عنقود ومنا خود ال بتريدو كرمك يا بو الحبايب ناطورو عنو غايب جايي المحبوب وجايب عنقود كبير بايدو ضيفنا منو عنقود ومنا خود ال بتريدو كرمك يا بو عيون السود طاب وحليو عناقيدو ضيفنا منو عنقود ومنا خود ال بتريدو كرمك بحر بعيد بعيد وبتضيف منو بيزيد بنسى كل المواعيد وما بنسى مواعيدو ضيفنا منو عنقود ومنا خود ال بتريدو كرمك يا بو عيون السود طاب وحليو عناقيدو ضيفنا منو عنقود ومنا خود ال بتريدو
0611,Akher Zapheer,تصبيره (Tasbeereh),Levantine,كل ما بفرد بحاول أطيــــــر زي البحصة بتطلعيلـي كل ما بفرد بحاول أصيــــــر بتصير غصّة بالمريء وأنا بالضبط كتير مستصعب وإنتي شهيــــــق بتحتاج زفير تعي عنــدي جمعة عـسبت زي كل هالناس خلينا نطير الموضوع مش كبت Let's make some حب Let's make أطفــــال يا حب الحــب أنا كبرت كتير مستصعب أنا بدي بيـت فيّو إنتـــي كل ما بفرد بحاول أطيــــــر زي البحصة بتطلعيلـي أنا بالزبط كتير مستصعب أنا بدي بيـت فيّو إنتـــي
0612,Hoda Haddad,رن التلفون (Rann Et-telefon),Levantine,قلي التلفون تلفن لك من ساعة قلي التلفون ورنلك شي ساعة انا قلو اصبور راح ترجع انطور وصارت تبكي السماعة قلي التلفون كان صوتو تعبان ضجة وناس يمكن من شي دكان قلي مسافر تحت الشتي مسافر سلملي عليها وع اللفتة اللماعة وصارت تبكي السماعة قلي التلفون تلفن لك من ساعة قلي التلفون ورنلك شي ساعة انا قلو اصبور راح ترجع انطور وصارت تبكي السماعة لو يا تلفون سليتو ت جيت ما تعلمت تحكي كلشي عليك حكيت انا سهراني وراح ابقى سهراني يمكن يتذكرني ومن ساعة لساعة يندهني من السماعة قلي التلفون تلفن لك من ساعة قلي التلفون ورنلك شي ساعة انا قلو اصبور راح ترجع انطور وصارت تبكي السماعة
0613,Hoda Haddad,سوا يا حلو سوا (Sawa ya helou sawa),Levantine,سوا يا حلو سوا على طريق الهوى نمشي دني.. نعمر دني وقمر الليالي هني سوا يا حلو سوا غصن الزنبق التوى وطارت خصل.. وتقطف خصل وتزرع الروابي غزل يا تعب السهرية يا فرح الغنية قلبي راح بيطير والمشاوير تبعت فيي سوا يا حلو سوا علينا يهب الهوا ويسهر حكي.. ويتعب حكي وعيون السهر تشتكي يا ورق الرسايل يا شجر اللي مايل قولولي شو صار.. بالأشعار بالرسايل سوا يا حلو سوا عنقودٍ لِنا استوى حبك لنا.. وهجرك لنا والليالي انت وانا
0614,Omayma El Khalil,بيروت - Beirut (Beirut),Levantine,"يه يه يه يا شوارع بيروت الحرب اليومية يا مدينة يا مخزن هم يا هيصة و وحش الجمرية كانوا يتباهوا فيكِ ناموا بحضن المرايا وجوههم صفرا تعاديكِ و انتِ ست الصبايا عز الأهالي الي وضعهم بالي ببيوت جواني ياا يابيروت يه يه يه يا شوارع بيروت الحرب اليومية يا مدينة يا مخزن هم يا هيصة و وحش الجمرية خيراتك يا مدينة, النا نحن زرعناها و عالساحة لما نزلنا كلمتنا قلناها جنوب و شمالي بواريق تلالي وصوات عالعالي يا يا بيروت يه يه يه يا شوارع بيروت الحرب اليومية يا مدينة يا مخزن هم يا هيصة و وحش الجمرية"
0615,Hoda Haddad,الك الهوى (Elak elhawa),Levantine,الك الهوى وسفر الهوى والك الدني رحلات والنا نشتكي ونألف حكي ونشرد ورا الحكايات الك القمر وليالي القمر وغناني الهنا الحلوين والسهر لنا وليلات الضنا ونألف تلاحين صوتك عطي هالليل عتماتو وغلغل فيه وجهك عطي هالبحر موجاتو وغنانيه وتنفتح دني وتنغلق دني وعيونك لنا يقولو شباك الهوى ع مهب الهوى مشرع على طولو
0616,Hoda Haddad,من يوم ليوم (Men yaum la yaum),Levantine,من يوم ليوم.. بتفتح سوسني من يوم ليوم.. وتلون هالدني ويرجع الهوى.. يجمعهن سوا وبيلتقوا بيوم.. من يوم ليوم إذا يا حبيبي عدنا التقينا بي هالشوارع عدنا التقينا راح قلك شو بني وبتعرف شو بني وترجع ليالينا تسأل علينا وإذا يا حبيبي صدفة تقابلنا بالعمر الضايع صدفة تقابلنا نترافق ع طريق ومنسافر ع طريق ونقول حكايتنا وننسى شو قلنا من يوم ليوم.. بتفتح سوسني من يوم ليوم.. وتلون هالدني ويرجع الهوى.. يجمعهن سوا وبيلتقوا بيوم.. من يوم ليوم
0617,Salah El Kurdi,القلوب تكسرت (El Ouloub Etkassarit),Levantine,انا حاسس اني ضعيف حاسس اني خفيف عم طير من هبة هوا هيدا هواكي وجرحك جواتي وقلبي تعبان وما ملاقي دوا x2 شو يعني تركنا بعض وقلوبنا بعدا مع بعض والدنيا قسيت علينا وجروحا كترت هالقلب بعدو القلب اللي عشقك وحب حرام اللي صار فينا القلوب اتكسرت x2 أنا عندي أمل كبير وبقلبي احساس كبير انو بالآخر رح نرجع ل بعض م قلبك جواتي وبتنفس هواكي وحبك باقي محللو لو  برمت هالارض شو يعني تركنا بعض وقلوبنا بعدا مع بعض والدنيا قسيت علينا وجروحا كترت هالقلب بعدو القلب اللي عشقك وحب حرام اللي صار فينا القلوب اتكسرت x3 القلوب اتكسرت القلوب اتكسرت
0618,Hoda Haddad,يا هيفا (Ya Haifa),Levantine,يا هيفا صار اللي صار والهوى عم يلعب بالدار قالوا عندك طلع اللوز وما بقى يرتدوا الزوار يا هيفا صار اللي صار قلبك عم يلعب بالنار بكرا بتلاقي العشاق واحد غط وواحد طار يا قمر يا عالي ضلك بالعلالي بتعرفني سهراني لا تتركني لحالي ويا حلو يلي كنت تغار وتكتب لي حب وأشعار شو بنا خلص الماضي وما بقى في عندك أسرار يا هيفا صار اللي صار قلبك عم يلعب بالنار بكرا بتلاقي العشاق واحد غط وواحد طار لاقاني لاقاني على دربي لاقاني وقّف هالسيارة وحاكاني وسماني وقلي نحنا كنا صغار انتي وانا جارة وجار قلتلو مخطوبة وخطيبي عليي بيغار يا هيفا صار اللي صار قلبك عم يلعب بالنار بكرا بتلاقي العشاق واحد غط وواحد طار
0619,Tamer Nafar,انا و انتي part 2,Levantine,"تامر حكي: قبل سنين سجلت أغنية حب للراب أخترتك وتبنيتك من الشوارع هلأ بعد سنين لسا برجع وبقول للراب أنت اللي باقيلي أنت, من زمان مش من يومين لازمة (مأخوذة من حسنة المغربية) أنت اللي باقيلي أنت من زمان, مش من يومين أنت اللي باقيلي أنت من زمان, مش من يومين أنت اللي باقيلي أنت من زمان, مش من يومين أنت اللي باقيلي أنت من زمان, مش من يومين تامر راب: هادي أنا وأنتي الجزء التاني لسّاتك جزئي التاني علاقتنا حسب قانون الفيزيا كل ما بخف نورك بخف خيالي عيون العالم تغمّض, وأنتي مصحياني على أيقاع الشخير والصراصير, همسالي كلمات سرّية تفتحلي بواب سحرية, وراها وراق طاهرة مربوطة بأسطر زي الطقوس اللي يقدمو فيها عذراء كضحية أفترسها بأصابعك, أسكب دمها بأقلامك, خود منها مرتين باليوم روشيته لأبداعك اللي حوالي ما يفهموكي فا بتهموكي أنك عبارة عن ضجة, مش عارفين ضجتك مسكن هدوئي مش حتمسكن شوفي, مش حتعصبن روقي منهم أتألّم منك أتعلّم كيف أتكفّل جروحي أسم على مسمّى فيهم بنفر, ولا همسة تتدخلوش, بيجي يوم بنشوف, متذكرة؟ ""بعطيكي عيني التنتين"" أعطيتك, هلأ كيف أشوف اللحظة؟ بحبك, أشّر عليكي حبي الأعمى لازمة (مأخوذة من حسنة المغربية) أنت اللي باقيلي أنت من زمان, مش من يومين أنت اللي باقيلي أنت من زمان, مش من يومين أنت اللي باقيلي أنت من زمان, مش من يومين أنت اللي باقيلي أنت من زمان, مش من يومين تامر راب: بكرهك آه زي مانتي سامعة, بكرهك تعرفي بأيش مرات بشبهك؟ بعاهرة لأنك كتير مكلفة, محنتيني وجيوبي مفلسة, عاهرة مجربة من زمان دخلت فيكي ولساتك مش مخلصة من ال 98 مرقو تمن سنين ولا مرة جيت طلبت ترجعيلي ثمن السنين غلطي أنو بتطلع على صحابي وبقارنهم بنفسي ""آلو, تعا خدني من الأستوديو, ماعيش مصاري لتاكسي"" وال قديش سطحي, مين كان يصدق أنو هاد حكي هاد اللي هلأ كان على المنصة يصرخ راب عربي !! تنين متجوزين أحلى لبس نلبس قبال الكل بنبتسم نوصل الدار والأقنعة بتنزل أنفصام شخصية, معركة داخلية مهما تكون النتيجة أنا الضحية, متلا"" أنا بقول- بكرهك, بديش أياكي, اطلعي من حياتي وأيش بسوي بوقت الوحدة- بكتب أغنية تامر حكي: بالظبط, بعاود أكتب أغنية, هيك تعلمنا حبي في حواجز بنكسرها, في جدار بنحطمو وهلأ, بس طبعا"" بمساعدتكم أنتو هاي لكل اللي كانو مع الهيب هوب العربي من الأول أيش رأيكم نوخود المستمعين لرحلة تاريخية ؟ أرجعوا شوي لورى, 10 سنين, جاهزين؟ هلأ أخترتك وتبنيتك من الشوارع واللي بدوش يسمع خليتو سامع عملت حبنا مقبول عند شعبي كل كلمة حكيتلك أياها طلعت من قلبي سويتك منا وفينا ودخلتك داري صرت حاطط عليكي كتير كتير مصاري ولا مرّة جيت طلبت ترجعيلي كل اللي طالبه لما أنجرح داويني"
0620,Hoda Haddad,جرايد (Jarayed),Levantine,جرايد جرايد بايدين الناس عناوين زرقا وحمرا ع وجوه الناس عناوين.. عناوين كل يوم عناوين كل يوم بتتغير العناوين اكتبني يا حبيبي.. قصيدة قصيدة حزينة بكتاب وخبيني ولا تعملني عنوان بجريدة والهوا يرميني بشوارع المدينة رسايل رسايل ع بيوت تروح مكاتيب ع القهاوي تجي وتروح مكاتيب مكاتيب للحب مكاتيب وبينتسى اللي انقال بالمكاتيب اكتبني يا حبيبي.. قصيدة قصيدة حزينة بكتاب وخبيني ولا تعملني عنوان بجريدة والهوا يرميني بشوارع المدينة
0621,Saad Ramadan,مسبع الكارات (Mesbee Al Kaaraat),Levantine,ع مين جاية تلعبي بشرع الهوى؟ اللي عنده أحبابه ما بيبرم ع حبايب ولما الجرح بيصير أقوى من الدوا قدام باب السبع ما بتوقف دياب يوبي يا يوبي مسبع بالحب الكارات لا تتعدي ع كاري الدنيا مليانة بنات لا تصبي الزيت ع ناري مسبع بالحب الكارات لك لا تتعدي ع كاري الدنيا مليانة بنات لا تصبي الزيت ع ناري ناري غيرة ولعانة خوفي تهب بثواني أخضر يابس ما بيضل الناس بتحكي أخباري ناري غيرة ولعانة خوفي تهب بثواني لك أخضر يابس ما بيضل الناس بتحكي أخباري مسبع بالحب الكارات لك لا تتعدي ع كاري الدنيا مليانة بنات لا تصبي الزيت ع ناري الغيرة برة خليها لك لا تتحديني فيها وعيونك والله ببكيها بخليكي تحتاري الغيرة برة خليها لا تتحديني فيها وعيونك والله ببكيها بخليكي تحتاري مسبع بالحب الكارات لك لا تتعدي ع كاري الدنيا مليانة بنات لا تصبي الزيت ع ناري إلا بقلبي الدفيان ما بتحسي بالأمان بعمره ما بيدفى البردان اللي لابس توب عياري إلا بقلبي الدفيان ما بتحسي بالأمان بعمره ما بيدفى البردان اللي لابس توب عياري مسبع بالحب الكارات لك لا تتعدي ع كاري الدنيا مليانة بنات لا تصبي الزيت ع ناري
0622,Kamilya Jubran,بحب البحر,Levantine,بحب البحر لمّا يزوم.. و أعشق صرخته في الريح ! بحس في موجه شوق مكتوم.. لناس حُرّة و حياة بصحيح ! و أحبّه لمّا يتهادي و أدوب لمّا يوشوشني و يفرش موجه سجادة.. في أحلامي تعيشني ! ملوش أول..ملوش أخر قراره طاوي اسراره ! و دايماً في الهوي مسافر.. ولا نهاية لمشواره ! بحب البحر..أحب البحر.. و أعشق ضحكته و آنه ! و أحب الناس..أحب الناس.. ماهم فيهم حاجات منه ! و أحبك يا اللّي أحلامي.. في هواكي زهزهوا و غنّوا ! يا بلدي ياللّي و أنا فيكي عيوني ليكي بيحنّوا ! بحب الورد فوق السور و أعشق ضحكته الفانية و أحس في ريحته شوق مسحور .. لناس حرّة و حياة تانية ! و أحبه بين ايدين عشاقْ.. رسالة مهفهفة بأشواقْ ! و حتي و هو بلا أوراقْ كتاب العشق ، ذكرى فراقْ حياته في الهوي ليلتين.. و عمره ما كان بعمره ضنين ! يرش هواه علي الماشيين.. و يتقاسمه مع الجايين ! بحب الورد بحب الورد و أعشق ضحكته و آنّه و أحب الناس..أحب الناس ماهم فيهم حاجات منه و أحبك ياللّي أحلامي.. في هواكي زهزهوا و غنّوا يا بلدي ياللّي و أنا فيكي.. عيوني ليكي بيحنّوا ! بحب البحر..بحب الورد.. و أحب الناس ! و أحب نعيشها أحرار مرفوعين الراس ولا تفرّقنا لا الألوان ولا الأجناس و أدوب في آدان يرفرف ، تحضنه أجراس تعالوا نقيم لبكرة الجاي .. يا ناس قداس !!
0623,Myriam Klink,الزعيم (Al Zaaim),Levantine,بدنا زعيم يكون من الشعب وعلى الشعب يكون قلبه ما بدنا زعيم ينفذ أوامر وينتمي لغير شعبه بدنا زعيم يكون من الشعب وعلى الشعب يكون قلبه ما بدنا زعيم ينفذ أوامر وينتمي لغير شعبه حق الإنسان إنو يعيش بأمان وما حدا يتدخل فيه خلقت الثورات تتنهي التراث وللشعب حقه تعطي حق أي شخص يترشح تيكون وزير أو نائب حتى لو فقير ومش ضروري بيه أو جده يكونو من الأكابر حتى يصير حق أي شخص يترشح تيكون وزير أو نائب حتى لو فقير ومش ضروري بيه أو جده يكونو من الأكابر حتى يصير صرنا ملايين بالعالم مغتربين وربيو ولادنا بالغربي ليش ما منكون كلنا مجتمعين تنحمي تراب الارزة
0624,Adonis Band,نهارك سعيد (Nharak Said),Levantine,معقول عن جديد أنا نسيت وإنتَ نسيت عَ طول، مش أكيد شو صار بالتحديد وبتقول نتنـاسى ويا ريت نستفيد أنا كمان بفكّر فيها ما تفكر حالك وحيد معقول عن جديد أنا نسيت وإنتَ نسيت شو خبّينا بالصندوق؟ روح نهارك سعيد –------------ معقول عن جديد انك تكون نسيت لأنو مش أكيد شو الي صار بالتحديد! أنا بقول تتناسى بس ما بعرف شو بتستفيد يا روحي كلنا مرقنا فيها .. ما تفكر حالك وحيد! معقول عن جديد انك تكون مشيت شو مخبى بالصندوق روح نهارك سعيد
0625,Yara,في قلوب (Fi Oloub),Levantine,في قلوب بتحب قلوب بتدوب فيها بتدوب وفي قلوب بتقسى وبتحن بتنسى وما فيها اتوب في قلوب بتحب قلوب بتدوب فيها بتدوب وفي قلوب بتقسى وبتحن بتنسى وما فيها اتوب في قلوب بتقوينا بكلمة بتوعينا وقلوب بلحظة بتجن بتبعد وبتنسينا وفي قلوب بتقسى وبتحن بتنسى وما فيها اتوب في قلوب بتحب قلوب بتدوب فيها بتدوب وفي قلوب بتقسى وبتحن بتنسى وما فيها اتوب في قلوب لما بتحكي بترجعلك الضحكة وقلوب منها بتعن من قسوتا بتبكي وقلوب بتقسى وبتحن بتنسى وما فيها اتوب في قلوب بتحب قلوب بتدوب فيها بتدوب وفي قلوب بتقسى وبتحن بتنسى وما فيها اتوب
0626,Hoda Haddad,قمر الزمان (Qamar azzaman),Levantine,ما عندي أساور ولا عندي مرجان ت اهدي حبيبي حبيبي العشقان رح قدملو بعيدو قمر الزمان قالولي نيالك فيكي تهدي قمار ونحنا مش قدرتنا نودي شلح غار قلتلن في عنا سطيحة حلوي ودار بيتجمعو فيها مطرح ما في قمار قمر تنورين وقمر بتدّين وقمر الحلوين وقمر الزمان ما عندي أساور ولا عندي مرجان ت اهدي حبيبي حبيبي العشقان رح قدملو بعيدو قمر الزمان قلتلن حبيبي قلال المتلو كتير بحبو كتير بحبو وحدو أنا بطير بيتو مضوي وعالي وع جبل كبير وقمار الليالي انحسدو منو كتير قمر الدوار وقمر شمستار وقمر كفرغار وقمر الزمان ما عندي أساور ولا عندي مرجان ت اهدي حبيبي حبيبي العشقان رح قدملو بعيدو قمر الزمان
0627,The Synaptik,شكلو الحب ببلاش,Levantine,"شكلو الحب ببلاش شكلو الحب ببطاطا نراكض من النهار لليل مش عارفين نرتاح مضلش في طاقة بقلك شكلو الحب ببلاش (فيرس اول) عمي انسى فكرة تدفع الثمن جرحك الك لكن سيبو للزمن هوي يداوي انساك من الناس انساك بلاش تنساك الناس ويبطل في امل معلق على طلوع ساكن فيا جوع بنصلي لمحمد ويسوع بلكي زبطت معك لعبة كراسي براسي انا من راسي تعبان ضلني لفلف بالاراضي شقلب فرحة زعلات طلوع ونزلات ووقت الصبح بالذات مرات بكون عبالي هسا ادير عحالي كاز وولع بالوحوش شكلو الدنيا دروس عمي تعبت اموت وانا غوص صار الوقت نروق (لازمة) شكلو الحب ببلاش شكلو الحب ببطاطا نراكض من النهار لليل مش عارفين نرتاح مضلش في طاقة بقلك شكلو الحب ببلاش (فيرس ثاني ) Yesterday we was chasing rainbows After all the glow , I know where the rain goes Maybe next time ima bring a rain coat And walk my path , in the valley of shadows Oopie doopie , all the time I’m fucking moving Ima write a good story of my life and then turn it Into a movie I know this life can never do me wrong Cause I been turning everything it’s throwing at me Into songs Then I dance to it , with all my heart and my ache Like a conduit , I know I got what it takes So I give you all of me for free Even though some might say (لازمة) شكلو الحب ببلاش شكلو الحب ببطاطا نراكض من النهار لليل مش عارفين نرتاح مضلش في طاقة بقلك شكلو الحب ببلاش"
0628,Hoda Haddad,شو قلتلا شو قالتلي (Shou eltella shou aletli),Levantine,شو قلتلا شو قالتلي.. ما بقى اتذكر بتذكر لما ضحكت لي.. ضحكتلا واكتر اتركوني ت روق.. يمكن ارجع فوق يمكن بتذكر شو صار.. وع القصة منسهر عطوني مزهرية.. ت خبي الأسرار ويا طير ال ع المية.. خبرهن شو صار كان في زهر ونار.. واحترق المشوار وبلا مشوار منين منرجع.. والطقس تغير شو قلتلا شو قالتلي.. ما بقى اتذكر بتذكر لما ضحكت لي.. ضحكتلا واكتر اتركوني ت روق.. يمكن ارجع فوق يمكن بتذكر شو صار.. وع القصة منسهر أنا فتحت عيوني.. ولقيت حالي كبير كلن سبقوني.. وطاروا العصافير ولقيت حالي كبير.. كيف راح بقدر طير قولولي شو بدي اعمل.. ت ضل صغير شو قلتلا شو قالتلي.. ما بقى اتذكر بتذكر لما ضحكت لي.. ضحكتلا واكتر اتركوني ت روق.. يمكن ارجع فوق يمكن بتذكر شو صار.. وع القصة منسهر
0629,Yara,ع قلبي تعى (Aa Albi Taa),Levantine,ع قلبي تعى تعى دقاتو ميّي اسمعا ع قلبي يلا تعى البوسي ع خدّي اطبعا ع خدي البوسي اطبعا ع قلبي تعى تعى دقاتو ميّي اسمعا ع قلبي يلا تعى البوسي ع خدّي اطبعا ع خدي البوسي اطبعا بحلف غيرك ما بدّي ما تبعد ضلّك حدّي وضحكاتك صوبي ودّي قلوب الناس انفقّعا ع قلبي تعى تعى دقاتو ميّي اسمعا ع قلبي يلا تعى البوسي ع خدّي اطبعا ع خدي البوسي اطبعا خلّينا سوا سوا نرقص ونشمّ الهوا خلّينا يلّا سوا انت لقلبي الدوا ولقلبي انت الدوا خلّينا سوا سوا نرقص ونشمّ الهوا خلّينا يلّا سوا انت لقلبي الدوا ولقلبي انت الدوا غالي ع قلبي غالي بحبك اكتر من حالي ولما بتخطر ع بالي الدنيي حلوي بقشعا ع قلبي تعى تعى (يلا تعى) دقاتو ميّي اسمعا (اسمعا) ع قلبي يلا تعى البوسي ع خدّي اطبعا ع خدي البوسي اطبعا ع قلبي تعى تعى (تعى تعى) دقاتو ميّي اسمعا (اسمعا) ع قلبي يلا تعى البوسي ع خدّي اطبعا ع خدي البوسي اطبعا
0630,Hoda Haddad,زهرة السواقي (Zahret Essawa'i),Levantine,زهرة السواقي.. في لها العصفور وشموع الليالي.. الهن الصلاه والبنت اللي باقي.. وجها عم بيدور نجمة بالقصايد.. انتا الا نسمة الروابي.. بتحب العنب وبتحب الصفصافي.. زهرا من الحقول والحلوي اللي رابي.. حلقها ع الدهب واسما ع القوافي.. بتحبك ع طول زهرة السواقي.. في لها العصفور وشموع الليالي.. الهن الصلاه والبنت اللي باقي.. وجها عم بيدور نجمة بالقصايد.. انتا الا بترجع اليمامي.. بتنقي القرميد وبتنقي الأغاني.. بفي الشبابيك وهي من الأسامي.. ان حبت من جديد انت مرة ثانيي.. ترجع تنقيك زهرة السواقي.. في لها العصفور وشموع الليالي.. الهن الصلاه والبنت اللي باقي.. وجها عم بيدور نجمة بالقصايد.. انتا الا
0631,Hoda Haddad,ع الشارة التقينا (A' shara lta'aina),Levantine,ع الشارة التقينا.. والشارة حمرا والتقوا عينينا.. لأول مرا جرب يحكي كلمي يسألني ع اسمي هدر الهدير عليو الزمامير ومشيت الشارة الخضرا هو راح شمال.. أنا رحت يمين راح تبعد المسافة.. وتصير سنين يا ريت بقينا.. ع الشارة مسمرين ت يخلص الحكي.. ت يشبع الحنين ويوقف نهر السيارات.. بالمرا وتضل الشارات.. حمرا حمرا حمرا ع الشارة التقينا.. والشارة حمرا والتقوا عينينا.. لأول مرا جرب يحكي كلمي يسألني ع اسمي هدر الهدير عليو الزمامير ومشيت الشارة الخضرا واذا مرة بعد.. ع الشارة بكير على غفلة التقينا.. حبيبي خدني وطير تجمعنا سيارة.. وتندهنا مشاوير معك أنا ع طول.. والفرح دربو كبير يفضى وسعك يا طرقات.. بالمرا وتصير الشارات.. خضرا خضرا خضرا ع الشارة التقينا.. والشارة حمرا والتقوا عينينا.. لأول مرا جرب يحكي كلمي يسألني ع اسمي هدر الهدير عليو الزمامير ومشيت الشارة الخضرا
0632,Hoda Haddad,جمعت الكلام (Jema't el kalam),Levantine,جمعت الكلام زينت الكلام حتى قلو روح انساني يا غرام ولِم اجا حبيبي وحاكاني حبيبي طلع الهوى واخد الكلام يا شعرا البتلمو بكي من ليل الهوى المجروح بيعوني بيعوني حكي شي كلمة ت قلو يروح ت قلو يتركني ت قلو ما يتركني ت قلو يتطلع بعيوني حرام جمعت الكلام زينت الكلام حتى قلو روح انساني يا غرام ولِم اجا حبيبي وحاكاني حبيبي طلع الهوى واخد الكلام أنا يا أنا شو بني وعيوني سفر ودموع التقينا وما في بهالدني وبقلبي غير صوتو مسموع ويقلي ردي عليي حاكيني وردي عليي حاكيني حاكيني.. بتضحك الأيام جمعت الكلام زينت الكلام حتى قلو روح انساني يا غرام ولِم اجا حبيبي وحاكاني حبيبي طلع الهوى واخد الكلام
0633,Hoda Haddad,لو بعرف (Law Ba'ref),Levantine,لو بعرف حب كنت بقلك كيف العالم بيحبوا لو بعرف حب كنت بدلك ع حب مضيع دربو لو بعرف حب لو بعرف لو بعرف حب لو بعرف حب بغنيلك شي غنية غنية حب مقطوفة من صبية ودتها لشب بالمخفي بشنتة كتبو لو بعرف حب ت قلك كيف بيحبوا لو بعرف حب بسرقلك شي قصيدة قصيدة حُب كل قوافيها جديدة من شاعر حَب وصوَّرها بدمعة قلبو لو بعرف حب ت قلك كيف بيحبوا لو بعرف حب كنت بقلك خبرني خبرية حُب تحملني وتطيرني على قلب الحُب وبغلغل وحدي بعبو لو بعرف حب ت قلك كيف بحبو لو بعرف حب كنت بقلك كيف العالم بيحبوا لو بعرف حب كنت بدلك ع حب مضيع دربو لو بعرف حب لو بعرف لو بعرف حب
0634,Hoda Haddad,بحبك يا حلو (Bhebbak ya helou),Levantine,بحبك يا حلو بحبك ومتلي ما حدن حبك حاكيني بكيني خليني بقلبك بحبك يا حلو يا حلو يا حلو بحبك يا حلو بحبك ومرة بقهوة صغيرة حكيتلّي ع الغيرة وصارت تكبر تكبر تكبر بعينيي الحيرة خبيت وجهي بايديي ت ما تضحك عليي وبتذكر شو قلتلّي اني وحدي بقلبك بحبك يا حلو يا حلو يا حلو بحبك يا حلو بحبك ومن يومة السهرية صار عندي خبرية وليليي عم بسهر بسهر ت تطل الصبحية شو بدي قول لأمي لما رح تعرف همي فزعانة افتح تمي وتعرف امي بحبك بحبك يا حلو يا حلو يا حلو بحبك يا حلو بحبك بحبك يا حلو بحبك ومتلي ما حدن حبك حاكيني بكيني خليني بقلبك بحبك يا حلو يا حلو يا حلو بحبك يا حلو بحبك
0635,Christmas Carols,لَيْلَة الصَّمْت (Laylat Al-Samt),Levantine,لَيْلَة الصَّمْت، لَيْلَةُ الْقُدْسِ هُدْنَةُ رِضَاهُ، هُدْنَةُ رِضَاهُ حَوْلَ الْعَذْرَاءِ وَابِيهَا مَقَدَّسَ وَرَفِيقٍ نَمْ فِي سَلَامِ السَّمَاءِ، نَمْ فِي سَلَامِ السَّمَاءِ
0636,Kamilya Jubran,ونبني,Levantine,في النار وقفتُ لأكتب تاريخكِ في دفتر أحلامي الضائع في النار فتحتُ المستقبل موعودا ً نافذة لي وصعدتُ الى أعرابكِ، منحدرا ً من آخر برق ٍ في هذا الأفق النائي متشحا ً مثل نذير مهموم برداء خساراته يمضي بين مغول يلتهمون قلاعك في الظلمة فاجتزنا في وحدتنا الانهار المفروشة بالطحلب والعوسج والبردي جيش وثنيٌ في وادي الآلام سألتُ، حيث يسيل الدم من نبع في خاصرة الارض أأقدرُ أن أحذف هذا التاريخ الدموي وأكتب تاريخي وحدي في ليلك أصرخ ياصحراءَ جدودي مبتهجا ليعمْ وديانك ِ حبي حتى ان كنت ِ ترابا ً مغسولا بدمائي أو وطنا ً من دمع يُسكب ُ فوق حجارك ِ آه أنت الاخرى أيتها الممتدة كالصرخة ياطرقي امبلجي، انبثقي في وجه قوافلك انفتحي، احترقي بشموسك أحملها أبدا ً في كفي أدلقها واحدة بعد الاخرى من اجلك فوق ظلام العالم آه، أين الانسان المطرود من الجنة هذا الجالس في مقهى العالم يصطاد الالفاظ هذا القادم من حرب خاسرة أبداً هذا الواقف عند بيوت المنفيين آهٍ أطلق صرختنا حتى إن لم يسمعها أحد في الريح حتى إن ظلت خرساء على فمك ِ الاخرس وتعال ادخل مملكتي من نافذتي المفتوحة من أجلك منذ عصور لنؤلف جيش العودة، حيث نقاتل في صف المنسيين ونبني عاصمة اخرى للعالم
0637,Christmas Carols,أهلا بيسوع (Ahla Bi Yassouh),Levantine,خلو الزينة حلوة و الألوان نجوم نجوم و تضوي وين ما كان خلو الزينة حلوة و الألوان نجوم نجوم و تضوي وين ما كان تراتيل وألحان صار الليل شموع ميلادك يسوع عم يكتب للدني حكايي أهلا بيسوع صوت الفرح مسموع ع القلوب البيضا يا زغار الكون لاقو يسوع جايي وعلى دربو صوت جراس واسع واسع قلبو لك الناس جاي جايي وعلى دربو صوت جراس واسع واسع قلبو لك الناس جاي وحبو ما ينقاس صار الليل شموع ميلادك يسوع عم يكتب للدني حكايي أهلا بيسوع صوت الفرح مسموع ع القلوب البيضا يا زغار الكون لاقو يسوع
0638,Hoda Haddad,سهرة جديدة (Sahra Jdedi),Levantine,سهرة جديدة ورقصة جديدة صداقة جديدة وعدتو جايي ومهدايي قلبي بايدي يا خوفي يا همي لو عرفوا الجيران ويقولوا لأمي كان معها سهران ويلهوني وينسوني مواعيدي وهو ناطرني ت يسهرني بليلة عيدي سهرة جديدة ورقصة جديدة صداقة جديدة وعدتو جايي ومهدايي قلبي بايدي كيف مرق علينا وصدفة ناطرين كأنو تلاقينا وحكينا من سنين كلمة ورقصة وبديت قصة من التنهيدة شي ينهدلي وشي بيقلي ضلي بعيدة سهرة جديدة ورقصة جديدة صداقة جديدة وعدتو جايي ومهدايي قلبي بايدي
0639,Hoda Haddad,قلي الهوى يا حبيبي (Qilli elhawa ya habibi),Levantine,قلي الهوى يا حبيبي كيف وانتا بعيد بيبقى الهوى يا حبيبي من دون مواعيد بيبقى الهوى بيبقى الهوى بيبقى الهوى يا حبيبي بسهر بطول الليل غني وقول نسيت بوعى من دنبي بعدك حبيبي غفيت وان خلصت المواعيد وبقيت انتا بعيد بيبقى الهوى يا حبيبي قلي الهوى يا حبيبي كيف وانتا بعيد بيبقى الهوى يا حبيبي من دون مواعيد بيبقى الهوى بيبقى الهوى بيبقى الهوى يا حبيبي ليش وانت فليت بتقول مشتقلي وصوتك تركني وليش بعدو عم يندهلي وان خلصت المواعيد وبقيت انتا بعيد بيبقى الهوى يا حبيبي قلي الهوى يا حبيبي كيف وانتا بعيد بيبقى الهوى يا حبيبي من دون مواعيد بيبقى الهوى بيبقى الهوى بيبقى الهوى يا حبيبي
0640,Christiane Najjar,يا نبع المحبة (Ya nab' al-mahabbe),Levantine,يا نبع المحبّة، وحدك ساكن قلبي لا تتخلّى عنّا، عينك ع وطنّا بالأيام الصعبة يا نبع المحبّة، وحدك ساكن قلبي لا تتخلّى عنّا، عينك ع وطنّا بالأيام الصعبة ميلادك ميلاد الخير يا نور الحقيقة مابشّرت بغير الخير وخلاص الخليقة وبشّرت بالسلام و عاداك السلام قلتلن يا ربّي دخلك سامح شعبي يا نبع المحبّة، وحدك ساكن قلبي بلادك يا فادي الكون، تقلوا كتير أحمالًا بإيدين بتكره اللون شوهوا جمالا بلادك يا فادي الكون، تقلوا كتير أحمالًا بإيدين بتكره اللون شوهوا جمالا وينك يا يسوع وطنّا موجوع وطنّا يا ربّي نسيتو المحبّة ويا نبع المحبّة، وحدك ساكن قلبي بين الخي وبين الخي بيعدن مشوار بلد الشمس وبلد المي أكلتن النار بين الخي وبين الخي بيعدن مشوار بلد الشمس وبلد المي أكلتن النار الحلا والخضار كلن صاروا غبار حبسونا بعلبي خلّصنا يا ربّي يا نبع المحبّة، وحدك ساكن قلبي يا نبع المحبّة، وحدك ساكن قلبي لا تتخلّى عنّا، عينك ع وطنّا بالأيام الصعبة يا نبع المحبّة، وحدك ساكن قلبي لا تتخلّى عنّا، عينك ع وطنّا بالأيام الصعبة
0641,Hoda Haddad,وديلي سلام (Waddeli Salam),Levantine,سفرك تاعبني.. وآه من السفر حبك مدوبني.. وقلبك من حجر رجعني ع قلبك مشتاقة لقلبك وقلي أنا بحبك يا حبيبي وديلي سلام يا حبيبي حرام حرام يا حبيبي وديلي سلام يا حبيبي حرام حرام يا حبيبي خلصت الأيام وتعب الكلام من كتر مكاتيبي يا حبيبي آه وحياة الليالي.. العشناها سوا ودمع الحب الغالي.. وإيام الهوى وديلي شي بسمة.. ع جوانح شي نسمة وجاوب ع مكاتيبي يا حبيبي آه وديلي سلام يا حبيبي حرام حرام يا حبيبي وديلي سلام يا حبيبي حرام حرام يا حبيبي خلصت الأيام وتعب الكلام من كتر مكاتيبي يا حبيبي صورنا العتيقة.. أكلها الزمان شفلك شي طريقة.. ورجع اللي كان والحب يودينا.. من مينا لمينا وتبرم ليالينا.. يا حبيبي آه وديلي سلام يا حبيبي حرام حرام يا حبيبي وديلي سلام يا حبيبي حرام حرام يا حبيبي خلصت الأيام وتعب الكلام من كتر مكاتيبي يا حبيبي
0642,Lena Chamamyan,يا ظريف (Ya zarif),Levantine,يا ظريف الطول لاحكي قصّتنا اللي عليها كل العالم لامتنا قالوا شو الجرى، شو الجمع شملنا قلنا الله ال راد و وفّق حالنا يا ظريف الطول لاموني هَلي قالو يا قُمرنا أنتي تمهّلي ما تعوفي ديرتنا ولو مهرك غِلي ديرَتي و مهري عيش بقربو انا يا ظريف الطول و لو لامونا لو ولو جاروا علينا و مهما حاولوا ما يصير إلا ال الله رادو و سهّلو هو الحامينا و الجامع شملنا يا ظريف الطول لاموني هَلَك يوم ال قلت اني عشقانة وما اجملك قالوا يا بنيّة كل من عشق هَلك و نهلك لو ما شاخت سوى قلوبنا يا ظريف الطول و لو لامونا لو ولو جاروا علينا و مهما حاولوا ما يصير إلا ال الله رادو و سهّلو هو الحامينا و الجامع شملنا يا با اووووف زيّنوا المرجة، و المرجة لينا، شامنا فرجة و هيّ مزيّنة
0643,Hoda Haddad,اسمي خبيتو بنسمي (Esmi Khabaito bnesmi),Levantine,اسمي خبيتو بنسمي وقلتلا غيبي مين اللي سرقلي اسمي وعطيو لحبيبي سألني سألني والنظر ملبك سألني وين بيتك قلتلو بقلبك شو اسمك جاوبتو أنا اسمي بحبك لشو تعرف مين أنا؟ عيط لي الغريبي ومين اللي سرقلي اسمي وعطيو لحبيبي اسمي خبيتو بنسمي وقلتلا غيبي مين اللي سرقلي اسمي وعطيو لحبيبي وشويي وشويي ويا كلمي ورا كلمي صار يغرق بهمو واشرد أنا بهمي وصار وجهو بعيوني واسمو على تمي وشفت حالي لحالي وبعيدة وقريبي ومين اللي سرقلي اسمي وعطيو لحبيبي اسمي خبيتو بنسمي وقلتلا غيبي مين اللي سرقلي اسمي وعطيو لحبيبي
0644,Terez Sliman,شخر القمر (Shakhr El Amar),Levantine,لو فيو القمر يعتب كان طفّى من زمان شايف الحُر مغلّب شايف كوكب خدران لو فيو القمر دندل راسه وشخّر كمان شايف الغلى مشنشل شايف رِخص الإنسان عشمك فينا خسران يا قمرنا السّهران إمشي وما تفتل ضهرك الحالة بدّا دوزان لو فيّو الهوا يخرم مخّك تقلب فهيم نافخينك داعمينك تا تشمت بالعاقلين لو فيّو الهوا حُرقة ولو بالدّنيا سائلين كنا من دهر وعينا وحرقنا الموازين بس .. غلي البنزين، التعن دينو البنزين يعني لو طلع بايدو ولّع فينا من سنين لو فيّو الشّتا يبكي بدل المرة عشرين كان صفّى هالبشريّة اللي بتاجر بالدّين لو فيو الشّتا يبكي كان غرقت من زمان مش بس الكرة الارضية حتى المجرة كمان بس الشتا عقلان مذوق والله وفهمان اسمحولي انهي الجملة ...
0645,Al Fersan Al Arbaa,السنة مش جايي بابا نويل (El Sene Mech Jayi Papa Noël),Levantine,[الفرسان الأربعة] السنة مش جايي لعِنّا بابا نويل الحالة ما بتسوى، عِنّا الشغل بالويل بيظهر إنو السياسية اللي من دون ألعاب عم يلعبوا بهالشعب من مَيّل لمَيّل [نادر خوري] عملونا متل الطابة بملعب فوتبول نازلين يشوطوا فينا من جول لجول و حاجي ساكت يا شعب إتحرك و إعمول روحوا إتخانَقوا فِلّوا ع نجم سهيل [إيلي خياط] راح يرجعوا و يجتمعوا على الحوار يطرحوا على الطاولة كل الأفكار خايف ع الطاولة ياكلوا سومو و كافيار و نحنا بناكل دَكاطورة ع بات الليل [الفرسان الأربعة] السنة مش جايي لعِنّا بابا نويل الحالة ما بتسوى، عِنّا الشغل بالويل بيظهر إنو السياسية اللي من دون ألعاب عم يلعبوا بهالشعب من مَيّل لمَيّل [سيمون عبيد] وينك يا تلج الأبيض غطي الوديان نَضِّف كل الخطايا، نَضِّف لبنان السياسيين ناطرينك متل الصبيان خدهُن لعندك كِبُّن بشي أوتيل [زياد إيماز] هِنّي ناطرين هدية منك مرسال فِكرُن شي هدية مِغَلَف كله أموال مفتكرينك سلطان محمَّل حِمّال إوعا تيجي، بينهبوك، بتدوق الويل [الفرسان الأربعة] السنة مش جايي لعِنّا بابا نويل الحالة ما بتسوى، عِنّا الشغل بالويل بيظهر إنو السياسية اللي من دون ألعاب عم يلعبوا بهالشعب من مَيّل لمَيّل كيسك صاير صليبك، صليب لبنان تعا إتفرج شو عملوا زعما لبنان قد ما بيحبوا بعضُن ما فيه إنسان إلا هاجر و سافر، طفح الكيل السنة مش جايي لعِنّا بابا نويل الحالة ما بتسوى، عِنّا الشغل بالويل بيظهر إنو السياسية اللي من دون ألعاب عم يلعبوا بهالشعب من مَيّل لمَيّل
0646,Christmas Carols,ميلادك يسوع (Miladak Yesu),Levantine,ضوّينا إيدينا شموع ونسينا العطش والجوع ومسحنا كِل الدموع ميلادك يسوع ضوّينا إيدينا شموع ونسينا العطش والجوع ومسحنا كِل الدموع ميلادك يسوع وبأفقر مكان ع سرير من القش غيرت اللي كان كذب وشر وغش غيِّر الإنسان اللي فينا تنرِش عالدنيي إيان ميلادك يسوع ضوّينا إيدينا شموع ونسينا العطش والجوع ومسحنا كِل الدموع ميلادك يسوع كل ما عام يطُل بوِلادة جديدة تنلي الحِزن يفِل والقسوة بعيدة تِشفي قلوب الكِل تمحي التنهيدة وفينا الخير يحِل ميلادك يسوع وفينا الخير يحِل ميلادك يسوع
0647,Akher Zapheer,تحت البحر الميت (Tahet El Bahar El Mayyet),Levantine,"انا واقف في السما, انا شايف روحي فيك كل الناس تحت رجلك, تطلب موتك و تصلَيك و من فوقك ست نقاط مثلثين عكس بعض خلّت ناس اتعيش فيك, تطلب موتك و تصلَيك و مدد اعطيني موج, مدني جلد و تحمّل مع انك ميَت دوم, موتك زادني اكتر موت انا بلوم مكانك, مكانك كتير استثنائي فصلتلي, يميني عن يساري وانا بلوم ملحك, ملحك انرش بعيوني انت مش متلي, بالسبت بتصلًي سبع ابواق رح تنفخ, و أحنا في البوق السادس ميتين الف الف ليموت تلت الناس و علَيتني عن الارض و حرقت البساتين عاساس اراضيك, و نزلتني اعيش فيك انا واقف قدامك, و كل شي تحت سيطرتك بس النور عم يجرحني, او بالاحرى عم يشفيني وانا بصوم ايَامك, انا مش ملزم بصيامك فطرتني ع كم المعرفة هاي المعرفة من ارثي, مين انت لتمنع عنَي و تحجَمني و تحت سطحك تعيَشني سبع ابواق رح تنفخ, و أحنا في البوق السادس ميتين الف الف, ليموت تلت الناس وانا بدوّر عليكي بدور على عيونك وينك تحت البحر الميّت ريحة الناس بنارك خيلة يا سدوم و عمورة, لا تعيديلنا الذكرى بحرك مات و موتك رحمة عيش و عيّشنا يا ميّت "" لا تصالح ولو توَّجوك بتاج الإمارة كيف تخطو على جثة ابن أبيكَ..؟ وكيف تصير المليكَ.. على أوجهِ البهجة المستعارة؟ كيف تنظر في يد من صافحوك.. فلا تبصر الدم.. في كل كف"""
0648,Hoda Haddad,قصتنا حزينة (Qissitna Hazini),Levantine,قصتنا حزينة قصتنا عذاب لا حبيبي نسيني ولا قلبي داب قصتنا طويلة قصتنا كلام وبكرا بتشكيلي تعب الأيام تعا يا حبيبي حليو العناقيد اكتبلي مكاتيبي بورق المواعيد بعدا على بالي بعدا الحكايات ويضحك بخيالي عتب السهرات لو يا حبيبي تتركني ع باب تتركني غريبي والدنيا ضباب تعا يا حبيبي حليو العناقيد اكتبلي مكاتيبي بورق المواعيد
0649,Fadel Chaker,وين اللي عَمَّر (Wain Elli 'Ammar),Levantine,وين اللي عَمَّر بلدي اللي اتدَّمَر وين اللي رجع وطننا أخضر بأيَّ إيد هدوا جبلنا العالي بأيَّ إيد محيوا أملنا الغالي بأيَّ إيد محيوا أملنا الغالي مهما صار بالقلب باقي متلك ما صار ولا منلاقي مهما صار بالقلب باقي حبك معانا و الله معك مهما صار بالقلب باقي متلك ما صار ولا منلاقي مهما صار بالقلب باقي حبك معانا و الله معك مهما صار بالقلب باقي متلك ما صار ولا منلاقي مهما صار بالقلب باقي حبك معانا و الله معك مهما صار بالقلب باقي متلك ما صار ولا منلاقي مهما صار
0650,Akher Zapheer,ام الموسيقى,Levantine,"شو نفسي اغير حالي, ثنائي قطبي, شو مالي جدار الصمت وشوشني, اكسرني و خدت بتاري من العدم اتخلقت فكره, ما الدنيا هيك بالفطره وحياتي تسيبني بحالي, ثنائي قطبي شو مالي إيه, إيه وهالمصيبه اللي براسي عم تاكل مخي وتكتبني, ايه, ايه شو هالخبيثه شو جابتلي, إم الموسيقى آزريني آزريني, آزريني, آزريني آزريني, آزريني, آزريني شو في جواتي ساكن, قاعد ومرات بَتجَوَّل بإجتماعيتكم راسب, وبحاول ما أتحَوَّل والدنيا طلعت فيلم, وخدّي الأيمن وِرم شو أسيطر تأسيطر, ما البني آدم حيواني وانا كنت مفكرك صاحبي, يا لئيم ما بتلائمني وأنتِ يا هَبّة روحي, ترٓكتينيٓ تارة, و تارة رجعتيلي وفديت انا عمري, قضاء الكون إكتمي, إيه, إيه ما كشفت أسراره, وبالتالي قضى عمري قررت إني أضلني هادي, متمركز بنص نفسي عن حالي شلحت, و لبست ع حالي جلدي شو في جواتي ساكن, قاعد ومرات بَتجَوَّل بإجتماعيتكم راسب, وبحاول ما أتحَوَّل والدنيا طلعت فيلم, وخدّي الأيمن وِرم شو أسيطر تأسيطر, ما البني آدم حيواني وانا كنت مفكرك صاحبي, يا لئيم ما بتلائمني وأنتِ يا هَبّة روحي, ترٓكتينيٓ تارة, و تارة رجعتيلي وهالمصيبه اللي براسي عم تاكل مخي وتكتبني, ايه, ايه شو هالخبيثه شو جابتلي, إم الموسيقى لمستني و أنا زيّ الموج رايح راجع, يمّا وأنا زيّ الموج رايح راجع آه, آه, آه و هالمصيبه اللي براسي, عم تاكل مخي وتكتبني (وانا زي الموج رايح راجع, والدنيا بس عم بتضاجع) شو هالخبيثه شو جابتلي, إم الموسيقى لمستني (وانا زيّ الموت للحب راكع, والحب لحن من روحي طالع) وهالمصيبه اللي براسي, عم تاكل مخي وتارارا (و أنا زيّ الموج, و أنا زيّ الموت) شو هالخبيثة شو جابتلي, إم الموسيقى عإم كلشي"
0651,Hoda Haddad,وحدن انت (Wahdon ent),Levantine,وحدن انت.. والمناديل بذكر بليلة سهري الطويل نطرت كتير.. وقفت كتير أنا والوحشة وقفت كتير عد القناطر والقناديل على شباكي صوت الريح أنا يا خوفي عتب الريح وأنا والليل.. طول الليل تعبت النجمة.. ع باب الليل وتعبوا المحابر والمراسيل وحدن انت.. والمناديل بذكر بليلة سهري الطويل نطرت كتير.. وقفت كتير أنا والوحشة وقفت كتير عد القناطر والقناديل تركوا العشرة.. تركوا الدار تركو الماضي وسهر النار وأنت ما جيت.. وأنا شو بكيت وعدك يمكن حبيبي نسيت وبعدك نجمة سهري الطويل وحدن انت.. والمناديل بذكر بليلة سهري الطويل نطرت كتير.. وقفت كتير أنا والوحشة وقفت كتير عد القناطر والقناديل
0652,Hoda Haddad,يا ظريف الطول (Ya zaref attoul),Levantine,يا ظريف الطول.. يا بو الميجنا بتمرق الإيام.. وبحبك أنا يا ظريف الطول.. صرلك شي سني مغير وعتبان.. غيرت الدني والحلو اللي كان.. يحمل ولدني ما بقى يسأل.. علينا شو بنا يا ظريف الطول.. يا بو الميجنا بتمرق الإيام.. وبحبك أنا يا ظريف الطول.. أهلك تو حلو شو اللي جرى تخمين.. ما عم يسألو ويا هوى الحلوين.. يا عمري الحلو راح تركض الايام.. وشو باقي لنا يا ظريف الطول.. يا بو الميجنا رح تمرق الإيام.. وبحبك أنا يا ظريف الطول.. يا بو الميجنا بتمرق الإيام.. وبحبك أنا بالحوش العتيق.. في بنت وصبي والزهر ال بالحي.. ع حبن ربي يهرب بهالمي.. ويقلا اهربي صرخ الناطور.. فرفطنا الجنى يا ظريف الطول.. يا بو الميجنا بتمرق الإيام.. وبحبك أنا
0653,Hoda Haddad,مرق الهوى (Maraq elhawa),Levantine,كانت الإيام.. ليلكية وينزل اليمام.. ع العلية اقعد ع البوابي.. أنا وصحابي والشجر ع بابي.. عم بتفيي ومَ..رق الهوى نَـ..ـدهني الهوى مرق الهوى ندهني الهوى اخدني.. خطفني سحرني.. سرقني وطيرني الهوى وصرت شوف قمار.. بالليالي وتمرق الأشعار.. على بالي وع شباكي اتكي.. وبدي ابكي وصرت اقعد احكي.. أنا وحالي مَ..رق الهوى نَـ..ـدهني الهوى مرق الهوى ندهني الهوى اخدني.. خطفني سحرني.. سرقني وطيرني الهوى وصاروا يسألوني.. وصاروا يراقبوني وشو بدي قول.. والدمعة بعيوني بقول يا ها الناس.. لا تلوموني مَ..رق الهوى نَـ..ـدهني الهوى مرق الهوى ندهني الهوى اخدني.. خطفني سحرني.. سرقني وطيرني الهوى وطيرني الهوى وطيرني الهوى
0654,Hoda Haddad,بتذكر يا حبيبي (Btezkur ya habibi),Levantine,بتذكر يا حبيبي.. مرة بالخريف؟ كيف كنا عم نمشي.. والشتي خفيف وكيف طافت علينا.. وركضنا تخبينا بتذكر يا حبيبي.. مرة بالخريف؟ تخبينا بقناطر.. قناطر قناطر وقلبي حدك ناطر.. ناطر ناطر ت تقلي وتحكيلي تخبرني وتشكيلي بتذكر يا حبيبي.. مرة بالخريف؟ بتذكر يا حبيبي.. مرة بالخريف؟ كيف كنا عم نمشي.. والشتي خفيف وكيف طافت علينا.. وركضنا تخبينا بتذكر يا حبيبي.. مرة بالخريف؟ وتطلعت فيي.. فيي فيي فيي وضحكولك عينيي.. عينيي عينيي وقلتلي يا عيوني بخبيكي بجفوني بتذكر يا حبيبي.. مرة بالخريف؟ بتذكر يا حبيبي.. مرة بالخريف؟ كيف كنا عم نمشي.. والشتي خفيف وكيف طافت علينا.. وركضنا تخبينا بتذكر يا حبيبي.. مرة بالخريف؟
0655,Tamer Nafar,قربي شوي كولومبوس جنسي,Levantine,"قربي شوي تامر نفار يستضيف كلارا خوري تامر راب: أول ما تفوت أنتبه, هدوء وسكوت القلوب بوقوف, كلنا سطر واحد Salut حلا كلاسا, أيدها على راسها على الواحدة ونص بتلبّق خطواتها فرس أليف اللي ما يعلم بالبر لكن, فرس أصيل اللي يحلم بالبر كلك رقة وخجل أنتي, خجل ما يستحي يكتشف اللي العالم خايفو كولومبوس جنسي Lolita مممممم, لسانها على شفافها يمشي يجوعني, سناني تعض بشفتي نظرة وقحة من عيونها تحرّر غرائز حيوان مفترس شرس شايف شفايف عدرا, رطبة, زي المطر وأنقى من القطرة قبل ما تمس الأرض بلحظة أسمحيلي,, أكون أرضك, أصوم لجسمك, وما أكسر الجوع الا بلمسك لازمة (تامر وكلارا خوري) قربي شوي هينا . أقرب من هيك ؟ بدي أحسّك أكتر. أحضني بين أيديك تطّلعي بعيني. عيني بعينيك أنا وأنتي نكون جسم واحد قرّب شوي هينا. أقرب من هيك ؟ بدي أحسّك أكتر. هايني بين أيديكي تطلّع بعيني. عيني بعينيكي أنا وأنت نكون جسم واحد تامر راب: كسم منحوت نحت, يقلب اللي يشوف قلب التحت فوق والفوق تحت, فش خوف بعد في صوت همس, الممنوع يخلق فن تعرّت كالأجسام اللي تتعرى قبال رسام اللسان ريشتي, رقبتها لوحة فاضية ألواني,عليها طالعة نازلة نازلة واصلة غرررر نص جنة عدن تفاحتين ممنوع ينمسّوا من أي حدن وأنا, كأبن آدم بعد ما أشوفهم مستعد أعيد عـ خطية أبوي وأذوقهم ذقتها, ريحة حبنا أحتلت كل الغرفة الليلة فش سترة في بس كاما سوترا لازمة (تامر وكلارا خوري) قربي شوي هينا . أقرب من هيك ؟ بدي أحسّك أكتر. أحضني بين أيديك تطّلعي بعيني. عيني بعينيك أنا وأنتي نكون جسم واحد قرّب شوي هينا. أقرب من هيك ؟ بدي أحسّك أكتر. هايني بين أيديكي تطلّع بعيني. عيني بعينيكي أنا وأنت نكون جسم واحد تامر راب: الجولة التالتة حامية, مدوبة كل حاسّة, حاسس أنها شوي خايفة, زي أول درس سواقة حالفة ولا أي مخالفة بدها ترتكب ضلينا على سرعة 68 لأنو بالـ69 بنقلب, حبي القانون الأول لراحتنا أنو أجسامنا تتعب بنص كانون التاني أجسامنا تعرق وأذا تعبنا ما نمنا الشهوة تفضل وتملى بفحص كل نقطة بجسمك ناديني أستاذ الأملا (هين غلط) هين صح؟ (آه رّكز هينا) ششش, خلّي الباقي بينا لازمة (تامر وكلارا خوري) قربي شوي هينا . أقرب من هيك ؟ بدي أحسّك أكتر. أحضني بين أيديك تطّلعي بعيني. عيني بعينيك أنا وأنتي نكون جسم واحد قرّب شوي هينا. أقرب من هيك ؟ بدي أحسّك أكتر. هايني بين أيديكي تطلّع بعيني. عيني بعينيكي"
0656,Bessan Ismail,ايقاع (Al-liqou (Tempo)),Levantine,لازم اني  كمل هالطريق ما في عندي قدرة …. شو يللي بآخر هالطريق ما في عندي فكرة …. اه ..شو  بتخطر عبالي مرات كتير بسأل حالي كيف بدي اصمد للأخير مافي عندي حل …. قلبي اختارك انت الأمير وحدك بين الكل ….. اه ..شو  بتخطر عبالي مرات كتير بسأل حالي هذا الإقاع نفس الإقاع حياتي نغمة عمر ضاع كل شي اتغير بالدني إلا الإقاع
0657,Hoda Haddad,يا غناني الحنين (Ya Ghnani elhaneen),Levantine,يا غناني الحنين بغنيكي لمين يا غناني الحنين بغنيكي لمين ما بيسمع حبيبي صرلو من سنين يا غناني الحنين بغنيكي لمين يا دفاتر أشعاري.. المكتوبة الو حبيبي مش داري.. المر من الحلو يا زهور اشتبيكي.. الحنين يساقيكي شو عاد بدي فيكي.. خليكن عطشانين يا غناني الحنين بغنيكي لمين كنا انا وهوي.. حكايين الهوى وقمرنا بيضوي.. بيسهرنا سوا بكر ع الغياب.. دوبني وما داب كنا أغلى حباب.. صرنا منسيين يا غناني الحنين بغنيكي لمين يا غناني الحنين بغنيكي لمين يا غناني الحنين بغنيكي لمين ما بيسمع حبيبي صرلو من سنين يا غناني الحنين بغنيكي لمين
0658,Faraj Hanna,بنسى (Bensa),Levantine,لما بشوفك بنسى والله الدني فيها بنسى حالي لما عيونك بطلع فيها لما بشوفك بنسى والله الدني فيها بنسى حالي لما عيونك بطلع فيها بنسى إني مديون وإنو بيتي مرهون وأعصابي على صوص ونقطة وعلى حالي ما بمون بنسى قلق الليلي جاري الكمخ لي قبالي قلق الليلي جاري الكمخ لي قبالي سيارة من البالي لي على زوقا بتدور double shift وبنسى ال ومديري هالزفت double shift يخي بنسى ال ومديري هالزفت وبنسى البلد الكلو غش وسقفي العم بنش بنسى الوضع السياسي لي براسي migraine وال الوضع السياسي لي براسي migraine وال بنسى إنو الكوكب ضدي لما تكوني حدي لما بشوفك بنسى والله الدني فيها لما بشوفك بنسى والله سنيني وإيامي بنسى فشلي وإني نسيت حقق أحلامي لما بشوفك بنسى والله سنيني وإيامي بنسى فشلي وإني نسيت حقق أحلامي بنسى إني مقهور وللدكنجي مكسور ascenseur وساكن بالسابع ببناية ما فيها وأسئلتي الوجودية الجدلية الكونية أسئلتي الوجودية الجدلية الكونية نظرية النسبية كيسنجر وبلفور وبنسى الطبقية والأنظمة القمعية بنسى الطبقية والأنظمة القمعية وبنسى قانوني لمصدي لما تكوني حدي بنسى كل ديوناتي تعتيري إل بالوراتي كل ديوناتي تعتيري إل بالوراتي بنسى إنو الكوكب ضدي لما تكوني حدي لما بشوفك بنسى والله الدني فيها
0659,The Synaptik,ع الله الرزق,Levantine,"هدفي أخلى قلمنا يحس عالله الرزق أصلنا من زمان دا كتبنا ختمنا وكيدز بمبا وشيبس حرقنا المنا المنا المنا انت وصلت لعند الكينج يا غلام فهيا اطلب وتمنا مغني لحتى الناس تتطبع فيك الملك العرش مكاني متربع فيه اخذت كثير ببلاش بطلت اعطيك نعطي ذهب لحمير دا بلاش شو بدها تعمل فيه؟ ياما لفيت ببلاد انا شفت دهاليز حواوشي في زمالك بيروت مناقيش فأوعك تنكش هان عش الدبابير انا كيوت وكذا بس من جوا من العيار الثقيل عادي على بالي ولا حدا ولا خرا ولا انت ولا شيخ ولا مرة ولا بنت ولا حس ولا خرا ولا حن بس حس مجزرة علحن وادعس شنبات عنترة والعب فيه كرة أصلها كزدورة امورة كمل هل وصلت صورة قلتلك يا حيوان من قبل انا ايس فينتورا سوق المخ يتخبط بالكوابيس فش اوسخ من شايف خلف الكواليس حطيت شعار هذا النهار اعمل مسار عنيف خليه انذار للتاريخ هدفي أخلى قلمنا يحس عالله الرزق أصلنا من زمان دا كتبنا ختمنا وكيدز بمبا وشيبس حرقنا المنا المنا المنا انت وصلت لعند الكينج يا غلام فهيا اطلب وتمنا World is my witness God is my Judge The further the distance The harder I run From Middle east wars And Philippines slums I’ve baked me some cake When they’ve given me crumbs uuhhh....Bitch! Welcome to brunch This the beginning, here’s lunch, there’s dinner to come Gin in my cup, pray for the sinner Then they prey on the young (Aim it and bang) They’ve given them guns like this shit is fun They’ve given them funds  its never enough They add it all up, division is rough They started from scratch, so they’re itching to bust Blacka! Life is a saga Talking too much, You get humbled cuz Acting too hard you get softened like pasta Choose what you wanna Life ain’t a buffet, it’s much more like tapas Moment of silence, for all the young Pharaohs Nobody’s talking, everyone follows Everything’s new, keep popping their collars Their hiding the noose cuz they’re hung on the dollar هدفي أخلى قلمنا يحس عالله الرزق أصلنا من زمان دا كتبنا ختمنا وكيدز بمبا وشيبس حرقنا المنا المنا المنا انت وصلت لعند الكينج يا غلام فهيا اطلب وتمنا"
0660,Kamilya Jubran,شجر البن,Levantine,بيني وبينك سجر البن وحبّ الهال وزهر النوم بيني وبينك تسع جبال وعرب وصحرا وغيبة يوم بيني وبينك ضربة رمح وفرس وسيف وهجم الصبح بيني وبينك طيرة طير ونادو كلّن ع الفراق وقطفني متل الصبيّر صوت الغنُّو بالعراق لو نقدك كان مدينة وبالشام العرس لاركب ع الفرس وجبلك مفتاح القدس رايح اسرقلك غابة واسرقلك جان وعلِّق ع سجر البحر عقود المرجان الشاعر طلال حيدر
0661,Hoda Haddad,سهرانة لحالي (Sihrani Lahali),Levantine,سهرانة لحالي وغيابك ببالي سهرانة ع هاك الباب يا طول السهر ع الباب يا طول الليالي سهرانة لحالي وغيابك ببالي سهرانة ع هاك الباب يا طول السهر ع الباب يا طول الليالي كتابك والجريدة والخاتم بايدي والورقة اللي عليها عناوين وقصيدة وحدن يا حبيبي بعدك يا حبيبي وحدن ال بقيو لي من هالزمن الغالي سهرانة لحالي وغيابك ببالي سهرانة ع هاك الباب يا طول السهر ع الباب يا طول الليالي عيونك سهروني كتير ونطروني ويمكن لا اشتاقولي ولا بيتذكروني وبعدو بالليالي وجهك بالليالي بيرجع يلاقيني سهرانة لحالي سهرانة لحالي وغيابك ببالي سهرانة ع هاك الباب يا طول السهر ع الباب يا طول الليالي
0662,Yara,وينك (Waynak),Levantine,وينك يا ال تسلملي عينك بيني انت وبينك عشق وحنان غمرني تقلّك تقبرني وع حضنك رجّعني وحسّسني بأمان ونرقص انا وياك وترجع تغمرني تهواني واهواك شو اشتقت تسهرني ونرقص انا وياك وترجع تغمرني تهواني واهواك شو اشتقت تسهرني وينك قلّي انك اشتقتلي ومن حدّي ما تفلّي بحبك من زمان فينا ت نرجّع ماضينا ننسى كل شي احكينا ونعيد اللي كان ونرقص انا وياك وترجع تغمرني تهواني واهواك شو اشتقت تسهرني ونرقص انا وياك وترجع تغمرني تهواني واهواك شو اشتقت تسهرني وينك ونرقص انا وياك تهواني واهواك ونرقص انا وياك وترجع تغمرني تهواني واهواك شو اشتقت تسهرني ونرقص انا وياك وترجع تغمرني تهواني واهواك شو اشتقت تسهرني وينك
0663,Ragheb Alama,جددتي حياتي (Jaddadti Hayati),Levantine,جددتي حياتي، غيرتي مصيري أيام السعادة ما عادت قصيرة جددتي الاماني، يوم قلبك نداني وهبتك حناني مع حبي و تقديري من قبلك قلبي كان عايش على الحرمان موجود من دون وجود من دون حب وحنان حبك و حنانك هناني حرمان الماضي نساني سلمتك أماني أحلامي الكبيرة جددتي حياتي، غيرتي مصيري أيام السعادة ما عادت قصيرة جددتي الاماني، يوم قلبك نداني وهبتك حناني مع حبي و تقديري بوجودك قلبي إرتاح و الماضي كله جراح موعود بعمر جديد موعود بالأفراح وعدك لقلبي خلاني يهديكي روحي و كياني سلمتك أماني أحلامي الكبيرة
0664,Hoda Haddad,آخدني لوين (Akhedni Lawayn),Levantine,آخدني لوين دخلك يا هوى آخدني بايدي وعم نركض سوا قلبي بعدو صغير ع هيك مشاوير ع مهلك عليي دخلك يا هوى لا بتشفق عليي وبتقول بعدا صغيرة وبتختي لعا بكرة بتسهرني الغيرة شو ذنبي ان حبيتك شو ذنبي ان لاقيتك شو ذنبن اللي حبوك لمهب الهوا ع مهلك عليي دخلك يا هوى آخدني لوين دخلك يا هوى آخدني بايدي وعم نركض سوا قلبي بعدو صغير ع هيك مشاوير ع مهلك عليي دخلك يا هوى خبرتني أختي عن قصص ومشاوير كيف كان ينطرها وتبكي كتير كتير وتحكيلي وتقلي وما اعرف شو تقلي تحكي وبعينا الدمعة من كتر النوى ع مهلك عليي دخلك يا هوى آخدني لوين دخلك يا هوى آخدني بايدي وعم نركض سوا قلبي بعدو صغير ع هيك مشاوير ع مهلك عليي دخلك يا هوى حلفتك بعيوني الما شافو غيرك انت لما بتبقى وحدك قول خطيي هالبنت ما بدي نطرها ما بدي سهرها وتعا لعنا ليليي ت نقعد سوا ع مهلك عليي دخلك يا هوى آخدني لوين دخلك يا هوى آخدني بايدي وعم نركض سوا قلبي بعدو صغير ع هيك مشاوير ع مهلك عليي دخلك يا هوى
0665,Yara,لو عندي قلبين (Law Endi Albayn),Levantine,لو عندي قلبين بحبك فيهن الاتنين ولو عشنا للميّة بتمنّى حبّك عمرين آه عمرين بحبك فيك بحسّ لما بتطلع فيّي وحدك انت وبس اللي بتشتقلك عينيّي بحبك فيك بحسّ لما بتطلع فيّي وحدك انت وبس اللي بتشتقلك عينيّي لو عندي قلبين بحبك فيهن الاتنين ولو عشنا للميّة بتمنّى حبّك عمرين آه عمرين خدني نروح بعيد وتغزّل بعينيّي بحبِّك قولا وعيد ولحّنها بغنيّة خدني نروح بعيد وتغزّل بعينيّي بحبِّك قولا وعيد ولحّنها بغنيّة لو عندي قلبين بحبك فيهن الاتنين ولو عشنا للميّة بتمنّى حبّك عمرين آه عمرين
0666,Yara,ما بصدق (Ma Bsadek),Levantine,ما بصدّق مشتاق ما بصدّق مغروم ما بصدّق إحساسك كلّو مخربط مش مفهوم ما بصدّق مشتاق ما بصدّق مغروم ما بصدّق إحساسك كلّو مخربط مش مفهوم ما بذكر كلمي قلتا منك مره وصدقتا ما بذكر كلمي قلتا منك مره وصدقتا ما تحكي ما تلوم جايي توعّي فيّي أحلامي من جديد وتحلف بعينيّي ونفس الكذبي تعيد جايي توعّي فيّي أحلامي من جديد وتحلف بعينيّي ونفس الكذبي تعيد ما بذكر كلمي قلتا منك مره وصدقتا ما بذكر كلمي قلتا منك مره وصدقتا ما تحكي ما تلوم
0667,Rowaida Attieh,فجر جديد,Levantine,هالبنت حلوه يا فراشة وطايرة الألوان عـ جناحاتها شو حايرة بتغط ع زهرة بتضيع بالزهرة أحلى وأحلى جنة عطر ومقطرة تبكي شو هالإيام بتخرِّس الأحلام والابواب مسكرة كبرت وكبرت والعطر بعدو عتيق بيدق باب الحب طفل، بلكي هالفجر يفيق كبروا وكبروا انحرقوا بنار الشوق انحرقوا ما تابوا كبروا وكبروا والشوق للدنيا لأبواب مفتوحة بيطل فجر جديد وينشف جروحا والشب مانو بطل ع قد حاله بيحلم بحرية وبيقطف خياله بيرتب الأحلام هو وأصحابه صورة عمُر ومبروزة وفيها اللي غابوا ما غابوا ما غابوا ما غابوا ما غابوا
0668,Hoda Haddad,دولاب الهوا (Dulab al-hawa),Levantine,طير يا دولاب الهوا خبرني قصص الهوى انا حدك بنت صغيرة يطيرلا شعراتا الهوا خلصني من ضجر العمر ومن هم الكبر خدني للصبيان السمر ولولاد القمر سفرني ع جوانح ورقة الدنيي مش أغلى من ورقة وخبرني حكايات الهوى ودولب يا دولاب الهوى
0669,Hoda Haddad,كرمك يا بو عيون السود (Karmak ya bou 'youn essoud),Levantine,كرمك يا بو عيون السود طاب وحليو عناقيدو ضيفنا منو عنقود ومنا خود ال بتريدو كرمك يا دهب غالي بالهوى عم بيلالي نسر وطاير بالعالي وما في حدا بيصيدو ضيفنا منو عنقود ومنا خود ال بتريدو كرمك يا بو عيون السود طاب وحليو عناقيدو ضيفنا منو عنقود ومنا خود ال بتريدو كرمك يا بو الحبايب ناطورو عنو غايب جايي المحبوب وجايب عنقود كبير بايدو ضيفنا منو عنقود ومنا خود ال بتريدو كرمك يا بو عيون السود طاب وحليو عناقيدو ضيفنا منو عنقود ومنا خود ال بتريدو كرمك بحر بعيد بعيد وبتضيف منو بيزيد بنسى كل المواعيد وما بنسى مواعيدو ضيفنا منو عنقود ومنا خود ال بتريدو كرمك يا بو عيون السود طاب وحليو عناقيدو ضيفنا منو عنقود ومنا خود ال بتريدو
0670,Akher Zapheer,تصبيره (Tasbeereh),Levantine,كل ما بفرد بحاول أطيــــــر زي البحصة بتطلعيلـي كل ما بفرد بحاول أصيــــــر بتصير غصّة بالمريء وأنا بالضبط كتير مستصعب وإنتي شهيــــــق بتحتاج زفير تعي عنــدي جمعة عـسبت زي كل هالناس خلينا نطير الموضوع مش كبت Let's make some حب Let's make أطفــــال يا حب الحــب أنا كبرت كتير مستصعب أنا بدي بيـت فيّو إنتـــي كل ما بفرد بحاول أطيــــــر زي البحصة بتطلعيلـي أنا بالزبط كتير مستصعب أنا بدي بيـت فيّو إنتـــي
0671,Hoda Haddad,رن التلفون (Rann Et-telefon),Levantine,قلي التلفون تلفن لك من ساعة قلي التلفون ورنلك شي ساعة انا قلو اصبور راح ترجع انطور وصارت تبكي السماعة قلي التلفون كان صوتو تعبان ضجة وناس يمكن من شي دكان قلي مسافر تحت الشتي مسافر سلملي عليها وع اللفتة اللماعة وصارت تبكي السماعة قلي التلفون تلفن لك من ساعة قلي التلفون ورنلك شي ساعة انا قلو اصبور راح ترجع انطور وصارت تبكي السماعة لو يا تلفون سليتو ت جيت ما تعلمت تحكي كلشي عليك حكيت انا سهراني وراح ابقى سهراني يمكن يتذكرني ومن ساعة لساعة يندهني من السماعة قلي التلفون تلفن لك من ساعة قلي التلفون ورنلك شي ساعة انا قلو اصبور راح ترجع انطور وصارت تبكي السماعة
0672,Hoda Haddad,سوا يا حلو سوا (Sawa ya helou sawa),Levantine,سوا يا حلو سوا على طريق الهوى نمشي دني.. نعمر دني وقمر الليالي هني سوا يا حلو سوا غصن الزنبق التوى وطارت خصل.. وتقطف خصل وتزرع الروابي غزل يا تعب السهرية يا فرح الغنية قلبي راح بيطير والمشاوير تبعت فيي سوا يا حلو سوا علينا يهب الهوا ويسهر حكي.. ويتعب حكي وعيون السهر تشتكي يا ورق الرسايل يا شجر اللي مايل قولولي شو صار.. بالأشعار بالرسايل سوا يا حلو سوا عنقودٍ لِنا استوى حبك لنا.. وهجرك لنا والليالي انت وانا
0673,Omayma El Khalil,بيروت - Beirut (Beirut),Levantine,"يه يه يه يا شوارع بيروت الحرب اليومية يا مدينة يا مخزن هم يا هيصة و وحش الجمرية كانوا يتباهوا فيكِ ناموا بحضن المرايا وجوههم صفرا تعاديكِ و انتِ ست الصبايا عز الأهالي الي وضعهم بالي ببيوت جواني ياا يابيروت يه يه يه يا شوارع بيروت الحرب اليومية يا مدينة يا مخزن هم يا هيصة و وحش الجمرية خيراتك يا مدينة, النا نحن زرعناها و عالساحة لما نزلنا كلمتنا قلناها جنوب و شمالي بواريق تلالي وصوات عالعالي يا يا بيروت يه يه يه يا شوارع بيروت الحرب اليومية يا مدينة يا مخزن هم يا هيصة و وحش الجمرية"
0674,Hoda Haddad,الك الهوى (Elak elhawa),Levantine,الك الهوى وسفر الهوى والك الدني رحلات والنا نشتكي ونألف حكي ونشرد ورا الحكايات الك القمر وليالي القمر وغناني الهنا الحلوين والسهر لنا وليلات الضنا ونألف تلاحين صوتك عطي هالليل عتماتو وغلغل فيه وجهك عطي هالبحر موجاتو وغنانيه وتنفتح دني وتنغلق دني وعيونك لنا يقولو شباك الهوى ع مهب الهوى مشرع على طولو
0675,Hoda Haddad,من يوم ليوم (Men yaum la yaum),Levantine,من يوم ليوم.. بتفتح سوسني من يوم ليوم.. وتلون هالدني ويرجع الهوى.. يجمعهن سوا وبيلتقوا بيوم.. من يوم ليوم إذا يا حبيبي عدنا التقينا بي هالشوارع عدنا التقينا راح قلك شو بني وبتعرف شو بني وترجع ليالينا تسأل علينا وإذا يا حبيبي صدفة تقابلنا بالعمر الضايع صدفة تقابلنا نترافق ع طريق ومنسافر ع طريق ونقول حكايتنا وننسى شو قلنا من يوم ليوم.. بتفتح سوسني من يوم ليوم.. وتلون هالدني ويرجع الهوى.. يجمعهن سوا وبيلتقوا بيوم.. من يوم ليوم
0676,Salah El Kurdi,القلوب تكسرت (El Ouloub Etkassarit),Levantine,انا حاسس اني ضعيف حاسس اني خفيف عم طير من هبة هوا هيدا هواكي وجرحك جواتي وقلبي تعبان وما ملاقي دوا x2 شو يعني تركنا بعض وقلوبنا بعدا مع بعض والدنيا قسيت علينا وجروحا كترت هالقلب بعدو القلب اللي عشقك وحب حرام اللي صار فينا القلوب اتكسرت x2 أنا عندي أمل كبير وبقلبي احساس كبير انو بالآخر رح نرجع ل بعض م قلبك جواتي وبتنفس هواكي وحبك باقي محللو لو  برمت هالارض شو يعني تركنا بعض وقلوبنا بعدا مع بعض والدنيا قسيت علينا وجروحا كترت هالقلب بعدو القلب اللي عشقك وحب حرام اللي صار فينا القلوب اتكسرت x3 القلوب اتكسرت القلوب اتكسرت
0677,Hoda Haddad,يا هيفا (Ya Haifa),Levantine,يا هيفا صار اللي صار والهوى عم يلعب بالدار قالوا عندك طلع اللوز وما بقى يرتدوا الزوار يا هيفا صار اللي صار قلبك عم يلعب بالنار بكرا بتلاقي العشاق واحد غط وواحد طار يا قمر يا عالي ضلك بالعلالي بتعرفني سهراني لا تتركني لحالي ويا حلو يلي كنت تغار وتكتب لي حب وأشعار شو بنا خلص الماضي وما بقى في عندك أسرار يا هيفا صار اللي صار قلبك عم يلعب بالنار بكرا بتلاقي العشاق واحد غط وواحد طار لاقاني لاقاني على دربي لاقاني وقّف هالسيارة وحاكاني وسماني وقلي نحنا كنا صغار انتي وانا جارة وجار قلتلو مخطوبة وخطيبي عليي بيغار يا هيفا صار اللي صار قلبك عم يلعب بالنار بكرا بتلاقي العشاق واحد غط وواحد طار
0678,Tamer Nafar,انا و انتي part 2,Levantine,"تامر حكي: قبل سنين سجلت أغنية حب للراب أخترتك وتبنيتك من الشوارع هلأ بعد سنين لسا برجع وبقول للراب أنت اللي باقيلي أنت, من زمان مش من يومين لازمة (مأخوذة من حسنة المغربية) أنت اللي باقيلي أنت من زمان, مش من يومين أنت اللي باقيلي أنت من زمان, مش من يومين أنت اللي باقيلي أنت من زمان, مش من يومين أنت اللي باقيلي أنت من زمان, مش من يومين تامر راب: هادي أنا وأنتي الجزء التاني لسّاتك جزئي التاني علاقتنا حسب قانون الفيزيا كل ما بخف نورك بخف خيالي عيون العالم تغمّض, وأنتي مصحياني على أيقاع الشخير والصراصير, همسالي كلمات سرّية تفتحلي بواب سحرية, وراها وراق طاهرة مربوطة بأسطر زي الطقوس اللي يقدمو فيها عذراء كضحية أفترسها بأصابعك, أسكب دمها بأقلامك, خود منها مرتين باليوم روشيته لأبداعك اللي حوالي ما يفهموكي فا بتهموكي أنك عبارة عن ضجة, مش عارفين ضجتك مسكن هدوئي مش حتمسكن شوفي, مش حتعصبن روقي منهم أتألّم منك أتعلّم كيف أتكفّل جروحي أسم على مسمّى فيهم بنفر, ولا همسة تتدخلوش, بيجي يوم بنشوف, متذكرة؟ ""بعطيكي عيني التنتين"" أعطيتك, هلأ كيف أشوف اللحظة؟ بحبك, أشّر عليكي حبي الأعمى لازمة (مأخوذة من حسنة المغربية) أنت اللي باقيلي أنت من زمان, مش من يومين أنت اللي باقيلي أنت من زمان, مش من يومين أنت اللي باقيلي أنت من زمان, مش من يومين أنت اللي باقيلي أنت من زمان, مش من يومين تامر راب: بكرهك آه زي مانتي سامعة, بكرهك تعرفي بأيش مرات بشبهك؟ بعاهرة لأنك كتير مكلفة, محنتيني وجيوبي مفلسة, عاهرة مجربة من زمان دخلت فيكي ولساتك مش مخلصة من ال 98 مرقو تمن سنين ولا مرة جيت طلبت ترجعيلي ثمن السنين غلطي أنو بتطلع على صحابي وبقارنهم بنفسي ""آلو, تعا خدني من الأستوديو, ماعيش مصاري لتاكسي"" وال قديش سطحي, مين كان يصدق أنو هاد حكي هاد اللي هلأ كان على المنصة يصرخ راب عربي !! تنين متجوزين أحلى لبس نلبس قبال الكل بنبتسم نوصل الدار والأقنعة بتنزل أنفصام شخصية, معركة داخلية مهما تكون النتيجة أنا الضحية, متلا"" أنا بقول- بكرهك, بديش أياكي, اطلعي من حياتي وأيش بسوي بوقت الوحدة- بكتب أغنية تامر حكي: بالظبط, بعاود أكتب أغنية, هيك تعلمنا حبي في حواجز بنكسرها, في جدار بنحطمو وهلأ, بس طبعا"" بمساعدتكم أنتو هاي لكل اللي كانو مع الهيب هوب العربي من الأول أيش رأيكم نوخود المستمعين لرحلة تاريخية ؟ أرجعوا شوي لورى, 10 سنين, جاهزين؟ هلأ أخترتك وتبنيتك من الشوارع واللي بدوش يسمع خليتو سامع عملت حبنا مقبول عند شعبي كل كلمة حكيتلك أياها طلعت من قلبي سويتك منا وفينا ودخلتك داري صرت حاطط عليكي كتير كتير مصاري ولا مرّة جيت طلبت ترجعيلي كل اللي طالبه لما أنجرح داويني"
0679,Hoda Haddad,جرايد (Jarayed),Levantine,جرايد جرايد بايدين الناس عناوين زرقا وحمرا ع وجوه الناس عناوين.. عناوين كل يوم عناوين كل يوم بتتغير العناوين اكتبني يا حبيبي.. قصيدة قصيدة حزينة بكتاب وخبيني ولا تعملني عنوان بجريدة والهوا يرميني بشوارع المدينة رسايل رسايل ع بيوت تروح مكاتيب ع القهاوي تجي وتروح مكاتيب مكاتيب للحب مكاتيب وبينتسى اللي انقال بالمكاتيب اكتبني يا حبيبي.. قصيدة قصيدة حزينة بكتاب وخبيني ولا تعملني عنوان بجريدة والهوا يرميني بشوارع المدينة
0680,Saad Ramadan,مسبع الكارات (Mesbee Al Kaaraat),Levantine,ع مين جاية تلعبي بشرع الهوى؟ اللي عنده أحبابه ما بيبرم ع حبايب ولما الجرح بيصير أقوى من الدوا قدام باب السبع ما بتوقف دياب يوبي يا يوبي مسبع بالحب الكارات لا تتعدي ع كاري الدنيا مليانة بنات لا تصبي الزيت ع ناري مسبع بالحب الكارات لك لا تتعدي ع كاري الدنيا مليانة بنات لا تصبي الزيت ع ناري ناري غيرة ولعانة خوفي تهب بثواني أخضر يابس ما بيضل الناس بتحكي أخباري ناري غيرة ولعانة خوفي تهب بثواني لك أخضر يابس ما بيضل الناس بتحكي أخباري مسبع بالحب الكارات لك لا تتعدي ع كاري الدنيا مليانة بنات لا تصبي الزيت ع ناري الغيرة برة خليها لك لا تتحديني فيها وعيونك والله ببكيها بخليكي تحتاري الغيرة برة خليها لا تتحديني فيها وعيونك والله ببكيها بخليكي تحتاري مسبع بالحب الكارات لك لا تتعدي ع كاري الدنيا مليانة بنات لا تصبي الزيت ع ناري إلا بقلبي الدفيان ما بتحسي بالأمان بعمره ما بيدفى البردان اللي لابس توب عياري إلا بقلبي الدفيان ما بتحسي بالأمان بعمره ما بيدفى البردان اللي لابس توب عياري مسبع بالحب الكارات لك لا تتعدي ع كاري الدنيا مليانة بنات لا تصبي الزيت ع ناري
0681,Kamilya Jubran,بحب البحر,Levantine,بحب البحر لمّا يزوم.. و أعشق صرخته في الريح ! بحس في موجه شوق مكتوم.. لناس حُرّة و حياة بصحيح ! و أحبّه لمّا يتهادي و أدوب لمّا يوشوشني و يفرش موجه سجادة.. في أحلامي تعيشني ! ملوش أول..ملوش أخر قراره طاوي اسراره ! و دايماً في الهوي مسافر.. ولا نهاية لمشواره ! بحب البحر..أحب البحر.. و أعشق ضحكته و آنه ! و أحب الناس..أحب الناس.. ماهم فيهم حاجات منه ! و أحبك يا اللّي أحلامي.. في هواكي زهزهوا و غنّوا ! يا بلدي ياللّي و أنا فيكي عيوني ليكي بيحنّوا ! بحب الورد فوق السور و أعشق ضحكته الفانية و أحس في ريحته شوق مسحور .. لناس حرّة و حياة تانية ! و أحبه بين ايدين عشاقْ.. رسالة مهفهفة بأشواقْ ! و حتي و هو بلا أوراقْ كتاب العشق ، ذكرى فراقْ حياته في الهوي ليلتين.. و عمره ما كان بعمره ضنين ! يرش هواه علي الماشيين.. و يتقاسمه مع الجايين ! بحب الورد بحب الورد و أعشق ضحكته و آنّه و أحب الناس..أحب الناس ماهم فيهم حاجات منه و أحبك ياللّي أحلامي.. في هواكي زهزهوا و غنّوا يا بلدي ياللّي و أنا فيكي.. عيوني ليكي بيحنّوا ! بحب البحر..بحب الورد.. و أحب الناس ! و أحب نعيشها أحرار مرفوعين الراس ولا تفرّقنا لا الألوان ولا الأجناس و أدوب في آدان يرفرف ، تحضنه أجراس تعالوا نقيم لبكرة الجاي .. يا ناس قداس !!
0682,Myriam Klink,الزعيم (Al Zaaim),Levantine,بدنا زعيم يكون من الشعب وعلى الشعب يكون قلبه ما بدنا زعيم ينفذ أوامر وينتمي لغير شعبه بدنا زعيم يكون من الشعب وعلى الشعب يكون قلبه ما بدنا زعيم ينفذ أوامر وينتمي لغير شعبه حق الإنسان إنو يعيش بأمان وما حدا يتدخل فيه خلقت الثورات تتنهي التراث وللشعب حقه تعطي حق أي شخص يترشح تيكون وزير أو نائب حتى لو فقير ومش ضروري بيه أو جده يكونو من الأكابر حتى يصير حق أي شخص يترشح تيكون وزير أو نائب حتى لو فقير ومش ضروري بيه أو جده يكونو من الأكابر حتى يصير صرنا ملايين بالعالم مغتربين وربيو ولادنا بالغربي ليش ما منكون كلنا مجتمعين تنحمي تراب الارزة
0683,Adonis Band,نهارك سعيد (Nharak Said),Levantine,معقول عن جديد أنا نسيت وإنتَ نسيت عَ طول، مش أكيد شو صار بالتحديد وبتقول نتنـاسى ويا ريت نستفيد أنا كمان بفكّر فيها ما تفكر حالك وحيد معقول عن جديد أنا نسيت وإنتَ نسيت شو خبّينا بالصندوق؟ روح نهارك سعيد –------------ معقول عن جديد انك تكون نسيت لأنو مش أكيد شو الي صار بالتحديد! أنا بقول تتناسى بس ما بعرف شو بتستفيد يا روحي كلنا مرقنا فيها .. ما تفكر حالك وحيد! معقول عن جديد انك تكون مشيت شو مخبى بالصندوق روح نهارك سعيد
0684,Yara,في قلوب (Fi Oloub),Levantine,في قلوب بتحب قلوب بتدوب فيها بتدوب وفي قلوب بتقسى وبتحن بتنسى وما فيها اتوب في قلوب بتحب قلوب بتدوب فيها بتدوب وفي قلوب بتقسى وبتحن بتنسى وما فيها اتوب في قلوب بتقوينا بكلمة بتوعينا وقلوب بلحظة بتجن بتبعد وبتنسينا وفي قلوب بتقسى وبتحن بتنسى وما فيها اتوب في قلوب بتحب قلوب بتدوب فيها بتدوب وفي قلوب بتقسى وبتحن بتنسى وما فيها اتوب في قلوب لما بتحكي بترجعلك الضحكة وقلوب منها بتعن من قسوتا بتبكي وقلوب بتقسى وبتحن بتنسى وما فيها اتوب في قلوب بتحب قلوب بتدوب فيها بتدوب وفي قلوب بتقسى وبتحن بتنسى وما فيها اتوب
0685,Hoda Haddad,قمر الزمان (Qamar azzaman),Levantine,ما عندي أساور ولا عندي مرجان ت اهدي حبيبي حبيبي العشقان رح قدملو بعيدو قمر الزمان قالولي نيالك فيكي تهدي قمار ونحنا مش قدرتنا نودي شلح غار قلتلن في عنا سطيحة حلوي ودار بيتجمعو فيها مطرح ما في قمار قمر تنورين وقمر بتدّين وقمر الحلوين وقمر الزمان ما عندي أساور ولا عندي مرجان ت اهدي حبيبي حبيبي العشقان رح قدملو بعيدو قمر الزمان قلتلن حبيبي قلال المتلو كتير بحبو كتير بحبو وحدو أنا بطير بيتو مضوي وعالي وع جبل كبير وقمار الليالي انحسدو منو كتير قمر الدوار وقمر شمستار وقمر كفرغار وقمر الزمان ما عندي أساور ولا عندي مرجان ت اهدي حبيبي حبيبي العشقان رح قدملو بعيدو قمر الزمان
0686,The Synaptik,شكلو الحب ببلاش,Levantine,"شكلو الحب ببلاش شكلو الحب ببطاطا نراكض من النهار لليل مش عارفين نرتاح مضلش في طاقة بقلك شكلو الحب ببلاش (فيرس اول) عمي انسى فكرة تدفع الثمن جرحك الك لكن سيبو للزمن هوي يداوي انساك من الناس انساك بلاش تنساك الناس ويبطل في امل معلق على طلوع ساكن فيا جوع بنصلي لمحمد ويسوع بلكي زبطت معك لعبة كراسي براسي انا من راسي تعبان ضلني لفلف بالاراضي شقلب فرحة زعلات طلوع ونزلات ووقت الصبح بالذات مرات بكون عبالي هسا ادير عحالي كاز وولع بالوحوش شكلو الدنيا دروس عمي تعبت اموت وانا غوص صار الوقت نروق (لازمة) شكلو الحب ببلاش شكلو الحب ببطاطا نراكض من النهار لليل مش عارفين نرتاح مضلش في طاقة بقلك شكلو الحب ببلاش (فيرس ثاني ) Yesterday we was chasing rainbows After all the glow , I know where the rain goes Maybe next time ima bring a rain coat And walk my path , in the valley of shadows Oopie doopie , all the time I’m fucking moving Ima write a good story of my life and then turn it Into a movie I know this life can never do me wrong Cause I been turning everything it’s throwing at me Into songs Then I dance to it , with all my heart and my ache Like a conduit , I know I got what it takes So I give you all of me for free Even though some might say (لازمة) شكلو الحب ببلاش شكلو الحب ببطاطا نراكض من النهار لليل مش عارفين نرتاح مضلش في طاقة بقلك شكلو الحب ببلاش"
0687,Hoda Haddad,شو قلتلا شو قالتلي (Shou eltella shou aletli),Levantine,شو قلتلا شو قالتلي.. ما بقى اتذكر بتذكر لما ضحكت لي.. ضحكتلا واكتر اتركوني ت روق.. يمكن ارجع فوق يمكن بتذكر شو صار.. وع القصة منسهر عطوني مزهرية.. ت خبي الأسرار ويا طير ال ع المية.. خبرهن شو صار كان في زهر ونار.. واحترق المشوار وبلا مشوار منين منرجع.. والطقس تغير شو قلتلا شو قالتلي.. ما بقى اتذكر بتذكر لما ضحكت لي.. ضحكتلا واكتر اتركوني ت روق.. يمكن ارجع فوق يمكن بتذكر شو صار.. وع القصة منسهر أنا فتحت عيوني.. ولقيت حالي كبير كلن سبقوني.. وطاروا العصافير ولقيت حالي كبير.. كيف راح بقدر طير قولولي شو بدي اعمل.. ت ضل صغير شو قلتلا شو قالتلي.. ما بقى اتذكر بتذكر لما ضحكت لي.. ضحكتلا واكتر اتركوني ت روق.. يمكن ارجع فوق يمكن بتذكر شو صار.. وع القصة منسهر
0688,Yara,ع قلبي تعى (Aa Albi Taa),Levantine,ع قلبي تعى تعى دقاتو ميّي اسمعا ع قلبي يلا تعى البوسي ع خدّي اطبعا ع خدي البوسي اطبعا ع قلبي تعى تعى دقاتو ميّي اسمعا ع قلبي يلا تعى البوسي ع خدّي اطبعا ع خدي البوسي اطبعا بحلف غيرك ما بدّي ما تبعد ضلّك حدّي وضحكاتك صوبي ودّي قلوب الناس انفقّعا ع قلبي تعى تعى دقاتو ميّي اسمعا ع قلبي يلا تعى البوسي ع خدّي اطبعا ع خدي البوسي اطبعا خلّينا سوا سوا نرقص ونشمّ الهوا خلّينا يلّا سوا انت لقلبي الدوا ولقلبي انت الدوا خلّينا سوا سوا نرقص ونشمّ الهوا خلّينا يلّا سوا انت لقلبي الدوا ولقلبي انت الدوا غالي ع قلبي غالي بحبك اكتر من حالي ولما بتخطر ع بالي الدنيي حلوي بقشعا ع قلبي تعى تعى (يلا تعى) دقاتو ميّي اسمعا (اسمعا) ع قلبي يلا تعى البوسي ع خدّي اطبعا ع خدي البوسي اطبعا ع قلبي تعى تعى (تعى تعى) دقاتو ميّي اسمعا (اسمعا) ع قلبي يلا تعى البوسي ع خدّي اطبعا ع خدي البوسي اطبعا
0689,Hoda Haddad,زهرة السواقي (Zahret Essawa'i),Levantine,زهرة السواقي.. في لها العصفور وشموع الليالي.. الهن الصلاه والبنت اللي باقي.. وجها عم بيدور نجمة بالقصايد.. انتا الا نسمة الروابي.. بتحب العنب وبتحب الصفصافي.. زهرا من الحقول والحلوي اللي رابي.. حلقها ع الدهب واسما ع القوافي.. بتحبك ع طول زهرة السواقي.. في لها العصفور وشموع الليالي.. الهن الصلاه والبنت اللي باقي.. وجها عم بيدور نجمة بالقصايد.. انتا الا بترجع اليمامي.. بتنقي القرميد وبتنقي الأغاني.. بفي الشبابيك وهي من الأسامي.. ان حبت من جديد انت مرة ثانيي.. ترجع تنقيك زهرة السواقي.. في لها العصفور وشموع الليالي.. الهن الصلاه والبنت اللي باقي.. وجها عم بيدور نجمة بالقصايد.. انتا الا
0690,Hoda Haddad,ع الشارة التقينا (A' shara lta'aina),Levantine,ع الشارة التقينا.. والشارة حمرا والتقوا عينينا.. لأول مرا جرب يحكي كلمي يسألني ع اسمي هدر الهدير عليو الزمامير ومشيت الشارة الخضرا هو راح شمال.. أنا رحت يمين راح تبعد المسافة.. وتصير سنين يا ريت بقينا.. ع الشارة مسمرين ت يخلص الحكي.. ت يشبع الحنين ويوقف نهر السيارات.. بالمرا وتضل الشارات.. حمرا حمرا حمرا ع الشارة التقينا.. والشارة حمرا والتقوا عينينا.. لأول مرا جرب يحكي كلمي يسألني ع اسمي هدر الهدير عليو الزمامير ومشيت الشارة الخضرا واذا مرة بعد.. ع الشارة بكير على غفلة التقينا.. حبيبي خدني وطير تجمعنا سيارة.. وتندهنا مشاوير معك أنا ع طول.. والفرح دربو كبير يفضى وسعك يا طرقات.. بالمرا وتصير الشارات.. خضرا خضرا خضرا ع الشارة التقينا.. والشارة حمرا والتقوا عينينا.. لأول مرا جرب يحكي كلمي يسألني ع اسمي هدر الهدير عليو الزمامير ومشيت الشارة الخضرا
0691,Hoda Haddad,جمعت الكلام (Jema't el kalam),Levantine,جمعت الكلام زينت الكلام حتى قلو روح انساني يا غرام ولِم اجا حبيبي وحاكاني حبيبي طلع الهوى واخد الكلام يا شعرا البتلمو بكي من ليل الهوى المجروح بيعوني بيعوني حكي شي كلمة ت قلو يروح ت قلو يتركني ت قلو ما يتركني ت قلو يتطلع بعيوني حرام جمعت الكلام زينت الكلام حتى قلو روح انساني يا غرام ولِم اجا حبيبي وحاكاني حبيبي طلع الهوى واخد الكلام أنا يا أنا شو بني وعيوني سفر ودموع التقينا وما في بهالدني وبقلبي غير صوتو مسموع ويقلي ردي عليي حاكيني وردي عليي حاكيني حاكيني.. بتضحك الأيام جمعت الكلام زينت الكلام حتى قلو روح انساني يا غرام ولِم اجا حبيبي وحاكاني حبيبي طلع الهوى واخد الكلام
0692,Hoda Haddad,لو بعرف (Law Ba'ref),Levantine,لو بعرف حب كنت بقلك كيف العالم بيحبوا لو بعرف حب كنت بدلك ع حب مضيع دربو لو بعرف حب لو بعرف لو بعرف حب لو بعرف حب بغنيلك شي غنية غنية حب مقطوفة من صبية ودتها لشب بالمخفي بشنتة كتبو لو بعرف حب ت قلك كيف بيحبوا لو بعرف حب بسرقلك شي قصيدة قصيدة حُب كل قوافيها جديدة من شاعر حَب وصوَّرها بدمعة قلبو لو بعرف حب ت قلك كيف بيحبوا لو بعرف حب كنت بقلك خبرني خبرية حُب تحملني وتطيرني على قلب الحُب وبغلغل وحدي بعبو لو بعرف حب ت قلك كيف بحبو لو بعرف حب كنت بقلك كيف العالم بيحبوا لو بعرف حب كنت بدلك ع حب مضيع دربو لو بعرف حب لو بعرف لو بعرف حب
0693,Hoda Haddad,بحبك يا حلو (Bhebbak ya helou),Levantine,بحبك يا حلو بحبك ومتلي ما حدن حبك حاكيني بكيني خليني بقلبك بحبك يا حلو يا حلو يا حلو بحبك يا حلو بحبك ومرة بقهوة صغيرة حكيتلّي ع الغيرة وصارت تكبر تكبر تكبر بعينيي الحيرة خبيت وجهي بايديي ت ما تضحك عليي وبتذكر شو قلتلّي اني وحدي بقلبك بحبك يا حلو يا حلو يا حلو بحبك يا حلو بحبك ومن يومة السهرية صار عندي خبرية وليليي عم بسهر بسهر ت تطل الصبحية شو بدي قول لأمي لما رح تعرف همي فزعانة افتح تمي وتعرف امي بحبك بحبك يا حلو يا حلو يا حلو بحبك يا حلو بحبك بحبك يا حلو بحبك ومتلي ما حدن حبك حاكيني بكيني خليني بقلبك بحبك يا حلو يا حلو يا حلو بحبك يا حلو بحبك
0694,Christmas Carols,لَيْلَة الصَّمْت (Laylat Al-Samt),Levantine,لَيْلَة الصَّمْت، لَيْلَةُ الْقُدْسِ هُدْنَةُ رِضَاهُ، هُدْنَةُ رِضَاهُ حَوْلَ الْعَذْرَاءِ وَابِيهَا مَقَدَّسَ وَرَفِيقٍ نَمْ فِي سَلَامِ السَّمَاءِ، نَمْ فِي سَلَامِ السَّمَاءِ
0695,Kamilya Jubran,ونبني,Levantine,في النار وقفتُ لأكتب تاريخكِ في دفتر أحلامي الضائع في النار فتحتُ المستقبل موعودا ً نافذة لي وصعدتُ الى أعرابكِ، منحدرا ً من آخر برق ٍ في هذا الأفق النائي متشحا ً مثل نذير مهموم برداء خساراته يمضي بين مغول يلتهمون قلاعك في الظلمة فاجتزنا في وحدتنا الانهار المفروشة بالطحلب والعوسج والبردي جيش وثنيٌ في وادي الآلام سألتُ، حيث يسيل الدم من نبع في خاصرة الارض أأقدرُ أن أحذف هذا التاريخ الدموي وأكتب تاريخي وحدي في ليلك أصرخ ياصحراءَ جدودي مبتهجا ليعمْ وديانك ِ حبي حتى ان كنت ِ ترابا ً مغسولا بدمائي أو وطنا ً من دمع يُسكب ُ فوق حجارك ِ آه أنت الاخرى أيتها الممتدة كالصرخة ياطرقي امبلجي، انبثقي في وجه قوافلك انفتحي، احترقي بشموسك أحملها أبدا ً في كفي أدلقها واحدة بعد الاخرى من اجلك فوق ظلام العالم آه، أين الانسان المطرود من الجنة هذا الجالس في مقهى العالم يصطاد الالفاظ هذا القادم من حرب خاسرة أبداً هذا الواقف عند بيوت المنفيين آهٍ أطلق صرختنا حتى إن لم يسمعها أحد في الريح حتى إن ظلت خرساء على فمك ِ الاخرس وتعال ادخل مملكتي من نافذتي المفتوحة من أجلك منذ عصور لنؤلف جيش العودة، حيث نقاتل في صف المنسيين ونبني عاصمة اخرى للعالم
0696,Christmas Carols,أهلا بيسوع (Ahla Bi Yassouh),Levantine,خلو الزينة حلوة و الألوان نجوم نجوم و تضوي وين ما كان خلو الزينة حلوة و الألوان نجوم نجوم و تضوي وين ما كان تراتيل وألحان صار الليل شموع ميلادك يسوع عم يكتب للدني حكايي أهلا بيسوع صوت الفرح مسموع ع القلوب البيضا يا زغار الكون لاقو يسوع جايي وعلى دربو صوت جراس واسع واسع قلبو لك الناس جاي جايي وعلى دربو صوت جراس واسع واسع قلبو لك الناس جاي وحبو ما ينقاس صار الليل شموع ميلادك يسوع عم يكتب للدني حكايي أهلا بيسوع صوت الفرح مسموع ع القلوب البيضا يا زغار الكون لاقو يسوع
0697,Hoda Haddad,سهرة جديدة (Sahra Jdedi),Levantine,سهرة جديدة ورقصة جديدة صداقة جديدة وعدتو جايي ومهدايي قلبي بايدي يا خوفي يا همي لو عرفوا الجيران ويقولوا لأمي كان معها سهران ويلهوني وينسوني مواعيدي وهو ناطرني ت يسهرني بليلة عيدي سهرة جديدة ورقصة جديدة صداقة جديدة وعدتو جايي ومهدايي قلبي بايدي كيف مرق علينا وصدفة ناطرين كأنو تلاقينا وحكينا من سنين كلمة ورقصة وبديت قصة من التنهيدة شي ينهدلي وشي بيقلي ضلي بعيدة سهرة جديدة ورقصة جديدة صداقة جديدة وعدتو جايي ومهدايي قلبي بايدي
0698,Hoda Haddad,قلي الهوى يا حبيبي (Qilli elhawa ya habibi),Levantine,قلي الهوى يا حبيبي كيف وانتا بعيد بيبقى الهوى يا حبيبي من دون مواعيد بيبقى الهوى بيبقى الهوى بيبقى الهوى يا حبيبي بسهر بطول الليل غني وقول نسيت بوعى من دنبي بعدك حبيبي غفيت وان خلصت المواعيد وبقيت انتا بعيد بيبقى الهوى يا حبيبي قلي الهوى يا حبيبي كيف وانتا بعيد بيبقى الهوى يا حبيبي من دون مواعيد بيبقى الهوى بيبقى الهوى بيبقى الهوى يا حبيبي ليش وانت فليت بتقول مشتقلي وصوتك تركني وليش بعدو عم يندهلي وان خلصت المواعيد وبقيت انتا بعيد بيبقى الهوى يا حبيبي قلي الهوى يا حبيبي كيف وانتا بعيد بيبقى الهوى يا حبيبي من دون مواعيد بيبقى الهوى بيبقى الهوى بيبقى الهوى يا حبيبي
0699,Christiane Najjar,يا نبع المحبة (Ya nab' al-mahabbe),Levantine,يا نبع المحبّة، وحدك ساكن قلبي لا تتخلّى عنّا، عينك ع وطنّا بالأيام الصعبة يا نبع المحبّة، وحدك ساكن قلبي لا تتخلّى عنّا، عينك ع وطنّا بالأيام الصعبة ميلادك ميلاد الخير يا نور الحقيقة مابشّرت بغير الخير وخلاص الخليقة وبشّرت بالسلام و عاداك السلام قلتلن يا ربّي دخلك سامح شعبي يا نبع المحبّة، وحدك ساكن قلبي بلادك يا فادي الكون، تقلوا كتير أحمالًا بإيدين بتكره اللون شوهوا جمالا بلادك يا فادي الكون، تقلوا كتير أحمالًا بإيدين بتكره اللون شوهوا جمالا وينك يا يسوع وطنّا موجوع وطنّا يا ربّي نسيتو المحبّة ويا نبع المحبّة، وحدك ساكن قلبي بين الخي وبين الخي بيعدن مشوار بلد الشمس وبلد المي أكلتن النار بين الخي وبين الخي بيعدن مشوار بلد الشمس وبلد المي أكلتن النار الحلا والخضار كلن صاروا غبار حبسونا بعلبي خلّصنا يا ربّي يا نبع المحبّة، وحدك ساكن قلبي يا نبع المحبّة، وحدك ساكن قلبي لا تتخلّى عنّا، عينك ع وطنّا بالأيام الصعبة يا نبع المحبّة، وحدك ساكن قلبي لا تتخلّى عنّا، عينك ع وطنّا بالأيام الصعبة
0700,Hoda Haddad,وديلي سلام (Waddeli Salam),Levantine,سفرك تاعبني.. وآه من السفر حبك مدوبني.. وقلبك من حجر رجعني ع قلبك مشتاقة لقلبك وقلي أنا بحبك يا حبيبي وديلي سلام يا حبيبي حرام حرام يا حبيبي وديلي سلام يا حبيبي حرام حرام يا حبيبي خلصت الأيام وتعب الكلام من كتر مكاتيبي يا حبيبي آه وحياة الليالي.. العشناها سوا ودمع الحب الغالي.. وإيام الهوى وديلي شي بسمة.. ع جوانح شي نسمة وجاوب ع مكاتيبي يا حبيبي آه وديلي سلام يا حبيبي حرام حرام يا حبيبي وديلي سلام يا حبيبي حرام حرام يا حبيبي خلصت الأيام وتعب الكلام من كتر مكاتيبي يا حبيبي صورنا العتيقة.. أكلها الزمان شفلك شي طريقة.. ورجع اللي كان والحب يودينا.. من مينا لمينا وتبرم ليالينا.. يا حبيبي آه وديلي سلام يا حبيبي حرام حرام يا حبيبي وديلي سلام يا حبيبي حرام حرام يا حبيبي خلصت الأيام وتعب الكلام من كتر مكاتيبي يا حبيبي
0701,Lena Chamamyan,يا ظريف (Ya zarif),Levantine,يا ظريف الطول لاحكي قصّتنا اللي عليها كل العالم لامتنا قالوا شو الجرى، شو الجمع شملنا قلنا الله ال راد و وفّق حالنا يا ظريف الطول لاموني هَلي قالو يا قُمرنا أنتي تمهّلي ما تعوفي ديرتنا ولو مهرك غِلي ديرَتي و مهري عيش بقربو انا يا ظريف الطول و لو لامونا لو ولو جاروا علينا و مهما حاولوا ما يصير إلا ال الله رادو و سهّلو هو الحامينا و الجامع شملنا يا ظريف الطول لاموني هَلَك يوم ال قلت اني عشقانة وما اجملك قالوا يا بنيّة كل من عشق هَلك و نهلك لو ما شاخت سوى قلوبنا يا ظريف الطول و لو لامونا لو ولو جاروا علينا و مهما حاولوا ما يصير إلا ال الله رادو و سهّلو هو الحامينا و الجامع شملنا يا با اووووف زيّنوا المرجة، و المرجة لينا، شامنا فرجة و هيّ مزيّنة
0702,Hoda Haddad,اسمي خبيتو بنسمي (Esmi Khabaito bnesmi),Levantine,اسمي خبيتو بنسمي وقلتلا غيبي مين اللي سرقلي اسمي وعطيو لحبيبي سألني سألني والنظر ملبك سألني وين بيتك قلتلو بقلبك شو اسمك جاوبتو أنا اسمي بحبك لشو تعرف مين أنا؟ عيط لي الغريبي ومين اللي سرقلي اسمي وعطيو لحبيبي اسمي خبيتو بنسمي وقلتلا غيبي مين اللي سرقلي اسمي وعطيو لحبيبي وشويي وشويي ويا كلمي ورا كلمي صار يغرق بهمو واشرد أنا بهمي وصار وجهو بعيوني واسمو على تمي وشفت حالي لحالي وبعيدة وقريبي ومين اللي سرقلي اسمي وعطيو لحبيبي اسمي خبيتو بنسمي وقلتلا غيبي مين اللي سرقلي اسمي وعطيو لحبيبي
0703,Terez Sliman,شخر القمر (Shakhr El Amar),Levantine,لو فيو القمر يعتب كان طفّى من زمان شايف الحُر مغلّب شايف كوكب خدران لو فيو القمر دندل راسه وشخّر كمان شايف الغلى مشنشل شايف رِخص الإنسان عشمك فينا خسران يا قمرنا السّهران إمشي وما تفتل ضهرك الحالة بدّا دوزان لو فيّو الهوا يخرم مخّك تقلب فهيم نافخينك داعمينك تا تشمت بالعاقلين لو فيّو الهوا حُرقة ولو بالدّنيا سائلين كنا من دهر وعينا وحرقنا الموازين بس .. غلي البنزين، التعن دينو البنزين يعني لو طلع بايدو ولّع فينا من سنين لو فيّو الشّتا يبكي بدل المرة عشرين كان صفّى هالبشريّة اللي بتاجر بالدّين لو فيو الشّتا يبكي كان غرقت من زمان مش بس الكرة الارضية حتى المجرة كمان بس الشتا عقلان مذوق والله وفهمان اسمحولي انهي الجملة ...
0704,Al Fersan Al Arbaa,السنة مش جايي بابا نويل (El Sene Mech Jayi Papa Noël),Levantine,[الفرسان الأربعة] السنة مش جايي لعِنّا بابا نويل الحالة ما بتسوى، عِنّا الشغل بالويل بيظهر إنو السياسية اللي من دون ألعاب عم يلعبوا بهالشعب من مَيّل لمَيّل [نادر خوري] عملونا متل الطابة بملعب فوتبول نازلين يشوطوا فينا من جول لجول و حاجي ساكت يا شعب إتحرك و إعمول روحوا إتخانَقوا فِلّوا ع نجم سهيل [إيلي خياط] راح يرجعوا و يجتمعوا على الحوار يطرحوا على الطاولة كل الأفكار خايف ع الطاولة ياكلوا سومو و كافيار و نحنا بناكل دَكاطورة ع بات الليل [الفرسان الأربعة] السنة مش جايي لعِنّا بابا نويل الحالة ما بتسوى، عِنّا الشغل بالويل بيظهر إنو السياسية اللي من دون ألعاب عم يلعبوا بهالشعب من مَيّل لمَيّل [سيمون عبيد] وينك يا تلج الأبيض غطي الوديان نَضِّف كل الخطايا، نَضِّف لبنان السياسيين ناطرينك متل الصبيان خدهُن لعندك كِبُّن بشي أوتيل [زياد إيماز] هِنّي ناطرين هدية منك مرسال فِكرُن شي هدية مِغَلَف كله أموال مفتكرينك سلطان محمَّل حِمّال إوعا تيجي، بينهبوك، بتدوق الويل [الفرسان الأربعة] السنة مش جايي لعِنّا بابا نويل الحالة ما بتسوى، عِنّا الشغل بالويل بيظهر إنو السياسية اللي من دون ألعاب عم يلعبوا بهالشعب من مَيّل لمَيّل كيسك صاير صليبك، صليب لبنان تعا إتفرج شو عملوا زعما لبنان قد ما بيحبوا بعضُن ما فيه إنسان إلا هاجر و سافر، طفح الكيل السنة مش جايي لعِنّا بابا نويل الحالة ما بتسوى، عِنّا الشغل بالويل بيظهر إنو السياسية اللي من دون ألعاب عم يلعبوا بهالشعب من مَيّل لمَيّل
0705,Christmas Carols,ميلادك يسوع (Miladak Yesu),Levantine,ضوّينا إيدينا شموع ونسينا العطش والجوع ومسحنا كِل الدموع ميلادك يسوع ضوّينا إيدينا شموع ونسينا العطش والجوع ومسحنا كِل الدموع ميلادك يسوع وبأفقر مكان ع سرير من القش غيرت اللي كان كذب وشر وغش غيِّر الإنسان اللي فينا تنرِش عالدنيي إيان ميلادك يسوع ضوّينا إيدينا شموع ونسينا العطش والجوع ومسحنا كِل الدموع ميلادك يسوع كل ما عام يطُل بوِلادة جديدة تنلي الحِزن يفِل والقسوة بعيدة تِشفي قلوب الكِل تمحي التنهيدة وفينا الخير يحِل ميلادك يسوع وفينا الخير يحِل ميلادك يسوع
0706,Akher Zapheer,تحت البحر الميت (Tahet El Bahar El Mayyet),Levantine,"انا واقف في السما, انا شايف روحي فيك كل الناس تحت رجلك, تطلب موتك و تصلَيك و من فوقك ست نقاط مثلثين عكس بعض خلّت ناس اتعيش فيك, تطلب موتك و تصلَيك و مدد اعطيني موج, مدني جلد و تحمّل مع انك ميَت دوم, موتك زادني اكتر موت انا بلوم مكانك, مكانك كتير استثنائي فصلتلي, يميني عن يساري وانا بلوم ملحك, ملحك انرش بعيوني انت مش متلي, بالسبت بتصلًي سبع ابواق رح تنفخ, و أحنا في البوق السادس ميتين الف الف ليموت تلت الناس و علَيتني عن الارض و حرقت البساتين عاساس اراضيك, و نزلتني اعيش فيك انا واقف قدامك, و كل شي تحت سيطرتك بس النور عم يجرحني, او بالاحرى عم يشفيني وانا بصوم ايَامك, انا مش ملزم بصيامك فطرتني ع كم المعرفة هاي المعرفة من ارثي, مين انت لتمنع عنَي و تحجَمني و تحت سطحك تعيَشني سبع ابواق رح تنفخ, و أحنا في البوق السادس ميتين الف الف, ليموت تلت الناس وانا بدوّر عليكي بدور على عيونك وينك تحت البحر الميّت ريحة الناس بنارك خيلة يا سدوم و عمورة, لا تعيديلنا الذكرى بحرك مات و موتك رحمة عيش و عيّشنا يا ميّت "" لا تصالح ولو توَّجوك بتاج الإمارة كيف تخطو على جثة ابن أبيكَ..؟ وكيف تصير المليكَ.. على أوجهِ البهجة المستعارة؟ كيف تنظر في يد من صافحوك.. فلا تبصر الدم.. في كل كف"""
0707,Hoda Haddad,قصتنا حزينة (Qissitna Hazini),Levantine,قصتنا حزينة قصتنا عذاب لا حبيبي نسيني ولا قلبي داب قصتنا طويلة قصتنا كلام وبكرا بتشكيلي تعب الأيام تعا يا حبيبي حليو العناقيد اكتبلي مكاتيبي بورق المواعيد بعدا على بالي بعدا الحكايات ويضحك بخيالي عتب السهرات لو يا حبيبي تتركني ع باب تتركني غريبي والدنيا ضباب تعا يا حبيبي حليو العناقيد اكتبلي مكاتيبي بورق المواعيد
0708,Fadel Chaker,وين اللي عَمَّر (Wain Elli 'Ammar),Levantine,وين اللي عَمَّر بلدي اللي اتدَّمَر وين اللي رجع وطننا أخضر بأيَّ إيد هدوا جبلنا العالي بأيَّ إيد محيوا أملنا الغالي بأيَّ إيد محيوا أملنا الغالي مهما صار بالقلب باقي متلك ما صار ولا منلاقي مهما صار بالقلب باقي حبك معانا و الله معك مهما صار بالقلب باقي متلك ما صار ولا منلاقي مهما صار بالقلب باقي حبك معانا و الله معك مهما صار بالقلب باقي متلك ما صار ولا منلاقي مهما صار بالقلب باقي حبك معانا و الله معك مهما صار بالقلب باقي متلك ما صار ولا منلاقي مهما صار
0709,Akher Zapheer,ام الموسيقى,Levantine,"شو نفسي اغير حالي, ثنائي قطبي, شو مالي جدار الصمت وشوشني, اكسرني و خدت بتاري من العدم اتخلقت فكره, ما الدنيا هيك بالفطره وحياتي تسيبني بحالي, ثنائي قطبي شو مالي إيه, إيه وهالمصيبه اللي براسي عم تاكل مخي وتكتبني, ايه, ايه شو هالخبيثه شو جابتلي, إم الموسيقى آزريني آزريني, آزريني, آزريني آزريني, آزريني, آزريني شو في جواتي ساكن, قاعد ومرات بَتجَوَّل بإجتماعيتكم راسب, وبحاول ما أتحَوَّل والدنيا طلعت فيلم, وخدّي الأيمن وِرم شو أسيطر تأسيطر, ما البني آدم حيواني وانا كنت مفكرك صاحبي, يا لئيم ما بتلائمني وأنتِ يا هَبّة روحي, ترٓكتينيٓ تارة, و تارة رجعتيلي وفديت انا عمري, قضاء الكون إكتمي, إيه, إيه ما كشفت أسراره, وبالتالي قضى عمري قررت إني أضلني هادي, متمركز بنص نفسي عن حالي شلحت, و لبست ع حالي جلدي شو في جواتي ساكن, قاعد ومرات بَتجَوَّل بإجتماعيتكم راسب, وبحاول ما أتحَوَّل والدنيا طلعت فيلم, وخدّي الأيمن وِرم شو أسيطر تأسيطر, ما البني آدم حيواني وانا كنت مفكرك صاحبي, يا لئيم ما بتلائمني وأنتِ يا هَبّة روحي, ترٓكتينيٓ تارة, و تارة رجعتيلي وهالمصيبه اللي براسي عم تاكل مخي وتكتبني, ايه, ايه شو هالخبيثه شو جابتلي, إم الموسيقى لمستني و أنا زيّ الموج رايح راجع, يمّا وأنا زيّ الموج رايح راجع آه, آه, آه و هالمصيبه اللي براسي, عم تاكل مخي وتكتبني (وانا زي الموج رايح راجع, والدنيا بس عم بتضاجع) شو هالخبيثه شو جابتلي, إم الموسيقى لمستني (وانا زيّ الموت للحب راكع, والحب لحن من روحي طالع) وهالمصيبه اللي براسي, عم تاكل مخي وتارارا (و أنا زيّ الموج, و أنا زيّ الموت) شو هالخبيثة شو جابتلي, إم الموسيقى عإم كلشي"
0710,Hoda Haddad,وحدن انت (Wahdon ent),Levantine,وحدن انت.. والمناديل بذكر بليلة سهري الطويل نطرت كتير.. وقفت كتير أنا والوحشة وقفت كتير عد القناطر والقناديل على شباكي صوت الريح أنا يا خوفي عتب الريح وأنا والليل.. طول الليل تعبت النجمة.. ع باب الليل وتعبوا المحابر والمراسيل وحدن انت.. والمناديل بذكر بليلة سهري الطويل نطرت كتير.. وقفت كتير أنا والوحشة وقفت كتير عد القناطر والقناديل تركوا العشرة.. تركوا الدار تركو الماضي وسهر النار وأنت ما جيت.. وأنا شو بكيت وعدك يمكن حبيبي نسيت وبعدك نجمة سهري الطويل وحدن انت.. والمناديل بذكر بليلة سهري الطويل نطرت كتير.. وقفت كتير أنا والوحشة وقفت كتير عد القناطر والقناديل
0711,Hoda Haddad,يا ظريف الطول (Ya zaref attoul),Levantine,يا ظريف الطول.. يا بو الميجنا بتمرق الإيام.. وبحبك أنا يا ظريف الطول.. صرلك شي سني مغير وعتبان.. غيرت الدني والحلو اللي كان.. يحمل ولدني ما بقى يسأل.. علينا شو بنا يا ظريف الطول.. يا بو الميجنا بتمرق الإيام.. وبحبك أنا يا ظريف الطول.. أهلك تو حلو شو اللي جرى تخمين.. ما عم يسألو ويا هوى الحلوين.. يا عمري الحلو راح تركض الايام.. وشو باقي لنا يا ظريف الطول.. يا بو الميجنا رح تمرق الإيام.. وبحبك أنا يا ظريف الطول.. يا بو الميجنا بتمرق الإيام.. وبحبك أنا بالحوش العتيق.. في بنت وصبي والزهر ال بالحي.. ع حبن ربي يهرب بهالمي.. ويقلا اهربي صرخ الناطور.. فرفطنا الجنى يا ظريف الطول.. يا بو الميجنا بتمرق الإيام.. وبحبك أنا
0712,Hoda Haddad,مرق الهوى (Maraq elhawa),Levantine,كانت الإيام.. ليلكية وينزل اليمام.. ع العلية اقعد ع البوابي.. أنا وصحابي والشجر ع بابي.. عم بتفيي ومَ..رق الهوى نَـ..ـدهني الهوى مرق الهوى ندهني الهوى اخدني.. خطفني سحرني.. سرقني وطيرني الهوى وصرت شوف قمار.. بالليالي وتمرق الأشعار.. على بالي وع شباكي اتكي.. وبدي ابكي وصرت اقعد احكي.. أنا وحالي مَ..رق الهوى نَـ..ـدهني الهوى مرق الهوى ندهني الهوى اخدني.. خطفني سحرني.. سرقني وطيرني الهوى وصاروا يسألوني.. وصاروا يراقبوني وشو بدي قول.. والدمعة بعيوني بقول يا ها الناس.. لا تلوموني مَ..رق الهوى نَـ..ـدهني الهوى مرق الهوى ندهني الهوى اخدني.. خطفني سحرني.. سرقني وطيرني الهوى وطيرني الهوى وطيرني الهوى
0713,Hoda Haddad,بتذكر يا حبيبي (Btezkur ya habibi),Levantine,بتذكر يا حبيبي.. مرة بالخريف؟ كيف كنا عم نمشي.. والشتي خفيف وكيف طافت علينا.. وركضنا تخبينا بتذكر يا حبيبي.. مرة بالخريف؟ تخبينا بقناطر.. قناطر قناطر وقلبي حدك ناطر.. ناطر ناطر ت تقلي وتحكيلي تخبرني وتشكيلي بتذكر يا حبيبي.. مرة بالخريف؟ بتذكر يا حبيبي.. مرة بالخريف؟ كيف كنا عم نمشي.. والشتي خفيف وكيف طافت علينا.. وركضنا تخبينا بتذكر يا حبيبي.. مرة بالخريف؟ وتطلعت فيي.. فيي فيي فيي وضحكولك عينيي.. عينيي عينيي وقلتلي يا عيوني بخبيكي بجفوني بتذكر يا حبيبي.. مرة بالخريف؟ بتذكر يا حبيبي.. مرة بالخريف؟ كيف كنا عم نمشي.. والشتي خفيف وكيف طافت علينا.. وركضنا تخبينا بتذكر يا حبيبي.. مرة بالخريف؟
0714,Tamer Nafar,قربي شوي كولومبوس جنسي,Levantine,"قربي شوي تامر نفار يستضيف كلارا خوري تامر راب: أول ما تفوت أنتبه, هدوء وسكوت القلوب بوقوف, كلنا سطر واحد Salut حلا كلاسا, أيدها على راسها على الواحدة ونص بتلبّق خطواتها فرس أليف اللي ما يعلم بالبر لكن, فرس أصيل اللي يحلم بالبر كلك رقة وخجل أنتي, خجل ما يستحي يكتشف اللي العالم خايفو كولومبوس جنسي Lolita مممممم, لسانها على شفافها يمشي يجوعني, سناني تعض بشفتي نظرة وقحة من عيونها تحرّر غرائز حيوان مفترس شرس شايف شفايف عدرا, رطبة, زي المطر وأنقى من القطرة قبل ما تمس الأرض بلحظة أسمحيلي,, أكون أرضك, أصوم لجسمك, وما أكسر الجوع الا بلمسك لازمة (تامر وكلارا خوري) قربي شوي هينا . أقرب من هيك ؟ بدي أحسّك أكتر. أحضني بين أيديك تطّلعي بعيني. عيني بعينيك أنا وأنتي نكون جسم واحد قرّب شوي هينا. أقرب من هيك ؟ بدي أحسّك أكتر. هايني بين أيديكي تطلّع بعيني. عيني بعينيكي أنا وأنت نكون جسم واحد تامر راب: كسم منحوت نحت, يقلب اللي يشوف قلب التحت فوق والفوق تحت, فش خوف بعد في صوت همس, الممنوع يخلق فن تعرّت كالأجسام اللي تتعرى قبال رسام اللسان ريشتي, رقبتها لوحة فاضية ألواني,عليها طالعة نازلة نازلة واصلة غرررر نص جنة عدن تفاحتين ممنوع ينمسّوا من أي حدن وأنا, كأبن آدم بعد ما أشوفهم مستعد أعيد عـ خطية أبوي وأذوقهم ذقتها, ريحة حبنا أحتلت كل الغرفة الليلة فش سترة في بس كاما سوترا لازمة (تامر وكلارا خوري) قربي شوي هينا . أقرب من هيك ؟ بدي أحسّك أكتر. أحضني بين أيديك تطّلعي بعيني. عيني بعينيك أنا وأنتي نكون جسم واحد قرّب شوي هينا. أقرب من هيك ؟ بدي أحسّك أكتر. هايني بين أيديكي تطلّع بعيني. عيني بعينيكي أنا وأنت نكون جسم واحد تامر راب: الجولة التالتة حامية, مدوبة كل حاسّة, حاسس أنها شوي خايفة, زي أول درس سواقة حالفة ولا أي مخالفة بدها ترتكب ضلينا على سرعة 68 لأنو بالـ69 بنقلب, حبي القانون الأول لراحتنا أنو أجسامنا تتعب بنص كانون التاني أجسامنا تعرق وأذا تعبنا ما نمنا الشهوة تفضل وتملى بفحص كل نقطة بجسمك ناديني أستاذ الأملا (هين غلط) هين صح؟ (آه رّكز هينا) ششش, خلّي الباقي بينا لازمة (تامر وكلارا خوري) قربي شوي هينا . أقرب من هيك ؟ بدي أحسّك أكتر. أحضني بين أيديك تطّلعي بعيني. عيني بعينيك أنا وأنتي نكون جسم واحد قرّب شوي هينا. أقرب من هيك ؟ بدي أحسّك أكتر. هايني بين أيديكي تطلّع بعيني. عيني بعينيكي"
0715,Bessan Ismail,ايقاع (Al-liqou (Tempo)),Levantine,لازم اني  كمل هالطريق ما في عندي قدرة …. شو يللي بآخر هالطريق ما في عندي فكرة …. اه ..شو  بتخطر عبالي مرات كتير بسأل حالي كيف بدي اصمد للأخير مافي عندي حل …. قلبي اختارك انت الأمير وحدك بين الكل ….. اه ..شو  بتخطر عبالي مرات كتير بسأل حالي هذا الإقاع نفس الإقاع حياتي نغمة عمر ضاع كل شي اتغير بالدني إلا الإقاع
0716,Hoda Haddad,يا غناني الحنين (Ya Ghnani elhaneen),Levantine,يا غناني الحنين بغنيكي لمين يا غناني الحنين بغنيكي لمين ما بيسمع حبيبي صرلو من سنين يا غناني الحنين بغنيكي لمين يا دفاتر أشعاري.. المكتوبة الو حبيبي مش داري.. المر من الحلو يا زهور اشتبيكي.. الحنين يساقيكي شو عاد بدي فيكي.. خليكن عطشانين يا غناني الحنين بغنيكي لمين كنا انا وهوي.. حكايين الهوى وقمرنا بيضوي.. بيسهرنا سوا بكر ع الغياب.. دوبني وما داب كنا أغلى حباب.. صرنا منسيين يا غناني الحنين بغنيكي لمين يا غناني الحنين بغنيكي لمين يا غناني الحنين بغنيكي لمين ما بيسمع حبيبي صرلو من سنين يا غناني الحنين بغنيكي لمين
0717,Faraj Hanna,بنسى (Bensa),Levantine,لما بشوفك بنسى والله الدني فيها بنسى حالي لما عيونك بطلع فيها لما بشوفك بنسى والله الدني فيها بنسى حالي لما عيونك بطلع فيها بنسى إني مديون وإنو بيتي مرهون وأعصابي على صوص ونقطة وعلى حالي ما بمون بنسى قلق الليلي جاري الكمخ لي قبالي قلق الليلي جاري الكمخ لي قبالي سيارة من البالي لي على زوقا بتدور double shift وبنسى ال ومديري هالزفت double shift يخي بنسى ال ومديري هالزفت وبنسى البلد الكلو غش وسقفي العم بنش بنسى الوضع السياسي لي براسي migraine وال الوضع السياسي لي براسي migraine وال بنسى إنو الكوكب ضدي لما تكوني حدي لما بشوفك بنسى والله الدني فيها لما بشوفك بنسى والله سنيني وإيامي بنسى فشلي وإني نسيت حقق أحلامي لما بشوفك بنسى والله سنيني وإيامي بنسى فشلي وإني نسيت حقق أحلامي بنسى إني مقهور وللدكنجي مكسور ascenseur وساكن بالسابع ببناية ما فيها وأسئلتي الوجودية الجدلية الكونية أسئلتي الوجودية الجدلية الكونية نظرية النسبية كيسنجر وبلفور وبنسى الطبقية والأنظمة القمعية بنسى الطبقية والأنظمة القمعية وبنسى قانوني لمصدي لما تكوني حدي بنسى كل ديوناتي تعتيري إل بالوراتي كل ديوناتي تعتيري إل بالوراتي بنسى إنو الكوكب ضدي لما تكوني حدي لما بشوفك بنسى والله الدني فيها
0718,The Synaptik,ع الله الرزق,Levantine,"هدفي أخلى قلمنا يحس عالله الرزق أصلنا من زمان دا كتبنا ختمنا وكيدز بمبا وشيبس حرقنا المنا المنا المنا انت وصلت لعند الكينج يا غلام فهيا اطلب وتمنا مغني لحتى الناس تتطبع فيك الملك العرش مكاني متربع فيه اخذت كثير ببلاش بطلت اعطيك نعطي ذهب لحمير دا بلاش شو بدها تعمل فيه؟ ياما لفيت ببلاد انا شفت دهاليز حواوشي في زمالك بيروت مناقيش فأوعك تنكش هان عش الدبابير انا كيوت وكذا بس من جوا من العيار الثقيل عادي على بالي ولا حدا ولا خرا ولا انت ولا شيخ ولا مرة ولا بنت ولا حس ولا خرا ولا حن بس حس مجزرة علحن وادعس شنبات عنترة والعب فيه كرة أصلها كزدورة امورة كمل هل وصلت صورة قلتلك يا حيوان من قبل انا ايس فينتورا سوق المخ يتخبط بالكوابيس فش اوسخ من شايف خلف الكواليس حطيت شعار هذا النهار اعمل مسار عنيف خليه انذار للتاريخ هدفي أخلى قلمنا يحس عالله الرزق أصلنا من زمان دا كتبنا ختمنا وكيدز بمبا وشيبس حرقنا المنا المنا المنا انت وصلت لعند الكينج يا غلام فهيا اطلب وتمنا World is my witness God is my Judge The further the distance The harder I run From Middle east wars And Philippines slums I’ve baked me some cake When they’ve given me crumbs uuhhh....Bitch! Welcome to brunch This the beginning, here’s lunch, there’s dinner to come Gin in my cup, pray for the sinner Then they prey on the young (Aim it and bang) They’ve given them guns like this shit is fun They’ve given them funds  its never enough They add it all up, division is rough They started from scratch, so they’re itching to bust Blacka! Life is a saga Talking too much, You get humbled cuz Acting too hard you get softened like pasta Choose what you wanna Life ain’t a buffet, it’s much more like tapas Moment of silence, for all the young Pharaohs Nobody’s talking, everyone follows Everything’s new, keep popping their collars Their hiding the noose cuz they’re hung on the dollar هدفي أخلى قلمنا يحس عالله الرزق أصلنا من زمان دا كتبنا ختمنا وكيدز بمبا وشيبس حرقنا المنا المنا المنا انت وصلت لعند الكينج يا غلام فهيا اطلب وتمنا"
0719,Kamilya Jubran,شجر البن,Levantine,بيني وبينك سجر البن وحبّ الهال وزهر النوم بيني وبينك تسع جبال وعرب وصحرا وغيبة يوم بيني وبينك ضربة رمح وفرس وسيف وهجم الصبح بيني وبينك طيرة طير ونادو كلّن ع الفراق وقطفني متل الصبيّر صوت الغنُّو بالعراق لو نقدك كان مدينة وبالشام العرس لاركب ع الفرس وجبلك مفتاح القدس رايح اسرقلك غابة واسرقلك جان وعلِّق ع سجر البحر عقود المرجان الشاعر طلال حيدر
0720,Hoda Haddad,سهرانة لحالي (Sihrani Lahali),Levantine,سهرانة لحالي وغيابك ببالي سهرانة ع هاك الباب يا طول السهر ع الباب يا طول الليالي سهرانة لحالي وغيابك ببالي سهرانة ع هاك الباب يا طول السهر ع الباب يا طول الليالي كتابك والجريدة والخاتم بايدي والورقة اللي عليها عناوين وقصيدة وحدن يا حبيبي بعدك يا حبيبي وحدن ال بقيو لي من هالزمن الغالي سهرانة لحالي وغيابك ببالي سهرانة ع هاك الباب يا طول السهر ع الباب يا طول الليالي عيونك سهروني كتير ونطروني ويمكن لا اشتاقولي ولا بيتذكروني وبعدو بالليالي وجهك بالليالي بيرجع يلاقيني سهرانة لحالي سهرانة لحالي وغيابك ببالي سهرانة ع هاك الباب يا طول السهر ع الباب يا طول الليالي
0721,Yara,وينك (Waynak),Levantine,وينك يا ال تسلملي عينك بيني انت وبينك عشق وحنان غمرني تقلّك تقبرني وع حضنك رجّعني وحسّسني بأمان ونرقص انا وياك وترجع تغمرني تهواني واهواك شو اشتقت تسهرني ونرقص انا وياك وترجع تغمرني تهواني واهواك شو اشتقت تسهرني وينك قلّي انك اشتقتلي ومن حدّي ما تفلّي بحبك من زمان فينا ت نرجّع ماضينا ننسى كل شي احكينا ونعيد اللي كان ونرقص انا وياك وترجع تغمرني تهواني واهواك شو اشتقت تسهرني ونرقص انا وياك وترجع تغمرني تهواني واهواك شو اشتقت تسهرني وينك ونرقص انا وياك تهواني واهواك ونرقص انا وياك وترجع تغمرني تهواني واهواك شو اشتقت تسهرني ونرقص انا وياك وترجع تغمرني تهواني واهواك شو اشتقت تسهرني وينك
0722,Ragheb Alama,جددتي حياتي (Jaddadti Hayati),Levantine,جددتي حياتي، غيرتي مصيري أيام السعادة ما عادت قصيرة جددتي الاماني، يوم قلبك نداني وهبتك حناني مع حبي و تقديري من قبلك قلبي كان عايش على الحرمان موجود من دون وجود من دون حب وحنان حبك و حنانك هناني حرمان الماضي نساني سلمتك أماني أحلامي الكبيرة جددتي حياتي، غيرتي مصيري أيام السعادة ما عادت قصيرة جددتي الاماني، يوم قلبك نداني وهبتك حناني مع حبي و تقديري بوجودك قلبي إرتاح و الماضي كله جراح موعود بعمر جديد موعود بالأفراح وعدك لقلبي خلاني يهديكي روحي و كياني سلمتك أماني أحلامي الكبيرة
0723,Hoda Haddad,آخدني لوين (Akhedni Lawayn),Levantine,آخدني لوين دخلك يا هوى آخدني بايدي وعم نركض سوا قلبي بعدو صغير ع هيك مشاوير ع مهلك عليي دخلك يا هوى لا بتشفق عليي وبتقول بعدا صغيرة وبتختي لعا بكرة بتسهرني الغيرة شو ذنبي ان حبيتك شو ذنبي ان لاقيتك شو ذنبن اللي حبوك لمهب الهوا ع مهلك عليي دخلك يا هوى آخدني لوين دخلك يا هوى آخدني بايدي وعم نركض سوا قلبي بعدو صغير ع هيك مشاوير ع مهلك عليي دخلك يا هوى خبرتني أختي عن قصص ومشاوير كيف كان ينطرها وتبكي كتير كتير وتحكيلي وتقلي وما اعرف شو تقلي تحكي وبعينا الدمعة من كتر النوى ع مهلك عليي دخلك يا هوى آخدني لوين دخلك يا هوى آخدني بايدي وعم نركض سوا قلبي بعدو صغير ع هيك مشاوير ع مهلك عليي دخلك يا هوى حلفتك بعيوني الما شافو غيرك انت لما بتبقى وحدك قول خطيي هالبنت ما بدي نطرها ما بدي سهرها وتعا لعنا ليليي ت نقعد سوا ع مهلك عليي دخلك يا هوى آخدني لوين دخلك يا هوى آخدني بايدي وعم نركض سوا قلبي بعدو صغير ع هيك مشاوير ع مهلك عليي دخلك يا هوى
0724,Yara,لو عندي قلبين (Law Endi Albayn),Levantine,لو عندي قلبين بحبك فيهن الاتنين ولو عشنا للميّة بتمنّى حبّك عمرين آه عمرين بحبك فيك بحسّ لما بتطلع فيّي وحدك انت وبس اللي بتشتقلك عينيّي بحبك فيك بحسّ لما بتطلع فيّي وحدك انت وبس اللي بتشتقلك عينيّي لو عندي قلبين بحبك فيهن الاتنين ولو عشنا للميّة بتمنّى حبّك عمرين آه عمرين خدني نروح بعيد وتغزّل بعينيّي بحبِّك قولا وعيد ولحّنها بغنيّة خدني نروح بعيد وتغزّل بعينيّي بحبِّك قولا وعيد ولحّنها بغنيّة لو عندي قلبين بحبك فيهن الاتنين ولو عشنا للميّة بتمنّى حبّك عمرين آه عمرين
0725,Yara,ما بصدق (Ma Bsadek),Levantine,ما بصدّق مشتاق ما بصدّق مغروم ما بصدّق إحساسك كلّو مخربط مش مفهوم ما بصدّق مشتاق ما بصدّق مغروم ما بصدّق إحساسك كلّو مخربط مش مفهوم ما بذكر كلمي قلتا منك مره وصدقتا ما بذكر كلمي قلتا منك مره وصدقتا ما تحكي ما تلوم جايي توعّي فيّي أحلامي من جديد وتحلف بعينيّي ونفس الكذبي تعيد جايي توعّي فيّي أحلامي من جديد وتحلف بعينيّي ونفس الكذبي تعيد ما بذكر كلمي قلتا منك مره وصدقتا ما بذكر كلمي قلتا منك مره وصدقتا ما تحكي ما تلوم
0726,Rowaida Attieh,فجر جديد,Levantine,هالبنت حلوه يا فراشة وطايرة الألوان عـ جناحاتها شو حايرة بتغط ع زهرة بتضيع بالزهرة أحلى وأحلى جنة عطر ومقطرة تبكي شو هالإيام بتخرِّس الأحلام والابواب مسكرة كبرت وكبرت والعطر بعدو عتيق بيدق باب الحب طفل، بلكي هالفجر يفيق كبروا وكبروا انحرقوا بنار الشوق انحرقوا ما تابوا كبروا وكبروا والشوق للدنيا لأبواب مفتوحة بيطل فجر جديد وينشف جروحا والشب مانو بطل ع قد حاله بيحلم بحرية وبيقطف خياله بيرتب الأحلام هو وأصحابه صورة عمُر ومبروزة وفيها اللي غابوا ما غابوا ما غابوا ما غابوا ما غابوا
0727,Hoda Haddad,دولاب الهوا (Dulab al-hawa),Levantine,طير يا دولاب الهوا خبرني قصص الهوى انا حدك بنت صغيرة يطيرلا شعراتا الهوا خلصني من ضجر العمر ومن هم الكبر خدني للصبيان السمر ولولاد القمر سفرني ع جوانح ورقة الدنيي مش أغلى من ورقة وخبرني حكايات الهوى ودولب يا دولاب الهوى
0728,Hoda Haddad,كرمك يا بو عيون السود (Karmak ya bou 'youn essoud),Levantine,كرمك يا بو عيون السود طاب وحليو عناقيدو ضيفنا منو عنقود ومنا خود ال بتريدو كرمك يا دهب غالي بالهوى عم بيلالي نسر وطاير بالعالي وما في حدا بيصيدو ضيفنا منو عنقود ومنا خود ال بتريدو كرمك يا بو عيون السود طاب وحليو عناقيدو ضيفنا منو عنقود ومنا خود ال بتريدو كرمك يا بو الحبايب ناطورو عنو غايب جايي المحبوب وجايب عنقود كبير بايدو ضيفنا منو عنقود ومنا خود ال بتريدو كرمك يا بو عيون السود طاب وحليو عناقيدو ضيفنا منو عنقود ومنا خود ال بتريدو كرمك بحر بعيد بعيد وبتضيف منو بيزيد بنسى كل المواعيد وما بنسى مواعيدو ضيفنا منو عنقود ومنا خود ال بتريدو كرمك يا بو عيون السود طاب وحليو عناقيدو ضيفنا منو عنقود ومنا خود ال بتريدو
0729,Akher Zapheer,تصبيره (Tasbeereh),Levantine,كل ما بفرد بحاول أطيــــــر زي البحصة بتطلعيلـي كل ما بفرد بحاول أصيــــــر بتصير غصّة بالمريء وأنا بالضبط كتير مستصعب وإنتي شهيــــــق بتحتاج زفير تعي عنــدي جمعة عـسبت زي كل هالناس خلينا نطير الموضوع مش كبت Let's make some حب Let's make أطفــــال يا حب الحــب أنا كبرت كتير مستصعب أنا بدي بيـت فيّو إنتـــي كل ما بفرد بحاول أطيــــــر زي البحصة بتطلعيلـي أنا بالزبط كتير مستصعب أنا بدي بيـت فيّو إنتـــي
0730,Hoda Haddad,رن التلفون (Rann Et-telefon),Levantine,قلي التلفون تلفن لك من ساعة قلي التلفون ورنلك شي ساعة انا قلو اصبور راح ترجع انطور وصارت تبكي السماعة قلي التلفون كان صوتو تعبان ضجة وناس يمكن من شي دكان قلي مسافر تحت الشتي مسافر سلملي عليها وع اللفتة اللماعة وصارت تبكي السماعة قلي التلفون تلفن لك من ساعة قلي التلفون ورنلك شي ساعة انا قلو اصبور راح ترجع انطور وصارت تبكي السماعة لو يا تلفون سليتو ت جيت ما تعلمت تحكي كلشي عليك حكيت انا سهراني وراح ابقى سهراني يمكن يتذكرني ومن ساعة لساعة يندهني من السماعة قلي التلفون تلفن لك من ساعة قلي التلفون ورنلك شي ساعة انا قلو اصبور راح ترجع انطور وصارت تبكي السماعة
0731,Hoda Haddad,سوا يا حلو سوا (Sawa ya helou sawa),Levantine,سوا يا حلو سوا على طريق الهوى نمشي دني.. نعمر دني وقمر الليالي هني سوا يا حلو سوا غصن الزنبق التوى وطارت خصل.. وتقطف خصل وتزرع الروابي غزل يا تعب السهرية يا فرح الغنية قلبي راح بيطير والمشاوير تبعت فيي سوا يا حلو سوا علينا يهب الهوا ويسهر حكي.. ويتعب حكي وعيون السهر تشتكي يا ورق الرسايل يا شجر اللي مايل قولولي شو صار.. بالأشعار بالرسايل سوا يا حلو سوا عنقودٍ لِنا استوى حبك لنا.. وهجرك لنا والليالي انت وانا
0732,Omayma El Khalil,بيروت - Beirut (Beirut),Levantine,"يه يه يه يا شوارع بيروت الحرب اليومية يا مدينة يا مخزن هم يا هيصة و وحش الجمرية كانوا يتباهوا فيكِ ناموا بحضن المرايا وجوههم صفرا تعاديكِ و انتِ ست الصبايا عز الأهالي الي وضعهم بالي ببيوت جواني ياا يابيروت يه يه يه يا شوارع بيروت الحرب اليومية يا مدينة يا مخزن هم يا هيصة و وحش الجمرية خيراتك يا مدينة, النا نحن زرعناها و عالساحة لما نزلنا كلمتنا قلناها جنوب و شمالي بواريق تلالي وصوات عالعالي يا يا بيروت يه يه يه يا شوارع بيروت الحرب اليومية يا مدينة يا مخزن هم يا هيصة و وحش الجمرية"
0733,Hoda Haddad,الك الهوى (Elak elhawa),Levantine,الك الهوى وسفر الهوى والك الدني رحلات والنا نشتكي ونألف حكي ونشرد ورا الحكايات الك القمر وليالي القمر وغناني الهنا الحلوين والسهر لنا وليلات الضنا ونألف تلاحين صوتك عطي هالليل عتماتو وغلغل فيه وجهك عطي هالبحر موجاتو وغنانيه وتنفتح دني وتنغلق دني وعيونك لنا يقولو شباك الهوى ع مهب الهوى مشرع على طولو
0734,Hoda Haddad,من يوم ليوم (Men yaum la yaum),Levantine,من يوم ليوم.. بتفتح سوسني من يوم ليوم.. وتلون هالدني ويرجع الهوى.. يجمعهن سوا وبيلتقوا بيوم.. من يوم ليوم إذا يا حبيبي عدنا التقينا بي هالشوارع عدنا التقينا راح قلك شو بني وبتعرف شو بني وترجع ليالينا تسأل علينا وإذا يا حبيبي صدفة تقابلنا بالعمر الضايع صدفة تقابلنا نترافق ع طريق ومنسافر ع طريق ونقول حكايتنا وننسى شو قلنا من يوم ليوم.. بتفتح سوسني من يوم ليوم.. وتلون هالدني ويرجع الهوى.. يجمعهن سوا وبيلتقوا بيوم.. من يوم ليوم
0735,Salah El Kurdi,القلوب تكسرت (El Ouloub Etkassarit),Levantine,انا حاسس اني ضعيف حاسس اني خفيف عم طير من هبة هوا هيدا هواكي وجرحك جواتي وقلبي تعبان وما ملاقي دوا x2 شو يعني تركنا بعض وقلوبنا بعدا مع بعض والدنيا قسيت علينا وجروحا كترت هالقلب بعدو القلب اللي عشقك وحب حرام اللي صار فينا القلوب اتكسرت x2 أنا عندي أمل كبير وبقلبي احساس كبير انو بالآخر رح نرجع ل بعض م قلبك جواتي وبتنفس هواكي وحبك باقي محللو لو  برمت هالارض شو يعني تركنا بعض وقلوبنا بعدا مع بعض والدنيا قسيت علينا وجروحا كترت هالقلب بعدو القلب اللي عشقك وحب حرام اللي صار فينا القلوب اتكسرت x3 القلوب اتكسرت القلوب اتكسرت
0736,Hoda Haddad,يا هيفا (Ya Haifa),Levantine,يا هيفا صار اللي صار والهوى عم يلعب بالدار قالوا عندك طلع اللوز وما بقى يرتدوا الزوار يا هيفا صار اللي صار قلبك عم يلعب بالنار بكرا بتلاقي العشاق واحد غط وواحد طار يا قمر يا عالي ضلك بالعلالي بتعرفني سهراني لا تتركني لحالي ويا حلو يلي كنت تغار وتكتب لي حب وأشعار شو بنا خلص الماضي وما بقى في عندك أسرار يا هيفا صار اللي صار قلبك عم يلعب بالنار بكرا بتلاقي العشاق واحد غط وواحد طار لاقاني لاقاني على دربي لاقاني وقّف هالسيارة وحاكاني وسماني وقلي نحنا كنا صغار انتي وانا جارة وجار قلتلو مخطوبة وخطيبي عليي بيغار يا هيفا صار اللي صار قلبك عم يلعب بالنار بكرا بتلاقي العشاق واحد غط وواحد طار
0737,Tamer Nafar,انا و انتي part 2,Levantine,"تامر حكي: قبل سنين سجلت أغنية حب للراب أخترتك وتبنيتك من الشوارع هلأ بعد سنين لسا برجع وبقول للراب أنت اللي باقيلي أنت, من زمان مش من يومين لازمة (مأخوذة من حسنة المغربية) أنت اللي باقيلي أنت من زمان, مش من يومين أنت اللي باقيلي أنت من زمان, مش من يومين أنت اللي باقيلي أنت من زمان, مش من يومين أنت اللي باقيلي أنت من زمان, مش من يومين تامر راب: هادي أنا وأنتي الجزء التاني لسّاتك جزئي التاني علاقتنا حسب قانون الفيزيا كل ما بخف نورك بخف خيالي عيون العالم تغمّض, وأنتي مصحياني على أيقاع الشخير والصراصير, همسالي كلمات سرّية تفتحلي بواب سحرية, وراها وراق طاهرة مربوطة بأسطر زي الطقوس اللي يقدمو فيها عذراء كضحية أفترسها بأصابعك, أسكب دمها بأقلامك, خود منها مرتين باليوم روشيته لأبداعك اللي حوالي ما يفهموكي فا بتهموكي أنك عبارة عن ضجة, مش عارفين ضجتك مسكن هدوئي مش حتمسكن شوفي, مش حتعصبن روقي منهم أتألّم منك أتعلّم كيف أتكفّل جروحي أسم على مسمّى فيهم بنفر, ولا همسة تتدخلوش, بيجي يوم بنشوف, متذكرة؟ ""بعطيكي عيني التنتين"" أعطيتك, هلأ كيف أشوف اللحظة؟ بحبك, أشّر عليكي حبي الأعمى لازمة (مأخوذة من حسنة المغربية) أنت اللي باقيلي أنت من زمان, مش من يومين أنت اللي باقيلي أنت من زمان, مش من يومين أنت اللي باقيلي أنت من زمان, مش من يومين أنت اللي باقيلي أنت من زمان, مش من يومين تامر راب: بكرهك آه زي مانتي سامعة, بكرهك تعرفي بأيش مرات بشبهك؟ بعاهرة لأنك كتير مكلفة, محنتيني وجيوبي مفلسة, عاهرة مجربة من زمان دخلت فيكي ولساتك مش مخلصة من ال 98 مرقو تمن سنين ولا مرة جيت طلبت ترجعيلي ثمن السنين غلطي أنو بتطلع على صحابي وبقارنهم بنفسي ""آلو, تعا خدني من الأستوديو, ماعيش مصاري لتاكسي"" وال قديش سطحي, مين كان يصدق أنو هاد حكي هاد اللي هلأ كان على المنصة يصرخ راب عربي !! تنين متجوزين أحلى لبس نلبس قبال الكل بنبتسم نوصل الدار والأقنعة بتنزل أنفصام شخصية, معركة داخلية مهما تكون النتيجة أنا الضحية, متلا"" أنا بقول- بكرهك, بديش أياكي, اطلعي من حياتي وأيش بسوي بوقت الوحدة- بكتب أغنية تامر حكي: بالظبط, بعاود أكتب أغنية, هيك تعلمنا حبي في حواجز بنكسرها, في جدار بنحطمو وهلأ, بس طبعا"" بمساعدتكم أنتو هاي لكل اللي كانو مع الهيب هوب العربي من الأول أيش رأيكم نوخود المستمعين لرحلة تاريخية ؟ أرجعوا شوي لورى, 10 سنين, جاهزين؟ هلأ أخترتك وتبنيتك من الشوارع واللي بدوش يسمع خليتو سامع عملت حبنا مقبول عند شعبي كل كلمة حكيتلك أياها طلعت من قلبي سويتك منا وفينا ودخلتك داري صرت حاطط عليكي كتير كتير مصاري ولا مرّة جيت طلبت ترجعيلي كل اللي طالبه لما أنجرح داويني"
0738,Hoda Haddad,جرايد (Jarayed),Levantine,جرايد جرايد بايدين الناس عناوين زرقا وحمرا ع وجوه الناس عناوين.. عناوين كل يوم عناوين كل يوم بتتغير العناوين اكتبني يا حبيبي.. قصيدة قصيدة حزينة بكتاب وخبيني ولا تعملني عنوان بجريدة والهوا يرميني بشوارع المدينة رسايل رسايل ع بيوت تروح مكاتيب ع القهاوي تجي وتروح مكاتيب مكاتيب للحب مكاتيب وبينتسى اللي انقال بالمكاتيب اكتبني يا حبيبي.. قصيدة قصيدة حزينة بكتاب وخبيني ولا تعملني عنوان بجريدة والهوا يرميني بشوارع المدينة
0739,Saad Ramadan,مسبع الكارات (Mesbee Al Kaaraat),Levantine,ع مين جاية تلعبي بشرع الهوى؟ اللي عنده أحبابه ما بيبرم ع حبايب ولما الجرح بيصير أقوى من الدوا قدام باب السبع ما بتوقف دياب يوبي يا يوبي مسبع بالحب الكارات لا تتعدي ع كاري الدنيا مليانة بنات لا تصبي الزيت ع ناري مسبع بالحب الكارات لك لا تتعدي ع كاري الدنيا مليانة بنات لا تصبي الزيت ع ناري ناري غيرة ولعانة خوفي تهب بثواني أخضر يابس ما بيضل الناس بتحكي أخباري ناري غيرة ولعانة خوفي تهب بثواني لك أخضر يابس ما بيضل الناس بتحكي أخباري مسبع بالحب الكارات لك لا تتعدي ع كاري الدنيا مليانة بنات لا تصبي الزيت ع ناري الغيرة برة خليها لك لا تتحديني فيها وعيونك والله ببكيها بخليكي تحتاري الغيرة برة خليها لا تتحديني فيها وعيونك والله ببكيها بخليكي تحتاري مسبع بالحب الكارات لك لا تتعدي ع كاري الدنيا مليانة بنات لا تصبي الزيت ع ناري إلا بقلبي الدفيان ما بتحسي بالأمان بعمره ما بيدفى البردان اللي لابس توب عياري إلا بقلبي الدفيان ما بتحسي بالأمان بعمره ما بيدفى البردان اللي لابس توب عياري مسبع بالحب الكارات لك لا تتعدي ع كاري الدنيا مليانة بنات لا تصبي الزيت ع ناري
0740,Kamilya Jubran,بحب البحر,Levantine,بحب البحر لمّا يزوم.. و أعشق صرخته في الريح ! بحس في موجه شوق مكتوم.. لناس حُرّة و حياة بصحيح ! و أحبّه لمّا يتهادي و أدوب لمّا يوشوشني و يفرش موجه سجادة.. في أحلامي تعيشني ! ملوش أول..ملوش أخر قراره طاوي اسراره ! و دايماً في الهوي مسافر.. ولا نهاية لمشواره ! بحب البحر..أحب البحر.. و أعشق ضحكته و آنه ! و أحب الناس..أحب الناس.. ماهم فيهم حاجات منه ! و أحبك يا اللّي أحلامي.. في هواكي زهزهوا و غنّوا ! يا بلدي ياللّي و أنا فيكي عيوني ليكي بيحنّوا ! بحب الورد فوق السور و أعشق ضحكته الفانية و أحس في ريحته شوق مسحور .. لناس حرّة و حياة تانية ! و أحبه بين ايدين عشاقْ.. رسالة مهفهفة بأشواقْ ! و حتي و هو بلا أوراقْ كتاب العشق ، ذكرى فراقْ حياته في الهوي ليلتين.. و عمره ما كان بعمره ضنين ! يرش هواه علي الماشيين.. و يتقاسمه مع الجايين ! بحب الورد بحب الورد و أعشق ضحكته و آنّه و أحب الناس..أحب الناس ماهم فيهم حاجات منه و أحبك ياللّي أحلامي.. في هواكي زهزهوا و غنّوا يا بلدي ياللّي و أنا فيكي.. عيوني ليكي بيحنّوا ! بحب البحر..بحب الورد.. و أحب الناس ! و أحب نعيشها أحرار مرفوعين الراس ولا تفرّقنا لا الألوان ولا الأجناس و أدوب في آدان يرفرف ، تحضنه أجراس تعالوا نقيم لبكرة الجاي .. يا ناس قداس !!
0741,Myriam Klink,الزعيم (Al Zaaim),Levantine,بدنا زعيم يكون من الشعب وعلى الشعب يكون قلبه ما بدنا زعيم ينفذ أوامر وينتمي لغير شعبه بدنا زعيم يكون من الشعب وعلى الشعب يكون قلبه ما بدنا زعيم ينفذ أوامر وينتمي لغير شعبه حق الإنسان إنو يعيش بأمان وما حدا يتدخل فيه خلقت الثورات تتنهي التراث وللشعب حقه تعطي حق أي شخص يترشح تيكون وزير أو نائب حتى لو فقير ومش ضروري بيه أو جده يكونو من الأكابر حتى يصير حق أي شخص يترشح تيكون وزير أو نائب حتى لو فقير ومش ضروري بيه أو جده يكونو من الأكابر حتى يصير صرنا ملايين بالعالم مغتربين وربيو ولادنا بالغربي ليش ما منكون كلنا مجتمعين تنحمي تراب الارزة
0742,Adonis Band,نهارك سعيد (Nharak Said),Levantine,معقول عن جديد أنا نسيت وإنتَ نسيت عَ طول، مش أكيد شو صار بالتحديد وبتقول نتنـاسى ويا ريت نستفيد أنا كمان بفكّر فيها ما تفكر حالك وحيد معقول عن جديد أنا نسيت وإنتَ نسيت شو خبّينا بالصندوق؟ روح نهارك سعيد –------------ معقول عن جديد انك تكون نسيت لأنو مش أكيد شو الي صار بالتحديد! أنا بقول تتناسى بس ما بعرف شو بتستفيد يا روحي كلنا مرقنا فيها .. ما تفكر حالك وحيد! معقول عن جديد انك تكون مشيت شو مخبى بالصندوق روح نهارك سعيد
0743,Yara,في قلوب (Fi Oloub),Levantine,في قلوب بتحب قلوب بتدوب فيها بتدوب وفي قلوب بتقسى وبتحن بتنسى وما فيها اتوب في قلوب بتحب قلوب بتدوب فيها بتدوب وفي قلوب بتقسى وبتحن بتنسى وما فيها اتوب في قلوب بتقوينا بكلمة بتوعينا وقلوب بلحظة بتجن بتبعد وبتنسينا وفي قلوب بتقسى وبتحن بتنسى وما فيها اتوب في قلوب بتحب قلوب بتدوب فيها بتدوب وفي قلوب بتقسى وبتحن بتنسى وما فيها اتوب في قلوب لما بتحكي بترجعلك الضحكة وقلوب منها بتعن من قسوتا بتبكي وقلوب بتقسى وبتحن بتنسى وما فيها اتوب في قلوب بتحب قلوب بتدوب فيها بتدوب وفي قلوب بتقسى وبتحن بتنسى وما فيها اتوب
0744,Hoda Haddad,قمر الزمان (Qamar azzaman),Levantine,ما عندي أساور ولا عندي مرجان ت اهدي حبيبي حبيبي العشقان رح قدملو بعيدو قمر الزمان قالولي نيالك فيكي تهدي قمار ونحنا مش قدرتنا نودي شلح غار قلتلن في عنا سطيحة حلوي ودار بيتجمعو فيها مطرح ما في قمار قمر تنورين وقمر بتدّين وقمر الحلوين وقمر الزمان ما عندي أساور ولا عندي مرجان ت اهدي حبيبي حبيبي العشقان رح قدملو بعيدو قمر الزمان قلتلن حبيبي قلال المتلو كتير بحبو كتير بحبو وحدو أنا بطير بيتو مضوي وعالي وع جبل كبير وقمار الليالي انحسدو منو كتير قمر الدوار وقمر شمستار وقمر كفرغار وقمر الزمان ما عندي أساور ولا عندي مرجان ت اهدي حبيبي حبيبي العشقان رح قدملو بعيدو قمر الزمان
0745,The Synaptik,شكلو الحب ببلاش,Levantine,"شكلو الحب ببلاش شكلو الحب ببطاطا نراكض من النهار لليل مش عارفين نرتاح مضلش في طاقة بقلك شكلو الحب ببلاش (فيرس اول) عمي انسى فكرة تدفع الثمن جرحك الك لكن سيبو للزمن هوي يداوي انساك من الناس انساك بلاش تنساك الناس ويبطل في امل معلق على طلوع ساكن فيا جوع بنصلي لمحمد ويسوع بلكي زبطت معك لعبة كراسي براسي انا من راسي تعبان ضلني لفلف بالاراضي شقلب فرحة زعلات طلوع ونزلات ووقت الصبح بالذات مرات بكون عبالي هسا ادير عحالي كاز وولع بالوحوش شكلو الدنيا دروس عمي تعبت اموت وانا غوص صار الوقت نروق (لازمة) شكلو الحب ببلاش شكلو الحب ببطاطا نراكض من النهار لليل مش عارفين نرتاح مضلش في طاقة بقلك شكلو الحب ببلاش (فيرس ثاني ) Yesterday we was chasing rainbows After all the glow , I know where the rain goes Maybe next time ima bring a rain coat And walk my path , in the valley of shadows Oopie doopie , all the time I’m fucking moving Ima write a good story of my life and then turn it Into a movie I know this life can never do me wrong Cause I been turning everything it’s throwing at me Into songs Then I dance to it , with all my heart and my ache Like a conduit , I know I got what it takes So I give you all of me for free Even though some might say (لازمة) شكلو الحب ببلاش شكلو الحب ببطاطا نراكض من النهار لليل مش عارفين نرتاح مضلش في طاقة بقلك شكلو الحب ببلاش"
0746,Hoda Haddad,شو قلتلا شو قالتلي (Shou eltella shou aletli),Levantine,شو قلتلا شو قالتلي.. ما بقى اتذكر بتذكر لما ضحكت لي.. ضحكتلا واكتر اتركوني ت روق.. يمكن ارجع فوق يمكن بتذكر شو صار.. وع القصة منسهر عطوني مزهرية.. ت خبي الأسرار ويا طير ال ع المية.. خبرهن شو صار كان في زهر ونار.. واحترق المشوار وبلا مشوار منين منرجع.. والطقس تغير شو قلتلا شو قالتلي.. ما بقى اتذكر بتذكر لما ضحكت لي.. ضحكتلا واكتر اتركوني ت روق.. يمكن ارجع فوق يمكن بتذكر شو صار.. وع القصة منسهر أنا فتحت عيوني.. ولقيت حالي كبير كلن سبقوني.. وطاروا العصافير ولقيت حالي كبير.. كيف راح بقدر طير قولولي شو بدي اعمل.. ت ضل صغير شو قلتلا شو قالتلي.. ما بقى اتذكر بتذكر لما ضحكت لي.. ضحكتلا واكتر اتركوني ت روق.. يمكن ارجع فوق يمكن بتذكر شو صار.. وع القصة منسهر
0747,Yara,ع قلبي تعى (Aa Albi Taa),Levantine,ع قلبي تعى تعى دقاتو ميّي اسمعا ع قلبي يلا تعى البوسي ع خدّي اطبعا ع خدي البوسي اطبعا ع قلبي تعى تعى دقاتو ميّي اسمعا ع قلبي يلا تعى البوسي ع خدّي اطبعا ع خدي البوسي اطبعا بحلف غيرك ما بدّي ما تبعد ضلّك حدّي وضحكاتك صوبي ودّي قلوب الناس انفقّعا ع قلبي تعى تعى دقاتو ميّي اسمعا ع قلبي يلا تعى البوسي ع خدّي اطبعا ع خدي البوسي اطبعا خلّينا سوا سوا نرقص ونشمّ الهوا خلّينا يلّا سوا انت لقلبي الدوا ولقلبي انت الدوا خلّينا سوا سوا نرقص ونشمّ الهوا خلّينا يلّا سوا انت لقلبي الدوا ولقلبي انت الدوا غالي ع قلبي غالي بحبك اكتر من حالي ولما بتخطر ع بالي الدنيي حلوي بقشعا ع قلبي تعى تعى (يلا تعى) دقاتو ميّي اسمعا (اسمعا) ع قلبي يلا تعى البوسي ع خدّي اطبعا ع خدي البوسي اطبعا ع قلبي تعى تعى (تعى تعى) دقاتو ميّي اسمعا (اسمعا) ع قلبي يلا تعى البوسي ع خدّي اطبعا ع خدي البوسي اطبعا
0748,Hoda Haddad,زهرة السواقي (Zahret Essawa'i),Levantine,زهرة السواقي.. في لها العصفور وشموع الليالي.. الهن الصلاه والبنت اللي باقي.. وجها عم بيدور نجمة بالقصايد.. انتا الا نسمة الروابي.. بتحب العنب وبتحب الصفصافي.. زهرا من الحقول والحلوي اللي رابي.. حلقها ع الدهب واسما ع القوافي.. بتحبك ع طول زهرة السواقي.. في لها العصفور وشموع الليالي.. الهن الصلاه والبنت اللي باقي.. وجها عم بيدور نجمة بالقصايد.. انتا الا بترجع اليمامي.. بتنقي القرميد وبتنقي الأغاني.. بفي الشبابيك وهي من الأسامي.. ان حبت من جديد انت مرة ثانيي.. ترجع تنقيك زهرة السواقي.. في لها العصفور وشموع الليالي.. الهن الصلاه والبنت اللي باقي.. وجها عم بيدور نجمة بالقصايد.. انتا الا
0749,Hoda Haddad,ع الشارة التقينا (A' shara lta'aina),Levantine,ع الشارة التقينا.. والشارة حمرا والتقوا عينينا.. لأول مرا جرب يحكي كلمي يسألني ع اسمي هدر الهدير عليو الزمامير ومشيت الشارة الخضرا هو راح شمال.. أنا رحت يمين راح تبعد المسافة.. وتصير سنين يا ريت بقينا.. ع الشارة مسمرين ت يخلص الحكي.. ت يشبع الحنين ويوقف نهر السيارات.. بالمرا وتضل الشارات.. حمرا حمرا حمرا ع الشارة التقينا.. والشارة حمرا والتقوا عينينا.. لأول مرا جرب يحكي كلمي يسألني ع اسمي هدر الهدير عليو الزمامير ومشيت الشارة الخضرا واذا مرة بعد.. ع الشارة بكير على غفلة التقينا.. حبيبي خدني وطير تجمعنا سيارة.. وتندهنا مشاوير معك أنا ع طول.. والفرح دربو كبير يفضى وسعك يا طرقات.. بالمرا وتصير الشارات.. خضرا خضرا خضرا ع الشارة التقينا.. والشارة حمرا والتقوا عينينا.. لأول مرا جرب يحكي كلمي يسألني ع اسمي هدر الهدير عليو الزمامير ومشيت الشارة الخضرا
0750,Hoda Haddad,جمعت الكلام (Jema't el kalam),Levantine,جمعت الكلام زينت الكلام حتى قلو روح انساني يا غرام ولِم اجا حبيبي وحاكاني حبيبي طلع الهوى واخد الكلام يا شعرا البتلمو بكي من ليل الهوى المجروح بيعوني بيعوني حكي شي كلمة ت قلو يروح ت قلو يتركني ت قلو ما يتركني ت قلو يتطلع بعيوني حرام جمعت الكلام زينت الكلام حتى قلو روح انساني يا غرام ولِم اجا حبيبي وحاكاني حبيبي طلع الهوى واخد الكلام أنا يا أنا شو بني وعيوني سفر ودموع التقينا وما في بهالدني وبقلبي غير صوتو مسموع ويقلي ردي عليي حاكيني وردي عليي حاكيني حاكيني.. بتضحك الأيام جمعت الكلام زينت الكلام حتى قلو روح انساني يا غرام ولِم اجا حبيبي وحاكاني حبيبي طلع الهوى واخد الكلام
0751,Hoda Haddad,لو بعرف (Law Ba'ref),Levantine,لو بعرف حب كنت بقلك كيف العالم بيحبوا لو بعرف حب كنت بدلك ع حب مضيع دربو لو بعرف حب لو بعرف لو بعرف حب لو بعرف حب بغنيلك شي غنية غنية حب مقطوفة من صبية ودتها لشب بالمخفي بشنتة كتبو لو بعرف حب ت قلك كيف بيحبوا لو بعرف حب بسرقلك شي قصيدة قصيدة حُب كل قوافيها جديدة من شاعر حَب وصوَّرها بدمعة قلبو لو بعرف حب ت قلك كيف بيحبوا لو بعرف حب كنت بقلك خبرني خبرية حُب تحملني وتطيرني على قلب الحُب وبغلغل وحدي بعبو لو بعرف حب ت قلك كيف بحبو لو بعرف حب كنت بقلك كيف العالم بيحبوا لو بعرف حب كنت بدلك ع حب مضيع دربو لو بعرف حب لو بعرف لو بعرف حب
0752,Hoda Haddad,بحبك يا حلو (Bhebbak ya helou),Levantine,بحبك يا حلو بحبك ومتلي ما حدن حبك حاكيني بكيني خليني بقلبك بحبك يا حلو يا حلو يا حلو بحبك يا حلو بحبك ومرة بقهوة صغيرة حكيتلّي ع الغيرة وصارت تكبر تكبر تكبر بعينيي الحيرة خبيت وجهي بايديي ت ما تضحك عليي وبتذكر شو قلتلّي اني وحدي بقلبك بحبك يا حلو يا حلو يا حلو بحبك يا حلو بحبك ومن يومة السهرية صار عندي خبرية وليليي عم بسهر بسهر ت تطل الصبحية شو بدي قول لأمي لما رح تعرف همي فزعانة افتح تمي وتعرف امي بحبك بحبك يا حلو يا حلو يا حلو بحبك يا حلو بحبك بحبك يا حلو بحبك ومتلي ما حدن حبك حاكيني بكيني خليني بقلبك بحبك يا حلو يا حلو يا حلو بحبك يا حلو بحبك
0753,Christmas Carols,لَيْلَة الصَّمْت (Laylat Al-Samt),Levantine,لَيْلَة الصَّمْت، لَيْلَةُ الْقُدْسِ هُدْنَةُ رِضَاهُ، هُدْنَةُ رِضَاهُ حَوْلَ الْعَذْرَاءِ وَابِيهَا مَقَدَّسَ وَرَفِيقٍ نَمْ فِي سَلَامِ السَّمَاءِ، نَمْ فِي سَلَامِ السَّمَاءِ
0754,Kamilya Jubran,ونبني,Levantine,في النار وقفتُ لأكتب تاريخكِ في دفتر أحلامي الضائع في النار فتحتُ المستقبل موعودا ً نافذة لي وصعدتُ الى أعرابكِ، منحدرا ً من آخر برق ٍ في هذا الأفق النائي متشحا ً مثل نذير مهموم برداء خساراته يمضي بين مغول يلتهمون قلاعك في الظلمة فاجتزنا في وحدتنا الانهار المفروشة بالطحلب والعوسج والبردي جيش وثنيٌ في وادي الآلام سألتُ، حيث يسيل الدم من نبع في خاصرة الارض أأقدرُ أن أحذف هذا التاريخ الدموي وأكتب تاريخي وحدي في ليلك أصرخ ياصحراءَ جدودي مبتهجا ليعمْ وديانك ِ حبي حتى ان كنت ِ ترابا ً مغسولا بدمائي أو وطنا ً من دمع يُسكب ُ فوق حجارك ِ آه أنت الاخرى أيتها الممتدة كالصرخة ياطرقي امبلجي، انبثقي في وجه قوافلك انفتحي، احترقي بشموسك أحملها أبدا ً في كفي أدلقها واحدة بعد الاخرى من اجلك فوق ظلام العالم آه، أين الانسان المطرود من الجنة هذا الجالس في مقهى العالم يصطاد الالفاظ هذا القادم من حرب خاسرة أبداً هذا الواقف عند بيوت المنفيين آهٍ أطلق صرختنا حتى إن لم يسمعها أحد في الريح حتى إن ظلت خرساء على فمك ِ الاخرس وتعال ادخل مملكتي من نافذتي المفتوحة من أجلك منذ عصور لنؤلف جيش العودة، حيث نقاتل في صف المنسيين ونبني عاصمة اخرى للعالم
0755,Christmas Carols,أهلا بيسوع (Ahla Bi Yassouh),Levantine,خلو الزينة حلوة و الألوان نجوم نجوم و تضوي وين ما كان خلو الزينة حلوة و الألوان نجوم نجوم و تضوي وين ما كان تراتيل وألحان صار الليل شموع ميلادك يسوع عم يكتب للدني حكايي أهلا بيسوع صوت الفرح مسموع ع القلوب البيضا يا زغار الكون لاقو يسوع جايي وعلى دربو صوت جراس واسع واسع قلبو لك الناس جاي جايي وعلى دربو صوت جراس واسع واسع قلبو لك الناس جاي وحبو ما ينقاس صار الليل شموع ميلادك يسوع عم يكتب للدني حكايي أهلا بيسوع صوت الفرح مسموع ع القلوب البيضا يا زغار الكون لاقو يسوع
0756,Hoda Haddad,سهرة جديدة (Sahra Jdedi),Levantine,سهرة جديدة ورقصة جديدة صداقة جديدة وعدتو جايي ومهدايي قلبي بايدي يا خوفي يا همي لو عرفوا الجيران ويقولوا لأمي كان معها سهران ويلهوني وينسوني مواعيدي وهو ناطرني ت يسهرني بليلة عيدي سهرة جديدة ورقصة جديدة صداقة جديدة وعدتو جايي ومهدايي قلبي بايدي كيف مرق علينا وصدفة ناطرين كأنو تلاقينا وحكينا من سنين كلمة ورقصة وبديت قصة من التنهيدة شي ينهدلي وشي بيقلي ضلي بعيدة سهرة جديدة ورقصة جديدة صداقة جديدة وعدتو جايي ومهدايي قلبي بايدي
0757,Hoda Haddad,قلي الهوى يا حبيبي (Qilli elhawa ya habibi),Levantine,قلي الهوى يا حبيبي كيف وانتا بعيد بيبقى الهوى يا حبيبي من دون مواعيد بيبقى الهوى بيبقى الهوى بيبقى الهوى يا حبيبي بسهر بطول الليل غني وقول نسيت بوعى من دنبي بعدك حبيبي غفيت وان خلصت المواعيد وبقيت انتا بعيد بيبقى الهوى يا حبيبي قلي الهوى يا حبيبي كيف وانتا بعيد بيبقى الهوى يا حبيبي من دون مواعيد بيبقى الهوى بيبقى الهوى بيبقى الهوى يا حبيبي ليش وانت فليت بتقول مشتقلي وصوتك تركني وليش بعدو عم يندهلي وان خلصت المواعيد وبقيت انتا بعيد بيبقى الهوى يا حبيبي قلي الهوى يا حبيبي كيف وانتا بعيد بيبقى الهوى يا حبيبي من دون مواعيد بيبقى الهوى بيبقى الهوى بيبقى الهوى يا حبيبي
0758,Christiane Najjar,يا نبع المحبة (Ya nab' al-mahabbe),Levantine,يا نبع المحبّة، وحدك ساكن قلبي لا تتخلّى عنّا، عينك ع وطنّا بالأيام الصعبة يا نبع المحبّة، وحدك ساكن قلبي لا تتخلّى عنّا، عينك ع وطنّا بالأيام الصعبة ميلادك ميلاد الخير يا نور الحقيقة مابشّرت بغير الخير وخلاص الخليقة وبشّرت بالسلام و عاداك السلام قلتلن يا ربّي دخلك سامح شعبي يا نبع المحبّة، وحدك ساكن قلبي بلادك يا فادي الكون، تقلوا كتير أحمالًا بإيدين بتكره اللون شوهوا جمالا بلادك يا فادي الكون، تقلوا كتير أحمالًا بإيدين بتكره اللون شوهوا جمالا وينك يا يسوع وطنّا موجوع وطنّا يا ربّي نسيتو المحبّة ويا نبع المحبّة، وحدك ساكن قلبي بين الخي وبين الخي بيعدن مشوار بلد الشمس وبلد المي أكلتن النار بين الخي وبين الخي بيعدن مشوار بلد الشمس وبلد المي أكلتن النار الحلا والخضار كلن صاروا غبار حبسونا بعلبي خلّصنا يا ربّي يا نبع المحبّة، وحدك ساكن قلبي يا نبع المحبّة، وحدك ساكن قلبي لا تتخلّى عنّا، عينك ع وطنّا بالأيام الصعبة يا نبع المحبّة، وحدك ساكن قلبي لا تتخلّى عنّا، عينك ع وطنّا بالأيام الصعبة
0759,Saber Al-Roubai,سيدي منصور (Sidi Mansour),Maghrebi,يا ... يا... يا يا ... يا يا ... يا ... يا ... عيوني الله الله يا بابا و السلام عليك يا بابا سيدي منصور يا بابا و نجيك نزور يا بابا الله الله يا بابا و السلام عليك يا بابا الله الله يا بابا و السلام عليك يا بابا سيدي منصور يا بابا و نجيك نزور يا بابا هاي هاي هاي أشهد بالله (يا بابا) ما عشقت سواه (يا بابا) جرح الحبيب (يا بابا) علاش صعيب (يا بابا) شحال يتيم (يا بابا) ملهوف عليك (يا بابا) و أشهد بالله (يا بابا) ما عشقت سواه و نجيك يا سيدي (و نجيك يا سيدي) بشموع في إيدي (بشموع في إيدي) و النار في قلبي (و النار في قلبي) تحرق وريدي تحرق وريدي الله الله يا بابا و السلام عليك يا بابا الله الله يا بابا و السلام عليك يا بابا سيدي منصور يا بابا و نجيك نزور يا بابا ياي ياي ياي و كحيل العين (يا بابا) حلو الخدين (يا بابا) حلو و مغرور (يا بابا) وعيونه بحور (يا بابا) و غرقت معاه (يا بابا) عذبني جفاه (يا بابا) كحيل العين (يا بابا) أخذ قلبي الى فين (يا بابا) سيدي واسيني (سيدي واسيني) إحكي و حاكيني (إحكي و حاكيني) صبّر لي حالي (صبّر لي حالي) على اللي ناسيني على اللي ناسيني الله الله يا بابا و السلام عليك يا بابا الله الله يا بابا و السلام عليك يا بابا سيدي منصور يا بابا و نجيك نزور يا بابا أشهد بالله يا بابا ما عشقت سواه يا بابا سيدي منصور يا بابا و نجيك نزور يا بابا الله الله يا بابا و السلام عليك يا بابا الله الله يا بابا و السلام عليك يا بابا سيدي منصور يا بابا و نجيك نزور يا بابا
0760,Khaled,عبد القادر (Abdelkader),Maghrebi,وعبد القادر يا بو علم ضاق الحال علي داوي حالي يا بو علم سيدي ارؤف علي اااه سيدي عبد الرحمن تدير مجهودك و تحسن و انت راجل قائم خديمك دير مزية يا سيدي بو مدين وانا في ارضك نتأمن يا سيدي بو مدين وانا في ارضك نتأمن يا سيدي الهواري سلطان غالي و اشفيني عبد الله سلطان العالي اه دعوتي القليلة يانا ذيك المبلية اااه خليتني في حيرة يانا العشرة طويلة اه يا ذاك الوالي اه اروح داوي لي حالي سيدي عبد الرحمن داوي داوي داوي
0761,Rachid Taha,يا الرايح (Ya Rayah),Maghrebi,يا رايح وين تسافر تروح تعيي وتولينى ايش حال ندموا العباد الغافلين قبلك وقبلى ايش حال شفت البلدان العامرين والبر الخالى ايش حال ضيعت اوقات وايش حال زيد ما زال تخلى يا الغايب فى بلاد الناس ايش حال تعيي ما تجرى تزيد وعد القدرة ولى الزمان وانت ما تدرى علاش قلبك حزين وعلاش هكدا كى الزوال ما تدوم الشدة ولا تزيد تعلم وتبنى ما يدومولى الايام ولا يدوم صغرك وصغرى ويا حليلو المسكين اللى غاب سعده كى زهرى يا مسافر نعطيك وصية تيجاها ع البكرى شوف ما يصلح ليك قبل ولا تبيع ولا تشرى يا النايم جانى خبرك كى ماصرالك صار لى هكدا رد القلب والجبين..سبحان العالى
0762,Souad Massi,راوي (Raoui),Maghrebi,يا راوي حكي حكاية مادابك تكون رواية حكي لي على ناس الزمان حكي لي على ألف ليلة وليلة وعلى لنجة بنت الغولة وعلى ولد السلطان حانجيتك مانجيتك دنا بعيد من هادي دنيا حاجيتك ماجيتك كل واحد منا في قلبه حكاية حكي وانسى بلي احنا كبار في بالك رانا صغار حكي لنا على الجنة حكي لنا على النار على طير عمره ما طار فهمنا معانى الدنيا يا راوي حكي كما حكوا لك ما تزيد ما نقص من عندك كاين نشفوا على بالك حكي لنسينا في هاد زمان خلينا في كان يا ما كان
0763,Salim Halali,سيدي حبيبي (Sidi H'bibi),Maghrebi,الهَيّليلة و هَيّليلي، الدار البيضاء ديالي هَيّلي هَيّلي حبيبي ديالي فين هو يا حسرة على دوك الإيام في الكوكدور ديالي هَيّلي هَيّلي حبيبي ديالي فين هو الوردة، الوردة، الوردة بالشوكة هَيّلي هَيّلي حبيبي ديالي فين هو أنا جني وجنوني على حرجان مشروكة هَيّلي هَيّلي حبيبي ديالي فين هو سيدي حبيبي؟ آهو زيني ديالي؟ آهو و غزالي مالو نساني هَيّلي هَيّلي حبيبي ديالي فين هو و جيني و يجيني ايجيني بالهمة هَيّلي هَيّلي حبيبي ديالي فين هو جيني و يجيني و يجيني بالهمة هَيّلي هَيّلي حبيبي ديالي فين هو هاتوك لعيون الكحل فرقوني على يما هَيّلي هَيّلي حبيبي ديالي فين هو سيدي حبيبي؟ آهو أنا وليدي؟ آهو و غزالي مالو نساني هَيّلي هَيّلي حبيبي ديالي فين هو أنا مريض، أنا مريض، حتى مرض ما بيا هَيّلي هَيّلي حبيبي ديالي فين هو أنا مريض، أنا مريض، حتى مرض ما بيا هَيّلي هَيّلي حبيبي ديالي فين هو تجريبة من حبيبي و يجيني يسال عليا هَيّلي هَيّلي حبيبي ديالي فين هو زيني ديالي؟ آهو ويلي ويلي؟ آهو و غزالي مالو نساني هَيّلي هَيّلي حبيبي ديالي فين هو سمية سميتي و كيسالها و كبريتي هَيّلي هَيّلي حبيبي ديالي فين هو سمية سميتي، كيسالها و كبريتي هَيّلي هَيّلي حبيبي ديالي فين هو لمحبة و بلخبر نعطيكي لي بريتي هَيّلي هَيّلي حبيبي ديالي فين هو سيدي حبيبي؟ آهو سيدي وليدي؟ آهو و غزالي فاي لنصيبو هَيّلي هَيّلي حبيبي ديالي فين هو هَيّليلة هَيّليلي، هَيّليلة و هَيّليلي هَيّلي هَيّلي حبيبي ديالي فين هو
0764,Cheb Mami,تزعزع خاطري (Tzazae Khatri),Maghrebi,[المقطع الأول] وتزعزع خاطري نص الليل و روحت شوار الي بيا آ سيادي كيفاش تميل سحرت عقلي وعينيا وتزعزع خاطري نص الليل و روحت شوار الي بيا آ سيادي كيفاش تميل سحرت عقلي وعينيا كي وصلتلها سمعت لقدام وحلّت الباب عليا كي وصلتلها سمعت لقدام وحلّت الباب عليا وحلّت الباب عليا [المقطع الثاني] ونطقت الدابلة وقالت: انعم نص الليل واش جابك ليا؟ اعذريني جابني لغرام وعند حين تبسمت ليا ونطقت الدابلة وقالت: انعم نص الليل واش جابك ليا؟ اعذريني جابني لغرام وعند حين تبسمت ليا قولتلها صاد بقات في تخمام وقالتلي يا حبيبي زيد شويا سعيدة بعيدة والكذب حرام باغي نولي لوالديا باغي نولي لوالديا [المقطع الثالث] بايت سهران ما جاني منام حتى الحال بان عليا ما يصبّرني عليك سلام نبغيك عزي تكوني حدايا بايت سهران ما جاني منام حتى الحال بان عليا ما يصبّرني عليك سلام نبغيك عزي تكوني حدايا ياك نبغيك والكذب حرام وفي كسبي غير انتيا ياك نبغيك والكذب حرام وفي كسبي وغير انتيا في كسبي وغير انتيا
0765,Inez,آه من حلاه (Ah Min Hala),Maghrebi,معذور قلبي حبك و سَلَّم ما قدر قدام عيونك يتكلم يا سلطان زماني إرحم صبية سحرها عشقك و كواها كية و على ودك ندير أنا العجب يا حبيبي و ما عندك مني فين تهرب يا حبيبي و على ودك ندير العجب يا حبيبي كلمة منك تخلي قلبي يضرب يا حبيبي و يقول آه من حلاه (آه من حلاه) آه من حلاه آه من حلاه (آه من حلاه) آه من حلاه آه من حلاه اللي ساحرني و شاغل تفكيري آه من حلاه (آه من حلاه) آه من حلاه مجبور عقلي في هواك يفكر حالي حبيبي بزاف يحير گاع الناس شافوني عرفوا ما بيا قالوا يحسن عوانك يا بنية و على ودك ندير أنا العجب يا حبيبي و ما عندك مني فين تهرب يا حبيبي و على ودك ندير العجب يا حبيبي كلمة منك تخلي قلبي يضرب يا حبيبي و يقول آه من حلاه (آه من حلاه) آه من حلاه آه من حلاه (آه من حلاه) آه من حلاه آه من حلاه اللي ساحرني و شاغل تفكيري آه من حلاه (آه من حلاه) آه من حلاه، مهما يغلى أنا قلبي مشتري آه من حلاه (آه من حلاه) آه من حلاه آه من حلاه (آه من حلاه) آه من حلاه آه من حلاه اللي ساحرني و شاغل تفكيري آه من حلاه مهما يغلى أنا قلبي مشتري
0766,Noor Arjoun,ديما ديما (Dima Dima),Maghrebi,نحلف بعرق البنّاية اللي يهبط عالحجر يذوب اللي رجليهم حفايا و اللي تعبوا مالمكتوب نحلف بيمين البحارة بالشمس، و الريح و السحاب نحلف بالموجة الغدارة لا لا على حبك ما نتوب لا لا ما نمل من صعبك عليّ نكتب اسمك بالدم في يديا نرجعلك ديما ديما ديما مهما زرعلي الشوك في الثنية مهما الأيام حبت تهرب بيا نرجعلك ديما ديما ديما و نسقي زرعك بدموع عينيا مهما خنتيني انت عزيز عليّ نحلف بايدين الفلاحة اللي تولدت في الشوك و التراب ولدت الخبز بجراحها و غلبت هالدهر الكذاب نحلف بليالي الكناسة بخدام الحزم و الحطاب ولاد المنجم و الخماسة لا لا على حبك ما نتوب لا لا ما نمل من صعبك عليّ نكتب اسمك بالدم في يديا نرجعلك ديما ديما ديما مهما زرعلي الشوك في الثنية مهما الأيام حبت تهرب بيا نرجعلك ديما ديما ديما و نسقي زرعك بدموع عينيا مهما خنتيني انت عزيز عليّ
0767,Mohamed Lamine,Wana wana,Maghrebi,"wanna wanna hobi louwel hobi lakhar entiya la3mar, wentiya cheba nebghik ou na3chak fik akthar wakthar weli t'athar fiya, ghirek ya pa. hawaste ou shafte un peu partout ou mazal malkitche wahda kima entiya l'zine ou la3kal 3aynik surtout, shabine wandoube ki norzor fik entiya wanna wanna hobi louwel hobi lakhar, ntiya la3mar, wentiya cheba, nebghik ou na3chak fik akthar wakthar,weli t'athar fiya, ghirek ya pa. ya 3adyani, takarhou wala t'habou ana nebghiha, jl'ai toujours dit madirou walou walou, tassehrou wala takatbou chada fi Rabbi, hiya li nabri m3ak 3omri a3rafte swalah kbar makountch na3rafhoum ga3e el bereh zinek, on dirait, makhdoume béla3bar djortek, djoréte khir t3ébeh wanna wanna hobi louwel hobi lakhar, ntiya la3mar, wentiya cheba, nebghik ou na3chak fik akthar wakthar,weli t'athar fiya, ghirek ya pa."
0768,Inez,غير سير (Ghir Sir),Maghrebi,أش ذنبي يانا مالي خلّيتني كِنعاني عطيتك قلبي، دخلتي حياتي وشعلتي نار، آه ياك كنتي نتا حلالي خلّيتي هادشي يسالي داكشي لي داز فعيني ضلام شحال قلت ما نگوليك لا غلطتي، نسا، غير سير غير بلا ما تولّي ليا قلبي لي كان بين يديك خبّيتي العيب لي فيك أنا لي كنت غير نية، آه شكون حاس بيا شنو بقا ليا من غير والديا الجرح لي فيا و ما داز عليا كواني كيا، آه غير سير و بلا ما تجي غير سير و بلا ما تجي يانا حياتي دابا ضحكات ليا غير سير و بلا ما تجي غير سير و بلا ما تجي يانا حياتي دابا ضحكات ليا آه، أيوا آه، أيوا آه ماشي رخيصة و يا زين راه بزاف عليك أيوا آه، أيوا آه ماشي رخيصة و يا زين راه بزاف عليك عمرك گولتي كلمة زينة عييت نكون معاك حنينة جحدي لي عندي صافي راح يا شفتي فين وصلتينا كلهم شافو كي سالينا ما على بالي، باللي راح أش ذنبي يانا أش ذنبي يانا ضاعت إيامنا يا ويل الإيام إيش ذنبي يانا إيش ذنبي يانا ضاعت إيامنا يا ويل الإيام قلبي لي كان بين يديك خبّيتي العيب لي فيك أنا لي كنت غير نية، آه شكون حاس بيا شنو بقا ليا من غير والديا غير سير و بلا ما تجي غير سير و بلا ما تجي يانا حياتي دابا ضحكات ليا غير سير و بلا ما تجي غير سير و بلا ما تجي يانا حياتي دابا ضحكات ليا آه، أيوا آه، أيوا آه ماشي رخيصة و يا زين راه بزاف عليك أيوا آه، أيوا آه ماشي رخيصة و يا زين راه بزاف عليك
0769,Khaled,أيامينة (Yamina),Maghrebi,هادا اليوم سعيد مبارك كي وافيتك آه يامينة يا تاج الخودات خبارك المرض اللي بيك هلكنا مالي طاقة عليك نشوفك ونسقسي في الناس خيانة متهول قلبي من ضرك كان المولى يقبل منا وآه وآه وآه أيامينة ما أعظم زينك يالمقلوعة آه آه آه أيامينة ما أعظم زينك آه يامينة بالحمى شهرين نودِّي حتى ذبت ذواب الملحة آآه كل ليلة ونهار ننادي مايحلاش ننام اللمحة راح الضر صفى من جسدي وربي عفا وصبت الراحة ندعي الله أنا نزوجك الشرع والحق معانا وآه وآه وآه أيامينة ما أعظم زينك يالمقلوعة آه آه آه أيامينة ما أعظم زينك آه يامينة يامينة يدك تسراحي بركاك من النقرة والغضبة يامينة برّح برّاحي بشكالك وهوى قصّابة قالت لي عييت من بالك ما تطمع في محبة فينا كيما غفر لي يغفرلك ذنوبك وذنوبي أنا وآه وآه وآه أيامينة ما أعظم زينك يالمقلوعة آه آه آه أيامينة ما أعظم زينك آه يامينة
0770,Mouh Milano,ماشافوهاش (Machafouhach),Maghrebi,"صغري جايز الزنقة نايض و لو ما نلقى ما زال, ما خلاصت الحلقة. لي ضيع هاد ال monde عند ألله الملقى گاع نروحو واحد ما يبقى. في ضلام الليل نسير navigue زماني نزدم و ندير و ندير نحقق الأماني و ال corps-ي يميل و القلب يقول واش الداني مجاهد صغير انا هكذا بابا خلاني. ماشافوهاش هذي ماشافوهاش départ صعيب و حنا zéro ماعندناش ماعاشوهاش هذي ماعاشوهاش جوز noir passe, noir مايتنساش على بالي ديفو فيا ماشي غير فيك نتي يا هذا زهري و هذا مكتوبي نايض ف la guerilla خاطيني الرومانسية و من الثقة عندي la phobie نتي يا روحي ف الأمان و أنا ف همي لاتي قراني هاذ الزمان نجري يا ماتي خلي اللي يقول, يقول الحقيقة جواتي و اللي هدرو ما شافو ما عاشو حياتي ماشافوهاش هذي ماشافوهاش départ صعيب و حنا zéro ماعندناش ماعاشوهاش هذي ماعاشوهاش جوز noir passe, noir مايتنساش رافد لي جبال محان صاحبي و نبالك فرحان المظاهر هذي خداعة ولا خلعوك ألوان الهواء و قعدة النسوان كي تفيق تتكسر لك ساعة الوقت صعيب صعيب و الدنيا غدارة و اسبع يا حليلو ولا طاح يديرو فيه الزكارة و معاك اليوم و غدوة يرموك من الطيارة اما لا زيد روح بعيد و خليك من الهدارة ماشافوهاش هذي ماشافوهاش départ صعيب و حنا zéro ماعندناش ماعاشوهاش هذي ماعاشوهاش جوز noir passe, noir مايتنساش"
0771,Khaled,قولولها تجي (Gouloulha dji),Maghrebi,قولولها تولّي، يمّا قولولها تجي قولولها تولّي راني في العداب مقواها لا تبكي تسوّد سعدها كي دّير المغبونة ماشي غاردة عيات تصبر وترد لقلبها أوها حي قولولها تولّي، يمّا قولولها تجي قولولها تولّي راني في العداب قولولها مالها، راح جاها حالها أوش تاسرالها خرجت من دارها الدنيا رواتها، الفاني فناها أوها حي باش نختيها هاداشي مُحال هي العمر، هي الأمال حبّي ليها ما ينشراش بالمال أوها حي قولولها تولّي، يمّا قولولها تجي قولولاها تولّي راني في العداب باش نختيها هاداشي محال هي العمر هي الأمال حبّي ليها ما ينشراش بالمال أوها حي قولولها تولّي، يمّا قولولها تجي قولولها تولّي راني في العداب لساني ما يقدر ينسى إسمها قلبي هو اللي ختارها وقلبي ما ينساش صورتها أوها حي قولولها تولّي، يمّا قولولها تجي قولولها تولّي راني في العداب قولولها تولّي، يمّا قولولها تجي قولولها تولّي، قولولها تجي تجي تجي قولولها تولّي قولولها تولّي
0772,Khaled,صرتلي (Sratli),Maghrebi,صِرَتلي، ما نعاودش راني حالف ما نعشقش أنا منك راني مضرور صِرَتلي، ما نعاودش راني حالف ما نعشقش أنا منك راني مضرور آه يا بنت الناس شيبتيني حسن عوني هبلتيني وصلتيني حتى L'amour يا بنت الناس شيبتيني حسن عوني هبلتيني وديتيني jusqu'à L'amour آه، كنتِ مخلطة عايطة قبالي و طاح قدري بهدلتيني درتِ فيا رايك باطول كنتِ مخلطة عايطة قبالي و طاح قدري بهدلتيني درتِ رايك فيا باطول ياك عندها طالب عفريت على بيها عشقت و قوليت لو كان مِرفِت روحي و جريت ياك عندها طالب عفريت على بيها عشقت و قوليت لو كان مِرفِت روحي و جريت ياك عندك طالب عفريت بريتيني و شيبتيني وديتيني jusqu'à L'amour ياك عندك طالب عفريت بريتيني و شيبتيني وديتيني jusqu'à L'amour يا بنت الناس شيبتيني حسن عوني هبلتيني وصلتيني jusqu'à L'amour يا بنت الناس شيبتيني حسن عوني هبلتيني وديتيني jusqu'à L'amour
0773,Najat Aatabou,هاذي كذبة باينة (Hadi Kedba Bayna),Maghrebi,هاى هاى هاى لا هاذي كذبة باينة هاى هاى هاى غير گول الحق الموت كاينة هاى هاى هاى لا هاذي كذبة باينة هاى هاى هاى غير گول الحق الموت كاينة هاى هاى هاى وحتى لين ونا معاينة غير وحدي فالدار هاى هاى هاى لا هاذي كذبة باينة هاى هاى هاى غير گول الحق الموت كاينة هاى هاى هاى لا هاذي كذبة باينة هاى هاى هاى غير گول الحق الموت كاينة هاى هاى هاى وحتى لين ونا معاينة غير وحدي فالدار شافوك الناس فالبحر مع منتوفة الشعر مع منتوفة الشعر شافوك الناس فالبحر مع منتوفة الشعر مع منتوفة الشعر حيت سولتك فين كنتي، گلتيلي فدارنا هاى هاى هاى لا هاذي كذبة باينة هاى هاى هاى غير گول الحق الموت كاينة هاى هاى هاى لا هاذي كذبة باينة هاى هاى هاى غير گول الحق الموت كاينة هاى هاى هاى وحتى لين ونا معاينة غير وحدي فالدار دوزتي ليلة في المزاح وجيتيني فالصباح وجيتيني فالصباح دوزتي ليلة في المزاح وجيتيني فالصباح وجيتيني فالصباح حيت سولتك فين كنتي، گلتي ليا فدارنا هاى هاى هاى لا هاذي كذبة باينة هاى هاى هاى غير گول الحق الموت كاينة هاى هاى هاى لا هاذي كذبة باينة هاى هاى هاى غير گول الحق الموت كاينة هاى هاى هاى وحتى لين ونا معاينة غير وحدي فالدار سمعت التيليفون وتلفتي وقدامي معاها دويتي قدامي معاها دويتي سمعت التيليفون وتلفتي وقدامي معاها دويتي قدامي معاها دويتي حيت سولتك شكون عيط، گلتي لي غير نانا هاى هاى هاى لا هاذي كذبة باينة هاى هاى هاى غير گول الحق الموت كاينة هاى هاى هاى لا هاذي كذبة باينة هاى هاى هاى غير گول الحق الموت كاينة هاى هاى هاى وحتى لين ونا معاينة غير وحدي فالدار ياك تشيكتي ليلة السبت وتخمم غير كيف تفلت غير كيف تفلت ياك تشيكتي ليلة السبت وتخمم غير كيف تفلت غير كيف تفلت حيت سولتك فين غادي، گلتي لي الاجتماع عندنا هاى هاى هاى لا هاذي كذبة باينة هاى هاى هاى غير گول الحق الموت كاينة هاى هاى هاى لا هاذي كذبة باينة هاى هاى هاى غير گول الحق الموت كاينة هاى هاى هاى وحتى لين ونا معاينة غير وحدي فالدار نهار الحد ياك عطلة وخرجتي عطول مع الطفلة خرجتي عطول مع الطفلة نهار الحد ياك عطلة وخرجتي عطول مع الطفلة خرجتي عطول مع الطفلة حيت سولتك فين غادي، گلتي لي هانا هنا هاى هاى هاى لا هاذي كذبة باينة هاى هاى هاى غير گول الحق الموت كاينة هاى هاى هاى لا هاذي كذبة باينة هاى هاى هاى غير گول الحق الموت كاينة هاى هاى هاى وحتى لين ونا معاينة غير وحدي فالدار فالريستوران تعشيتي إنت وهاد الخيتي إنت وهاد الخيتي فالريستوران تعشيتي إنت وهاد الخيتي إنت وهاد الخيتي حيت گلتك زيد تاكل، گلتي لي ضرتني السنة هاى هاى هاى لا هاذي كذبة باينة هاى هاى هاى غير گول الحق الموت كاينة هاى هاى هاى لا هاذي كذبة باينة هاى هاى هاى غير گول الحق الموت كاينة هاى هاى هاى لا هاذي كذبة باينة هاى هاى هاى غير گول الحق الموت كاينة هاى هاى هاى لا هاذي كذبة باينة هاى هاى هاى غير گول الحق الموت كاينة هاى هاى هاى وحتى لين ونا معاينة غير وحدي فالدار
0774,Samara,كذابين (Kadhabin),Maghrebi,قالو مش حاسس و إنتِ والله جملة ما تعرف قلبي حاسس راقد وجيعة في وجيعة ولي ينساك يكذب وحدو، ينسى في روحو خاطر ماعشش غدرة حبس و محنة وليعة ماعشش بعد أمي واقفة فيا تستنى إنشالله وليدي يوصل بجنبي في السويعة ماعشش بعد أمي واقفة فيا تستنى إنشالله وليدي يوصل بجنبي في السويعة الجمهور لي عطاني محبة كبيرة ساكنة في قلبي شخلى لسمر حربي مال كوبا فيكم و يحارب لا عاد خوات تتصبر توقف رُجْلة في المحنة خلي كلامي ساكت تاعبين إبعد ما نخالط كي توا درات بيا الدنيا نسوني خلوني جملة منهم غدوة وحداني عالي و مقابل عديت ليالي وحدي ساهر نحكي فحيوطي و إنتِ برى وحدك نسيتي لسمر يتقطر نعمل الي فبالي no ما عملتش بيكم الدوني و لي خترتو يجي قدامي يحكي يتفضل و البعد كلاني خلّى أمي فيا تتوحش حتى بلادي غربة تعبتني و شرطة لي تحصر و البعد كلاني خلّى أمي فيا تتوحش حتى بلادي غربة تعبتني و شرطة لي تحصر الوقت الغالي تْوِدو كان للرِجلة و العالي و الي غدرني نْقُلو سامحني إبعدني و أخطاني ما نحبش نعادي نحب نعيش راحتي في بالي و الي لعبها واقف no no يكذب ما قنعني و الي تبعني و أمن بيا أنا و كلامي قال لي غدوة إبعدني إنتِ ببعيد و بقلبو بايعني صدقني جملة تعرف شنوا مخبي من داخل ولا واحد فيكم واقف راجل و نفعني أما تأكد راني جملة no ما نسيتكم و عندي واحد بركة عليكم هو محبسني جملة تكبسني تفضل أحبسني ولا أخطاني خليني لفوق بين عبادي غادي في أصلي تأكد ما نطيحو وحدي بالويسكي الصحة و مشات و عايش بقدري لسمر كوباني، جملة ما نمسكي تأكد ما نطيحو وحدي بالويسكي الصحة و مشات و عايش بقدري لسمر كوباني، جملة ما نمسكي قالو مش حاسس و إنتِ والله جملة ما تعرف قلبي حاسس راقد وجيعة في وجيعة ولي ينساك يكذب وحدو، ينسي في روحو خاطر ماعشش غدرة حبس و محنة وليعة ماعشش بعد أمي واقفة فيا تستنى إنشالله وليدي يوصل بجنبي في السويعة ماعشش بعد أمي واقفة فيا تستنى إنشالله وليدي يوصل بجنبي في السويعة (كذابين كذابين كذابين كذابين كذابين كذابين كذابين كذابين)
0775,Nadia Ben Yousef,يا لميمه (Ya Loumima),Maghrebi,يا لميمه بقي بنتك بالسلامه سعدها ناداها للعز و الدلال خرجيها بيضه تسري كالحمامه فرشي خطوتها بالفل و الغلال ولولي يا لميمه ودعي بالتبسيمه وصليها بيدك لبيت الحلال زينيها وبها زوخي على رفاقك حصنيها بحجاب الخلق الجليل يا لميمه راهي تبكي على فراقك نشفي دمعتها عالخد لا تسيل ولولي يا لميمه ودعي بالتبسيمه و صدريها مثل النجمه مع الهلال يا لميمه بقي بنتك بالسلامه سعدها ناداها للعز و الدلال خرجيها بيضه تسري كالحمامه فرشي خطوتها بالفل و الغلال ولولي يالميمه ودعي بالتبسيمه وصليها بيدك لبيت الحلال في حياتك فرحت وقلبها تهنى وبشرت بالخطبه وزهت بالدفوع في حياتك ربطت في ايدها الحنه وزينت فرحتها بالورد و الشموع ولولي يا لميمه ودعي بالتبسيمه و العروسه ريما وعريسها غزال يا لميمه بقي بنتك بالسلامه سعدها ناداها للعز و الدلال خرجيها بيضه تسري كالحمامه فرشي خطوتها بالفل و الغلال ولولي يا لميمه ودعي بالتبسيمه وصليها بيدك لبيت الحلال وديعها ودموع الفرحه في عيانك سلميها امانه عند حسان طيبه ولطيفه نغلى من جنانك في جنان المحبوب تطير الغصان ولولي يا لميمه ودعي بالتبسيمه قدمي تعليله باسمه الرسول قال يا لميمه بقي بنتك بالسلامه سعدها ناداها للعز و الدلال خرجيها بيضه تسري كالحمامه فرشي خطوتها بالفل و الغلال ولولي يا لميمه ودعي بالتبسيمه وصليها بيدك لبيت الحلال
0776,Lynda (France),L'amour ne suffit pas (Arabic),Maghrebi,يا عينيا نيتي كانت في عشقنا لازم معاك نسيت هدرة الناس تمنيتك أنت نعيش معاك غير أنايا 1 حبي ليك فات الحدود رجعت نرقد بيك و نوض عزيز عليا في عيني عمري درت نية كنت معايا عايشني في الأوهام و أنايا 1 حسبت قصة غرام والله حرام والله حرام ضيعتي من وقتي أعوام عيبك بان كلشي فاتك اليام كملنا سلام كملنا سلام سمحني غير دير مزية وانساني لا ما نوليش معاك تاني اللي بيناتنا سي فيني سمحني غير دير مزية وانساني لا ما نوليش معاك تاني اللي بيناتنا سي فيني الزهر أنا ما عنديش في العشق أنا ما عنديش الزهر أنا ما عنديش في العشق أنا ما عنديش نهار الأول كنت تقولي نبغيك اللي تمنيتو لقيتو فيك لمن نروح أنا عمري لمن غادي نخليك حطيت قلبي، يا أنا بين يديك كنت غلطانة فيك ريحة الخداع أنايا 1 ما شميتها فيك خليتيني نغدي ونقاسي كي محبولة نجري ونسقسي تحرم نعاسي تحرم نعاسي لا ليسون معاك حفظتها مرسي خليني نقعد مع راسي ننسى ال باسي غير ننسى ال باسي سمحني غير دير مزية وانساني لا ما نوليش معاك تاني اللي بيناتنا سي فيني سمحني غير دير مزية وانساني لا ما نوليش معاك تاني اللي بيناتنا سي فيني الزهر أنا ما عنديش في العشق أنا ما عنديش الزهر أنا ما عنديش في العشق أنا ما عنديش سمحني غير دير مزية وانساني لا ما نوليش معاك تاني اللي بيناتنا سي فيني سمحني غير دير مزية وانساني لا ما نوليش معاك تاني اللي بيناتنا سي فيني الزهر أنا ما عنديش 1. a. b. c. لفظة في الدارجة المغاربية بمعني أنا
0777,Ouidad,كازا - Casa (Arabic Version),Maghrebi,هاني واقفة وسط البحر سفينة غادة وما كنهذر بيناتنا الموج الحنّا في يدي، واش غادي نرتاح؟ بيها بيغت نداوي الجراح واش الوقت غايدوز؟ وخا خَصني نمشي نولي شنو أنا بغيت خليني نهديك شوية مني شجر الزيتون، نلعبوا جنب الواد ونطيحوا في كازا في أي مكان، وأي زمان تلقى ديما معايا ريحة البلاد آجي ننساو ونطلعوا للجبال ونباتوا في القصبة كاملين عندنا حكاية اللي عندها بداية جيت وحيدة لبلاد هاذ الناس الغربة صعيبة وما كاين باس غانكتب صفاحي جديدة كاتبان ليا شميسة وسط الظلام أي حاجة بيها كنحلم ما بقات بعيدة وخا خَصني نمشي نولي شنو أنا بغيت خليني نهديك شوية مني شجر الزيتون، نلعبوا جنب الواد ونطيحوا في كازا في أي مكان، وأي زمان تلقى ديما معايا ريحة البلاد آجي ننساو ونطلعوا للجبال ونباتوا في القصبة كاملين عندنا حكاية اللي عندها بداية كلنا عندنا حكاية اللي عندها بداية
0778,Algerian Patriotic Songs,من أجلك عشنا يا وطني (Min 'ajlik Eishna Ya Watani),Maghrebi,من أجلك عشنا يا وطني نفدي بالروح أراضينا قد كنا أمس عمالقة في الحرب نٌذّل أعادينا وإنا اليوم عمالقة في السلم حماة مبادينا من أجلك يآ من أجلك يآ يآ وطـــني أبطالا كنا لا نرضى غير الأمجاد تحيينا نزهو بالماضي في ثقة والحاضر يعلو ماضينا فجرنا الثورة من أزل سجّل يا دهر معالينا والنصر الأكبر كان لنا مجدا من صنع أيادينا من أجلك يآ من أجلك يآ يآ وطـــني جيش التحرير و جبهته كانا ضوأين بداجينا قالا:في البدء كرامتنا والشعب يسود هنا فينا خيرات الشعب نقسمها فينا بالعدل موازينا والدعم المطلق نبذله للشعب الرافض تدجينا من أجلك يآ من أجلك يآ يآ وطـــني يا سائلعُرب منبتنا دين الإسلام يؤاخينا هامات المجد مرابعنا و الله الحافظ يحمينا يا سائل..عُرب منبتنا دين الإسلام يؤاخينا هامات المجد مرابعنا و الله الحافظ يحمينا من أجلك يآ من أجلك يآ يآ وطـــني من أجلك عشنا يا وطني نفدي بالروح أراضينا وإنا اليوم عمالقة في السلم حماة مبادينا
0779,Arabic Children's Songs,آرام سام سام (Aram Sam Sam),Maghrebi,آرام سام سام آرام سام سام قولي قولي قولي قولي قولي رام سام سام آرام سام سام آرام سام سام قولي قولي قولي قولي قولي رام سام سام الرفيق الرفيق قولي قولي قولي قولي قولي رام سام سام الرفيق الرفيق قولي قولي قولي قولي قولي رام سام سام
0780,Ahmed Soultan,بنت ناس (Bent Nass),Maghrebi,عاقلي معاك يا بنت النااس و ماخليت ما درت باش ننساك يا بنت النااس ملي كانسترجع دوك الليام لي دوزناا كانگول كيف ندير باش نداوي الجرح لي فيا و غادي مجلي كانقلب فين نسي راسي و غادي مجلي و انا غادي (x2) هااا واش من عيب لي فيااا هااا و باش غيرتيني اناا هااا واش من عيب لي فياا هااا واشنو الفرق لي باناتنااا توحشت صوتك يا بنت النااس و شحال تمنيت نصلح الاغلاط لي درت معاك ملي كانسترجع دوك الليام لي دوزنا كانگول كيف ندير باش نداوي الجرح لي فياا و غادي مجلي كانقلب فين نسي راسي و غادي مجلي و انا غادي (x2) هااا واش من عيب لي فيااا هااا و باش غيرتيني اناا هااا واش من عيب لي فياا هااا واشنو الفرق لي باناتنااا (x3)
0781,Humood AlKhudher,هنا (Hena),Maghrebi,"شكون منا.. ما تمنّى الوقت يرجع بيه تاني لذكريات و فرحة كانت ضاعت منا ما لقيناها كنت طير.. كنت غير راسي خاوي وبالي هاني كنا صغار والدنيا كانت ضاحكة لينا ماشي علينا كبرنا لقينا الهموم كبرت فينا سافرت الأيام بينا وبقات الأشواق هنا ..هنا.. هنا في قلوبنا تغني ""بام با رام"" تحيي الماضي فينا ""بام با رام"" البال مهنّي ""بام با رام"" الأيام الزينة هنا في قلوبنا تغني ""بام با رام"" تحيي الماضي فينا ""بام با رام"" البال مهنّي ""بام با رام"" الأيام الزينة الأيام الزينة الأيام الزينة الأيام الزينة صحاب سنين.. راحوا فين؟ عشت أحلى أيام معاهم باقية صورتهم في عيني عمري ما ننساهم أنا ومن اللي ننجح.. وميمتي تفرح تدعي والدمعة في عينيها غاليين دموعك يساووا الدنيا عندي باللي فيها كبرنا لقينا الهموم كبرت فينا سافرت الأيام بينا وبقات الأشواق هنا.. هنا.. هنا في قلوبنا تغني ""بام با رام"" تحيي الماضي فينا ""بام با رام"" البال مهنّي ""بام با رام"" الأيام الزينة هنا في قلوبنا تغني ""بام با رام"" تحيي الماضي فينا ""بام با رام"" البال مهنّي ""بام با رام"" الأيام الزينة عشنا حكايات وما زال غنعيشوا حكايات ما دمنا باقي في الحياة عمره ما يموت فينا الأمل أرواحنا شابة وديما عنوانها المحبة مهما كانت الدنيا صعبة ليها عندنا ألف حل وخّا كبرنا لقينا الهموم كبرت فينا سافرت الأيام بينا وبقات الأشواق هنا.. هنا.. هنا في قلوبنا تغني ""بام با رام"" تحيي الماضي فينا ""بام با رام"" البال مهنّي ""بام با رام"" الأيام الزينة هنا في قلوبنا تغني ""بام با رام"" تحيي الماضي فينا ""بام با رام"" البال مهنّي ""بام با رام"""
0782,Dahmane El Harrachi,إلا كانك عوام (Ila Kanek Aouam),Maghrebi,إلا كانك عوام… ساعف الموجة في البحر وساعف الزمان… العام فيه اثناعش شهر إلا كانك عوام… ساعف الموجة في البحر وساعف الزمان… العام فيه اثناعش شهر شي ظاهر يا إنسان… ما يفريها غير الصبر شي ظاهر يا إنسان… ما يفريها غير الصبر خذ ماعطاك الرحمان… وأطلب الصحة والستر مكسي ولا عريان… أمرفه ولا بالفقر أصبر على المحان… خذ ما عطاك السعد والزهر واش قالو ناس زمان… الحق لازملو ينذكر اجعل روحك حمام… لي طابو احجارو على الجمر ولا اجعل روحك في منام… زاهي وضاوي عليك القمر كون فاهم يا إنسان… اللهم هذا ولا أكثر كون فاهم يا إنسان… اللهم هذا ولا أكثر إلا كانك عوام… ساعف الموجة في البحر وساعف الزمان… العام فيه اثناعش شهر إلا كانك عوام… ساعف الموجة في البحر وساعف الزمان… العام فيه اثناعش شهر شي ظاهر يا إنسان… ما يفريها غير الصبر شي ظاهر يا إنسان… ما يفريها غير الصبر قبلك فاتو شبان… كي بحالك وقالو أكثر انت همك وين يبان… يا الغافل ما جبتشي خبر القلق من الشيطان… والميزان يمشي بالعبر ولا قلبو شبعان… عاطي الدنيا بالظهر اجعل روحك أجنان… عطشان يستنى في المطر ولا اجعل روحك سلطان… ساكن في سرايا وفي قصر كون عاقل يا إنسان… كاين لي مسكين ما فطر كون عاقل يا إنسان… كاين لي مسكين ما فطر إلا كانك عوام… ساعف الموجة في البحر وساعف الزمان… العام فيه اثناعش شهر إلا كانك عوام… ساعف الموجة في البحر وساعف الزمان… العام فيه اثناعش شهر شي ظاهر يا إنسان… ما يفريها غير الصبر شي ظاهر يا إنسان… ما يفريها غير الصبر يا الغافل رد البال… كي تستر روحك تنستر اسمع لهاذ الفال… بركة زيادة في العمر الحرام ما يكون حلال… دين الله يا أخي جهر كل واحد واش يسال… في نفسو بلاك ينضعر اجعل روحك برهان… بالسعادة والحمد والشكر ولا اجعل روحك فرحان… في بابور ماشي للسفر كون صابر يا إنسان… كاين لي مسكين ما فطر كون صابر يا إنسان… كاين لي مسكين ما فطر إلا كانك عوام… ساعف الموجة في البحر وساعف الزمان… العام فيه اثناعش شهر إلا كانك عوام… ساعف الموجة في البحر وساعف الزمان… العام فيه اثناعش شهر شي ظاهر يا إنسان… ما يفريها غير الصبر شي ظاهر يا إنسان… ما يفريها غير الصبر إلا كانك عوام… ساعف الموجة في البحر وساعف الزمان… العام فيه اثناعش شهر إلا كانك عوام… ساعف الموجة في البحر وساعف الزمان… العام فيه اثناعش شهر شي ظاهر يا إنسان… ما يفريها غير الصبر شي ظاهر يا إنسان… ما يفريها غير الصبر
0783,Dystinct,شاكو ماكو (Shako Mako),Maghrebi,شاكو ماكو ماكو شاكو ماكو ماكو شاكو ماكو ماكو شاكو ماكو ماكو مالادي مال هادي مشاكل ويلي جاوبني شاكو شاكو ماكو شلونك حبيبي شاكو شاكو ماكو جاوبني جاوبني شاكو شاكو ماكو شلونك حبيبي شاكو شاكو ماكو جاوبني جاوبني شاكو كلش فيك يهبّل عليك ما نتبدّل ياريت حبّنا يطوّل نتيا حبي الأول جمالك إنتِ أعجوبة واحد ما في منك (يعني) إنتِ عندي محبوبه زينك يغيروا منك مالادي مال هادي مشاكل ويلي جاوبني شاكو شاكو ماكو شلونك حبيبي شاكو شاكو ماكو جاوبني جاوبني شاكو شاكو ماكو شلونك حبيبي شاكو شاكو ماكو جاوبني جاوبني شاكو شاكو ماكو ماكو شاكو ماكو ماكو شاكو ماكو ماكو شاكو ماكو ماكو شاكو ماكو ماكو شاكو ماكو ماكو شاكو ماكو ماكو شاكو ماكو ماكو شاكو شاكو ماكو شلونك حبيبي شاكو شاكو ماكو جاوبني جاوبني شاكو شاكو ماكو شلونك حبيبي شاكو شاكو ماكو جاوبني جاوبني شاكو شاكو شاكو
0784,Amine (France),فينك (Finiki),Maghrebi,Oh...! Raï Raï Music… Oh! Oh! مالي عرفتك هاد نهار البسمة جات من قلبي وحياتي مابين ايدي بغيت الي قمار في عينك مالي شوفتك هاد نهار الفرحة سكنت في قلبي كيف وردة حياتي لاغنية راي  لي بش عرفتيني راي راي: لي في حياتي راي راي: لي في قلبي راي راي: لي حسدتي لي بعدك مني راي راي: لي فرقك مني فينيك يا فينيك يا فينيك يا عمري شحال قلبت عليك وين وين هغيبتي مابين راي وينتي انا ما فرقش غير غير عندي يا عمري فينيك يا فينيك يا فينيك يا عمري هد الغياب لي حطمني يا حلم ايامي مابين راي وانتي مهني غير سمحيلي لا لا ماتخافيش يا عمري غلقتي الباب وخليتني من وجهيك وحبيك شحال تواهشتيك يا عمري ما عندي ولي من لحن لي عندي وحمد ربي ربي العالي انا نبغيك وبغيتني انتي زوجتي في حياتي من خليك غير فهمي غير سمحلي انا نحبيك كيف اول لي نهار الي عرفتك يا عمري وهد نهار شوفتك وهد نهار بغيتك وهد نهار تمنيت العيشة بيك (x3) وهد نهار شوفتك وهد نهار بغيتك تمنيت العيشة بيك يا عمري
0785,Unknown Artist (Arabic),المرحوم (Lmarhoum),Maghrebi,جامي ننساك يالمرحوم ياللي قلوبنا حزينة عليك إنشالله الرحمة عليك تدوم و في قبرك تنور ليك صورتك ديما تبقى في البال حاضرة معانا ساكنة في القلوب و اليوم و فالك الأجال مكتوب ربي ما منو هروب مكتوب ربي ما منو هروب الله يرحم موتانا لي البارح كانوا معانا و تصبر الي عانى دموع الحنانة الله يرحم موتانا لي البارح كانوا معانا و تصبر الي عانى دموع الحنانة خاطر لُميمة ما مِهَنّي كي تتفكر ديك النظرة في خيالها ذكريات تحيي راجية العالي يصبرها ما أحلي Des Moments دازو معاك يالبارح كنت نبوج حداك و اليوم ندعي و نتمني يكون مقامك فالجنة يكون مقامك فالجنة الله يرحم موتانا لي البارح كانوا معانا و تصبر الي عانى دموع الحنانة الله يرحم موتانا لي البارح كانوا معانا و تصبر الي عانى دموع الحنانة
0786,Rym,ميدالية (Midaliya),Maghrebi,في حبي أنانية، وخصني ميدالية على l′courage اللي فيا، اللي ديالي، ديالي إنسانة عادية، خاصني اللي يداوي باغة ولد بلادي، أوا يكون سندي وما يفرط فيا ويتفكر عيد ميلادي ويكون يغير شوية من خوفو عادي شكلي زوتها شوي هدا حلم ينادي همم، هدا رجل متالي يا اللي عاشقني، يا لا، لا-لا-لا-لا-لا-لا يا اللي مخبلني، يا لا، لا-لا-لا-لا-لا-لا-لا يا اللي عاشقني، لا، لا-لا-لا-لا-لا-لا يا اللي مخبلني، ها لا، لا-لا-لا-لا-لا-لا-لا-لا غاندير عقلي ونتبت، الزين ما كافيش ما بغيتش وحد يعدب ولا دمو خفيف غاندير جهدي ونتوكل، الزين ما كافيش بغيت غي واحد مأدب وزيو ما فيش شكون ڭال راه غانتزوج اليوم عرسي باغة نعيش معاه ونفوج، فهمومي ينسيني إيشيلني فعيونو وڭلبو يلين يا مّا فرحي، آخ دانا جايبة عريس يا اللي عاشقني، يا لا، لا-لا-لا-لا-لا-لا يا اللي مخبلني، يا لا، لا-لا-لا-لا-لا-لا-لا يا اللي عاشقني، لا، لا-لا-لا-لا-لا-لا يا اللي مخبلني، ها لا، لا-لا-لا-لا-لا-لا-لا-لا الصلاة والسلام على رسول الله الصلاة والسلام على رسول الله
0787,Lotfi DK,عمي تبون (Aami Teboune),Maghrebi,"يا عمي تبون ـles jeunes راهي قاعدة تموت ـles jeunes راهي فالبحور كل حراڨة في بابور مالا ڨل لعمك تبون ـles jeunes راهي قاعدة تموت بالبيضة 1 مونامور، يا مونامور، يا مونامور (x2) بلادي في بالي علابالي هبالي 'لي بلاني عنبالي عدابي واعبائي في عباد الي باغية اعدامي عدّيت اعدائي بأعمالي وعدد مالي جامي عماني علامي راهُ عالي فالاعلالي على ذيك نعادي 'لي يعاديه كثرة الغبينة طغينا الغيبة والغيرة مابغينا الخيبة والوخيدة تغيضنا بلادنا خيرها في غيرها درك يونامار الدعوة شاعلة النار مورال تاع الشبيبة راه طايح اكثر مالدينار اسمعني بيا، يا تبون في كل ليلة قتيلة تقيلة تبكّينا كل يوم فالكارتيي كَل 'لي كَل الكيلة وكمية تكيلة 2 كنا تكوينة تكلّينا تدڨّينا بكية وبالڨرينة كنت تبلوكينا تبكّينا بـles clowns كما بن ڨرينة يا تبون الناس تيلمو هربوا حرقوا العامة دة اليوم باربس 3 راهي ولّات كارتيي تابع لعنّابة ودرك ماكرون راهُ مبريز و Le Pen راهي بالَّكريز اخاطك les algériens مستعمر الشوارع تاع باريز عمي تبون ـles jeunes راهي قاعدة تموت ـles jeunes راهي فالبحور كل حراڨة في بابور مالا ڨل لعمك تبون ـles jeunes راهي قاعدة تموت بالبيضة مونامور، يا مونامور، يا مونامور (x2) ـEn tous cas بلادنا باينة طريڨها مريضة ومريڨلة درك باهتك اهُ دارو لك تريكة، proca, الَكوك و Lyrica كاينين كلمات راهم يديروا les cas راهم يبانوا ضربات بـLFM PK راك ديما تلڨى ذيكَ لابريڨاد كيما السيسي دار لأبو تريكة الشعب راه تكلّح الظلم متسرح وتسلّح حتى الامام ضارب بالنّح المهم صلّي، صُم وسبّح فالساحة، الطالب صوته حح داير اضراب مش مسامح حشو الاعلام من تحت لتحت غير فالتفاهة 'لي ينبح مايحكيش عالاعتقال، الاحتقان والاحتقار عاللي قام بانتقاد ولّا قال في مقال العقاب للعقال والانتقام باتقان وما بقى الحق يتقال سينو تلقاك غير الطلقات ما تقولِش بلّي ڨاع les jeunes اهم كرهوا القعدة فالقهاوي ما تقولِش بلّي مام 'لي يخدم شهريته مابقاتش تلاوي ما تقولِش كلش غالي كاوي ما تقولِش جيب خالي خاوي ما تقولِش البلاد تعاني سينو يقولو خاين عميل يا تبون، يالرئيس بلادنا وقدرها عزيز ماتحركني الامارات مايحركني محمد سيس ونزيد، بلاك نسيت حنايا عرب وامازيغ وڨفنا ضد العصابة ملّي كنت انت وزير عمي تبون ـles jeunes راهي قاعدة تموت ـles jeunes راهي فالبحور كل حراڨة في بابور مالا ڨل لعمك تبون ـles jeunes راهي قاعدة تموت بالبيضة مونامور، يا مونامور، يا مونامور (x2) شوف ـtroisième couplet كانك درّي غير كوبي كلّه كامل بوليتيك انا ماذابيك غير تبلوكي النظام حيديكوديه يكودي مام يديكوتي عن باله كلما يجينا الڥوط الشعب كل حيبويكوتي زيد راني مشوكي الانتخابات اهم مكشوفين الحاكم بين الشرطي جاب نتائج كلها مشكوكين شوفوا النسخ المنشوفي ونشعل وش كان في شوفي نشهد كِالشعب كلنا شفنا النشافة 'لي نشرها الشرفي زيد بان الڥيس شكون 'لي دار البينيفيس هاو من نهار 'لي بان الفيس 4 حتى نداروا بن فليس هذ البلاد راهي بلّع فيس سياستها في افلاس منهار مات الدّا الحسين اهم دفنوا معاه الـFFS زيد يا تبون الجيش تاعنا راه محبوب كرهنا غير صحاب النفوذ يعفس بڨراده باش يفوت مشاكلنا تاع اليوم مش غير زطلة والحبوب كاينة حفتر، ليبيا، المالي وزيد ڥاڨنر 'لي فالحدود يا تبون بلادنا كبيرة شابة زينة وعروسة مافهمناش وعلاش الشعب ديما في وجه معكوسة كيما ڨلتها فالحصة تبون : Je n'irais pas à Canossa البلاد ولّات كوزا نوسترا مافيا أكثر مالياكوزا عمي تبون ـles jeunes راهي قاعدة تموت ـles jeunes راهي فالبحور كل حراڨة في بابور مالا ڨل لعمك تبون ـles jeunes راهي قاعدة تموت بالبيضة مونامور، يا مونامور، يا مونامور (x2) 1. مخدرات وكحول 2. كحول ومخدرات 3. حومة في باريس 4. FIS"
0788,Jaylann,ها وليدي (Ha Wleidi),Maghrebi,نموت على بلادي ووالديا (ها وليدي) نجمة فسمانا راية مغربية (ها وليدي) جمعت الخير براد وصينية (ها وليدي) وعطيني الكأس نهزو بيديا يا فخاطر اللي حاس فقلبه علينا كيا (ها وليدي) راها ديالنا صحرا مغربية (ها وليدي) يا فين ما مشينا يفرحو بيك وبيا (ها وليدي) آه ها وليدي (ها وليدي) يا تلقوا الخيل يجري غادين بيها من بكري غنعودو حالة، رباط كازا دكالة هادي ل هادي وهادا خمسة ف عينين الحسادة وحنا هازين بالعَلم وإلا خابت دابا تزيان قفطان جلابة من غيري أنا ماجا قولو لي إييه إييه إييه إييه أياو ما قالو فينا وما صوروا والو حنايا الأصل ما بانوا، ولاد الخير إييه إييه إييه إييه من عند ربي we got the power men and rebi we got the power عليها ديما كتشوفنا higher واللي ما بغانا يبات مغاير خمسة وخميس علينا نموت على بلادي ووالديا (ها وليدي) نجمة فسمانا راية مغربية (ها وليدي) جمعت الخير براد وصينية (ها وليدي) وعطيني الكأس نهزو بيديا يا فخاطر اللي حاس فقلبه علينا كيا (ها وليدي) راها ديالنا صحرا مغربية (ها وليدي) يا فين ما مشينا يفرحو بيك وبيا (ها وليدي) آه ها وليدي (ها وليدي) يا تلقوا الخيل يجري غادين بيها من بكري غنعودو حالة، رباط كازا دكالة هادي ل هادي وهادا خمسة ف عينين الحسادة وحنا هازين بالعَلم وإلا خابت دابا تزيان
0789,Sultanies Band,يا لميمه (Ya Loumima),Maghrebi,يا لميمه بقي بنتك بالسلامه سعدها ناداها للعز و الدلال خرجيها بيضه تسري كالحمامه فرشي خطوتها بالفل و الغلال ولولي يا لميمه ودعي بالتبسيمه وصليها بيدك لبيت الحلال زينيها وبها زوخي على رفاقك حصنيها بحجاب الخلق الجليل يا لميمه راهي تبكي على فراقك ونشفي دمعتها عالخد لا تسيل ولولي يا لميمه ودعي بالتبسيمه و صدريها مثل النجمه على الهلال يا لميمه بقي بنتك بالسلامه سعدها ناداها للعز و الدلال خرجيها بيضه تسري كالحمامه فرشي خطوتها بالفل و الغلال ولولي يالميمه ودعي بالتبسيمه وصليها بيدك لبيت الحلال في حياتك فرحت وقلبها تهنى وبشرت بالخطبه وزهت بالدفوع في حياتك ربطت في ايدها الحنه وزينت فرحتها بالورد و الشموع ولولي يا لميمه ودعي بالتبسيمه و العروسه ريما وعريسها غزال يا لميمه بقي بنتك بالسلامه سعدها ناداها للعز و الدلال خرجيها بيضه تسري كالحمامه فرشي خطوتها بالفل و الغلال ولولي يا لميمه ودعي بالتبسيمه وصليها بيدك لبيت الحلال وديعها ودموع الفرحه في عيانك سلميها امانه عند حسان طيبه ولطيفه نغلى من جنانك في جنان المحبوب يطير الغصان ولولي يا لميمه ودعي بالتبسيمه قدمي تعليل باسمه الرسول قال يا لميمه بقي بنتك بالسلامه سعدها ناداها للعز و الدلال خرجيها بيضه تسري كالحمامه فرشي خطوتها بالفل و الغلال ولولي يا لميمه ودعي بالتبسيمه وصليها بيدك لبيت الحلال
0790,Ghalia Benali,لاموني اللي غاروا مني (Lamouni Elly Gharou Menni),Maghrebi,لاموني اللى غاروا منى قالوا  لى اش عجبك فيها جاوبت اللى جهلوا فنى خدوا عينى شوفوا بيها أنا فى عينيها آدم وهى فى عينيا حوا قالوا لى علاش تعشق خادم قلت لهم يزيو مالدوة سمرا نبيع عليها العالم والعالم كله شاهيها هالطفلة اللى غرتوا منها وحبتونى بأش نخطاها ما ننجمش نبعد عنها وانا كالحوتة فى ماها مسحور وعاشق فى بدنها مفتون بغزرة عينيها يا ناس آش تحبوا منى غيرتوا من السر الربانى فنية عشقت فى فنى وانا اللى عاشقها فانى طول حياتى عليها نغنى وفنى وشعرى كله ليها
0791,Maya Diab,قولي (Golli),Maghrebi,لو كنت تحس بقلبي وتعرف اشنو مخبي اه مدرليش هكا لاتخلينيش هاكا لو كنت تشوف حالتي من دونك ملي غبتي مدرليش هكا لاتخلينيش هاكا ولا ليلة ولا ليلة ولا يوم غير جاوبني قلبي وعيني ما شافو نوم آه قولي قولي قولي قولي بغيت منك غي كلمة ولا ليلة ولا ليلة ولا يوم غير جاوبني قلبي وعيني ما شافو نوم آه قولي قولي قولي قولي بغيت منك غي كلمة اوه وبغيت منك غي كلمة اوه وبغيت منك غي كلمة فراقك ما كانش في بالي صورتك ديما ف خيالي ما بقيت انا صابرا شوفة منك نبرا باغياك تكون بجنبي انت روحي ونور قلبي ما بقيت انا صابرا شوفة منك نبرا ولا ليلة ولا ليلة ولا يوم غير جاوبني قلبي وعيني ما شافوا نوم آه قولي قولي قولي قولي بغيت منك غي كلمة ولا ليلة ولا ليلة ولا يوم غير جاوبني قلبي وعيني ما شافوا نوم آه قولي قولي قولي قولي بغيت منك غي كلمة اوه وبغيت منك غي كلمة اوه وبغيت منك غي كلمة لو كنت تحس بقلبي وتعرف اشنو مخبي اه مدرليش هكا لاتخلينيش هاكا لو كنت تشوف حالتي من دونك ملي غبتي مدرليش هكا لاتخلينيش هاكا ولا ليلة ولا ليلة ولا يوم غير جاوبني قلبي وعيني ما شافوا نوم آه قولي قولي قولي قولي بغيت منك غي كلمة ولا ليلة ولا ليلة ولا يوم غير جاوبني قلبي وعيني ما شافوا نوم آه قولي قولي قولي قولي بغيت منك غي كلمة اوه وبغيت منك غي كلمة اوه وبغيت منك غي كلمة
0792,Cowboy Bebop (OST),حمدوش (Hamduche),Maghrebi,مولانا و با و يا سيدي آه بابا ... و يربح من صلى على النبي و يا بابا و يا سيدي قاري و على الله تعالى دنيا غرارة و يانا دنيا غرارة آه يا بابا سيدي نبكي و ننادي واه يالولي عليك رميت العار، ها يا مولى لمّان آه با و با، ها كيف جرالي ويّا لولي طيحتيني عاري عليك ها بابا يا بابا لحبيب الله مولانا و يا بابا
0793,Oualid,لي قالوا (Li Galou),Maghrebi,حبك معذبني وقلبي سباب العذاب وشكون يفهمني؟ غير اللي كتاب المكتاب زيدي قلبي، زيديه نستاهل أنا ڭاع اللي فيا درتيه مازال نبغيك أنا واخا دموعي اللي سالوا خلي اللي ڨالوا اللي ڨالوا ما عرفت ڨلبي أنا مالو ما زال نبغيك أنا واخا دموعي اللي سالوا خلي اللي ڨالوا اللي ڨالوا ما عرفت ڨلبي أنا مالو ما زال نبغيك أنا حتى في ظلام الليل غادي في طريقي ماشي ڨلبي باكي وراشي، غارق في المشاكل غلطة عمري انتي اللي عليا أنا محسوبة راه الكبدة مضروبة ما لقيت أنا تاويل واخا دموعي اللي سالوا خلي اللي ڨالوا اللي ڨالوا ما عرفت ڨلبي أنا مالو ما زال نبغيك أنا واخا دموعي اللي سالوا خلي اللي ڨالوا اللي ڨالوا ما عرفت ڨلبي أنا مالو ما زال نبغيك أنا شحال تمنيت نبدا في حب جديد نمشي لبعد لبعيد ننسى ڭاع اللي كان بالحق عييت راني ويت مريض ما بقالي فين نزيد تقفلوا ڭاع البيبان حبك معذبني وقلبي سباب العذاب وشكون يفهمني؟ غير اللي كتاب المكتاب زيدي قلبي، زيديه نستاهل أنا ڭاع اللي فيا درتيه مازال نبغيك أنا واخا دموعي اللي سالوا خلي اللي ڨالوا اللي ڨالوا ما عرفت ڨلبي أنا مالو ما زال نبغيك أنا واخا دموعي اللي سالوا خلي اللي ڨالوا اللي ڨالوا ما عرفت ڨلبي أنا مالو ما زال نبغيك أنا
0794,Hameed Al-Shaery,وين أيامك وين (Wein Ayamak Wein),Maghrebi,يالالالي يالالالي يالالالي يالالالي يالالالي يالالالي يالالالي يالالالي وين أيامك وين يا غايب عن العين وين أيامك وين يا غايب عن العين قلبي عاش حزين والله عاش حزين في بعادك يا زين وين وين وين أيامك وين يا غايب عن العين وين أيامك وين يا غايب عن العين يالالالي يالالالي يالالالي يالالالي يالالالي يالالالي يالالالي يالالالي حبيتك يا غالي وسهرت الليالي حبيتك يا غالي وسهرت الليالي قلت وين تجيني وترجع حنيني وتجمع قلبين وين وين وين أيامك وين يا غايب عن العين وين أيامك وين يا غايب عن العين يالالالي يالالالي يالالالي يالالالي يالالالي يالالالي يالالالي يالالالي تتذكر يا غالي ايام مرت وليالي تتذكر يا غالي ايام مرت وليالي ماشاف انشواري ماشاف انشواري غيرنا احنا الاتنين وين وين وين أيامك وين يا غايب عن العين وين أيامك وين يا غايب عن العين وين أيامك وين يا غايب عن العين وين أيامك وين يا غايب عن العين قلبي عاش حزين والله عاش حزين في بعادك يا زين وين وين وين أيامك وين يا غايب عن العين وين أيامك وين يا غايب عن العين يالالالي يالالالي يالالالي يالالالي يالالالي يالالالي يالالالي يالالالي
0795,Salma Rachid,دارهالي ݣلبي (Darhali Galbi),Maghrebi,تايهة فصحاري وندور نعيا مانسساه ونقول صافي نسيتو وفلحظة ݣلبي فكرني فيه ايا ݣلبي مالك واش غير حالك تبدلتي عليا ومابقيتشي عارفاك دارهالي ݣلبي ݣلبي ݣلبي ݣلبي ݣلبي ݣلبي ݣلبي خيالو ديما تابعني عنداك اݣلبي تبيعني غير زيد معايا وتبعني معندك مناش تخاف شد بلاصتك فين غادي واعتابرو واحد عادي بكلامي ما انت راضي ولا تقادو لكتاف
0796,Algerian Folk,حوز مالطة (Houz Malta),Maghrebi,انا في حياتي كسبت قيراط 1 وكلامي جبتو رباعي (x2) قداش من واحد اعطاه الله اوعدّي ويقول عندي دراعي (x2) عندي دراعي (x2) قرصاني غنّم جاب علجات خواص من حوز مالطة الكل عازبات سلموا كياقوتات قرصاني علّم فوق يمِّين، مالي معلم بالشطة مصنوع من الوريق والجماد والتقات مكمول مسقم ليه ثلث سواري في الموج سابطة ستاش من القلوع وشرايطها تنجات في الموج يقسم من ظريفة قلّع والقوم ناشطة مهما قبّل جدارها القلوعة ترَسَت الرايس ناجم حقّ بالرّملية، بوصلة وكارطة في قلب القامرة مقيّد يدري الاوقات اذا يتنعم ألفين من البحرية لِه شارطة يوم الحشر الكبير، المحاصي ومرايات الكور تكلم فعفع المداين، الجبال والوطى خرب مدينة مالطة، بالقهر توَطت اسطاعت العجم جات الهدية من البنات هابطة رضَوا الغلب، سلموا وغنمنا البنات رجع يتحيلم رايس البحرية والقوم ناشطة عن خُزيرات، سرّح قلوعه ليس يبات في جناح السلام سار في حاله للمرسى الباسطة رباط الفتح، هكذا جابوا في السورات هبطوا العوارم كل واحدة تمشي مشية مرهطة من سموم جراحي صرت نوصّف في الخودات سبقت بمريم طاهرة وفضيلة بمسوك ماشطة صرت نفرق في التبر على كل انعات بالله يا لايم كف لومك واصغَ للرحمة الباسطة تروى الابيات كيف قومان اخرين روَت من ليلك ترقم اذا فهمتِ قرصاني دون فالطة سال وسقسي، في وطن البهجة الدُّهاة اسمي مترسم حا وميمين، الدال لا غطى لامين وحا مع الواو يا فاهم الابيات تمثيل الخاتم صنت ذي الحلة بكساوي معطرة بطبايعها تحيروا قومان الدعوات قرصاني غنّم جاب علجات خواص من حوز مالطة الكل عازبات سلموا كياقوتات 1. عملة قديمة
0797,Hameed Al-Shaery,دلوني (Deloney),Maghrebi,خطوة قلبي إحتارت في دروب المشوار طالع فجري الصامت و أنا ليّاليّا نهار عينه عينه قالت ضيا عيوني وينه وينه دلوني دلوني (دلوني) (8×) راسم قلبي طيوري و بَخَطِّي الأسوار بادر عمري زهوري مش يطرح صَبّار عينه عينه قالت ضيا عيوني وينه وينه دلوني دلوني (دلوني) (8×) جايب ضيّ صباحي شمس و نجمة و دار تطفي الجنة رياحي و ألقى سنيني في نار عينه عينه قالت ضيا عيوني وينه وينه دلوني دلوني (دلوني) (8×) لو في عيونِك كوني نهدم كل محال و إنتي جو عيوني بين توهة و ترحال عينه عينه قالت ضيا عيوني وينه وينه دلوني دلوني
0798,Ghalia Benali,تحت الياسمينة (Taht El Yasminah),Maghrebi,تحت الياسمينة فى الليل نسمة والورد محاذيني الأغصان عليا تـميل تمسحلي فى دمعة عيني تحت الياسمينة اتكيت عدلت الـعود وغنيت وتهاطل دمعي وبكيت فكرتك كيف كنت تجيني جنينة مزينها النوار فاحت بريحة الأزهار تفكرتك شعلت النار عملت لهليبة فى قليبي تحت الياسمينة فى الليل نسمة والورد محاذيني الأغصان عليا تميل تمسحلي فى دمعة عيني
0799,Cheb Akil,Galbi 3achakli fiha sif (Galbi 3achakli fiha sif),Maghrebi,آه ياي ياي قلبي عشق لي، عشق لي فيها سيف وحرام مبغاشي يطلق آه وعيات العين تشوف يا تشوف الزين وهو مكولي غير فيها لاصق آه قلبي عشق لي، عشق لي فيها سيف وحرام مبغاشي يطلق آه وعيات العين تشوف، تشوف الزين وهو مكولي غير فيها لاصق أيوة آه لالالالا آه ياي ماشي عوايدي أنا كيما هاك ده الخاطرة طايحة شينا لعبتها بارك جابتني كاو بالنية ماشي بالحيلة ماشي عوايدي أنا كيما هاك ده الخاطرة طايحة شينا لعبتها بارك جابتني كاو بالنية ماشي بالحيلة قلبي عشق لي، عشق لي فيها سيف وحرام آه مبغاشي يطلق آه وعيات العين تشوف آه تشوف الزين وهو مكولي غير فيها لاصق آي آه آي يا من كلشي جاية مكمولة fort شابة وعقلية عندها كبروا فيّ des gestes دارت لي l'homme هي مرا بصح كلشي جاية مكمولة fort شابة وعقلية عندها دارت لي هدات كبروا فيّ l'homme هي مرا بصح قلبي عشق لي، عشق لي فيها سيف وحرام آه مبغاشي يطلق آه وعيات العين يا تشوف الزين وهو مكولي غير فيها لاصق آه قلبي عشق لي، عشق لي فيها سيف وحرام مبغاشي يطلق آه عيات العين تشوف آ تشوف الزين وهو غير فيها لاصق آه يا سبحان الله شحال نبغيها anormal نقول Des fois l'histoire وراني خايف كاع هاد بين ليلة ونهار تروح غبار سبحان الله شحال نبغيها anormal حتى نشك ونقول l'histoire وراني خايف هاد بين ليلة ونهار تروح غبار قلبي عشق لي، عشق لي فيها سيف وحرام مبغاشي يطلق آه عيات العين تشوف آ تشوف الزين وهو غير يا فيها لاصق آه آ قلبي عشق لي، عشق لي فيها سيف وحرام مبغاشي يطلق آه وعيات العين تشوف آ تشوف الزين وهو مكولي غير فيها لاصق آي
0800,Cowboy Bebop (OST),Musawe,Maghrebi,اييييه الله الله يا بابا موساكا رجالنا يا سيدي موساكا اييه الله الله يا بابا موساكا رجال البحر ا بابا موساكا السماء و الماء يا بابا موساكا رجالنا يا سيدي موساكا الله الله ا بابا موساكا رجالنا يا سيدي موساكا موسى بحري يا سيدي موساكا السماء و الماء يا سيدي موساكا رجالنا يا بابا موساكا الله الله ا بابا موساكا رجالنا يا بابا موسكا وا الساكن البحر ابابا موساكا قولو مرحبا ا بابا موساكا السماء و الماء يا سيدي موساكا الله الله ا بابا موساكا رجالنا يا سيدي موساكا وا قولو مرحبا ابابا موساكا ربي مولاي يا بابا موساكا وا داوي حالي يا بابا موساكا ربي يا مولاي و يا سيدي موساكا داوي حالي يا بابا موساكا السماء و الماء يا سيدي موساكا الله الله ا بابا موساكا رجالنا يا سيدي موساكا يا رجال الله يا سيدي موساكا مالين البحور ابابا موساكا السماء و الماء يا سيدي موساكا عندي والي يا سيدي موساكا رجالنا يا سيدي موساكا الله الله ا بابا موساكا رجالنا يا سيدي موساكا قولو مرحبا ا بابا موساكا داوي حالي يا بابا موساكا يا رجال الله يا سيدي موساكا ربي مولاي يا بابا موساكا قولو مرحبا ابابا موساكا رجالنا يا سيدي موساكا يا الساكن البحر ا بابا موساكا مول المرسة يا سيدي موساكا السماء و الماء يا سيدي موساكا السماء و الماء يا سيدي موساكا الله الله ا بابا موساكا رجالنا يا سيدي موساكا داوي حالي يا بابا موساكا غريب وبراني يا بابا موساكا رجال المرسة يا سيدي موساكا رجالنا يا سيدي موساكا قولو مرحبا ا بابا موساكا رجالنا يا سيدي موساكا
0801,Rita L'Oujdia,2choufat,Maghrebi,Wewewewe 103 lallat mwaterrrr Fi khater ga3 les ex Fi khater next 3emer 3emer Khti Inès 9ele3 a Zouj 9ele3 L9itek te7t storyat Katsme3ni fost flyziat Ghir m3ak knt hmm oaoa 3tarf Rak 9neti bla bia Labssa ghi ksswa lghalya Bla rajel kan 3ich hania Kona mla7 owawa Khserti tla7 owawa Kat sme3ni fost lyziat Knti m3aya makntch m3ak Ro7 sme3ni fost lyziat Knti dyali ghir b joj choufat 9elt l7ya Man7melhach Li dwztha Madayzach Li glti ndirha Mandirhach L3iya9a Man9belhach Ro7 sme3ni fost lyziat Knti m3aya makntch m3ak Ro7 sme3ni fost lyziat Knti dyali ghir b joj choufat Ro7 sme3ni fost lyziat (wa) Knti dyali ghir b joj choufat Ro7 sme3ni fost lyziat Knti dyali ghir b joj choufat Oooooh Machi men dima w Ana haka 3ch9tek hta hreb lia Gelbi tcrasha kil mouja Welit 9ass7a ma bidia Khoya kiyss aalia Gelbi kan m3ak niya Machi bidia
0802,Maya Diab,ديالي (Diali),Maghrebi,خاطفة عقول الناس ساكن عيون الحارة و قلبي مسكين ينبض دقاتو و بالي بايت عساس بلا نعاس نحكي للجارة شوف هاد الزين شكون ولداتو واش حنا فلبال و لا بغيتلي لهبال دابا لغرام تبدى حلقاتو أواه أواه يا زماني ملغرام قليبي كواني لعسل أنايا ديالي مسهرني ليالي توالي كلمة منك نسمع حاول روحك لا تعاديني تواتيك الضحكة اللي تواتيني بلقليل أنا نقنع نضرة وحدة تكفيني ما طلبتش المحال بغيتك تبغيني سولت عليك لحباب الحب طريقو ملباب نرجى لعذاب عندك يرميني أواه أواه يا زماني ملغرام قليبي كواني لعسل أنايا ديالي مسهرني ليالي توالي أشهدو و شوفو ميمتو شافت فيا شوفو الزين بدى يحماق عليا تجيني معول و تكلم والديا عليك نتهول الخاتم في يديا أواه أواه يا زماني ملغرام قليبي كواني لعسل أنايا ديالي مسهرني ليالي توالي
0803,Ridha Diki,يا إمالي الدار (Ya M’mali Eddar),Maghrebi,يا إمالي الدار، وينو وينو وينو الخال وينو العم، وينو البَيّ، وينو الجار وينو الخَضّار اللي كان فُمه شوكان يتَّبَّع في بنت العطار وينو الجزار اللي يربح بالسرقة و يبيع لا مارش نوار وينو الملاك اللي ديما هايت ع الكري اللي قاعد قاعد أون روتار أنا راني هُناي نخدم ف اللي بحداي أنا اللي قدام، أنا اللي وراي نمشي ديما ع الطروطوار أنا راني هُناي نخدم ف اللي بحداي أنا اللي قدام، أنا اللي وراي نمشي ديما ع الطروطوار وينو هاكا سي حمودة اللي يضحك ع الناس كاينهم قرودة وينو سعد، وينو سعيد، وينو سْعَّيِّد واللي هيْ، وين هيْ مسعودة وينو بياع الروبافيكيا عرُفني اليوم قاللي راني عملت عفار وينو اللي كي يضربو، كي اللي قصير اللي يديوا الناس ف الغرفة، حتى داره مش مدهونة أنا راني هُناي نخدم ف اللي بحداي أنا اللي قدام، أنا اللي وراي نمشي ديما ع الطروطوار أنا راني هُناي نخدم ف اللي بحداي أنا اللي قدام، أنا اللي وراي نمشي ديما ع الطروطوار وينو التفاح اللي يفوح اللي يرجع العقل للروح وينو الفن، وينو الإنس، وينو الجن وينو صالح البحبوح وينو البُن و اللبن وزيدوا الطن مع الجبن وينو الفزدق، وينو البندق وينو الزَوز والزَلوز وينو القوس والدربوز والعصيدة والرغيدة والدرجية والمخفية والحَلّية والحلال والزرداب والكَتاب والكُتاب والقبقاب والشاشية والصدرية والبدعية والصورية والبرنوس والكَبّوس والزنبيل والقنديل والمنديل والحابورة والمقصورة والنُخالة والقُرفالة والتمر والسمر والسهر والقمر والمطر والبقر والزُقُر والنخل والنحل والجمل والعسل والدوار والنَوّار والفيتورة والتسطيرة والمعزون والكَميون والديتاب والقرقاب والمخطاف والخرجات والدخلات والضحكات والشيخات والقعدات والفَتّاشة والقَنّارة والمجبارة والحبارة والحفارة والحرقوص و لارة و بِلارة والشابة الدَردارة سردوق بونوارة والدجاجة النقارة و كبش بودوارة و جمل يهز الكل أنا راني هُناي نخدم ف اللي بحداي أنا اللي قدام، أنا اللي وراي نمشي ديما ع الطروطوار أنا راني هُناي نخدم ف اللي بحداي أنا اللي قدام، أنا اللي وراي نمشي ديما ع الطروطوار كي فما فروج مانتعداش كي فما fièvre نتعدى كي فما feurrage مرة نتعدى و مرة مانتعداش
0804,Algerian Patriotic Songs,جَزَائِرَنَا يَا بِلاَدَ الْجُدُودْ (Azayirana Ya Bilaad Aljudud),Maghrebi,جَزَائِرَنَا يَا بِلاَدَ الْجُدُودْ  نَهَضْنَا نُحَطِّمُ عَنْكِ الْقُيُودْ فَفِيكِ بِرَغْمِ الْعِدَا سَنَسُودْ  وَنَعْصِفُ بِالظُّلْمِ وَالظَّالِمِينْ سَلاَماً سَلاَماً جِبَالَ الْبِلاَدْ  فَأَنْتِ الْقِلاَعُ لَنَا وَالْعِمَادْ وَفِيكِ عَقَدْنَا لِوَاءَ الْجِهَادْ  وَمِنْكِ زَحَفْنَا عَلَى الْغَاصِبِينْ قَهَرْنَا الأَعَادِيَ فِي كُلِّ وَادْ  فَلَمْ تُجْدِهِمْ طَائِرَاتُ الْعِمَادْ وَلاَ الطَّنْكُ يُنْجِدُهُمْ فِي الْبَوَادْ  فَبَاؤُوا بِأَشْلاَئِهِمْ خَاسِئِينْ وَقَائِعُنَا قَدْ رَوَتْ لِلْوَرَى  بِأَنَّا صَمَدْنَا كَأُسْدِ الشَّرَى فَأَوْرَاسُ يَشْهَدُ يَوْمَ الْوَغَى  بِأَنَّا جَهَزْنَا عَلَى الْمُعْتَدِينْ سَلُوا جَبَلَ الْجُرْفِ عَنْ جَيْشِنَا  يُخَبِّرْكُمُ عَنْ قِوَى جَأْشِنَا وَيُعْلِمْكُمُ عَنْ مَدَى بَطْشِنَا  بِجَيْشِ الزَّعَانِفَةِ الآثِمِينْ بِجَرْجَرَةَ الضَّخْمِ خُضْنَا الْغِمَارْ  وَفِي الأَبْيَضِ الْفَخْمِ نِلْنَا الْفَخَارْ وَفِـي كُلِّ فَجٍّ حَمَيْنَا الدِّمَارْ  فَنَحْنُ الأُبَاةُ بَنُو الْفَاتِحِينْ نُعَاهِدُكُمْ يَا ضَحَايَا الْكِفَاحْ  بِأَنَّا عَلَى الْعَهْدِ حَتَّى الْفَلاَحْ ثِقُوا يَا رِفَاقِي بِأَنَّ النَّجَاحْ  سَنَقْطِفُ أَثْمَارَهُ بَاسِمِينْ قِفُوا وَاهْتِفُوا يَا رِجَالَ الْهِمَمْ  تَعِيشُ الْجِبَالُ، وَيَحْيَا الشَّمَمْ وَتَحْيَا الضَّحَايَا، وَيَحْيَا الْعَلَمْ  وَتَحْيَا الدِّمَاءُ، دِمَا الثَّائِرِينْ جَزَائِرَنَا يَا بِلاَدَ الْجُدُودْ  نَهَضْنَا نُحَطِّمُ عَنْكِ الْقُيُودْ فَفِيكِ بِرَغْمِ الْعِدَا سَنَسُودْ  وَنَعْصِفُ بِالظُّلْمِ وَالظَّالِمِينْ
0805,Erkez Hiphop,Laariba,Maghrebi,I don't have the lyrics only the link to the song. I can not find them online and my Arabic is not that good to be able to understand what they are saying. I have included a link to the song on Youtube
0806,Algerian Patriotic Songs,شعب الجزائر مسلم (Chaab Djazair Muslimun),Maghrebi,شَـعْـبُ الْجَـزَائِـرِ مُــسْــلِــمٌ وَإِلىَ الْـعُـرُوبَةِ يَـنْتَـسِـبْ مَنْ قَــالَ حَـادَ عَـنْ أَصْـلِـهِ أَوْ قَــالَ مَـاتَ فَـقَـدْ كَـذَبْ أَوْ رَامَ إِدْمَــــــاجًـــــا لَــــهُ رَامَ الْـمُحَـالَ مِنَ الطَّـلَـبْ يَـا نَـشْءُ أَنْــتَ رَجَــاؤُنَـــا وَبِـكَ الصَّبَـاحُ قَـدِ اقْـتَرَبْ خُـــذْ لِلْـحَــيَــاةِ سِــلاَحَــهَـا وَخُـضِ الْخُطُوبَ وَلاَ تَهَبْ شَـعْـبُ الْجَـزَائِـرِ مُــسْــلِــمٌ وَإِلىَ الْـعُـرُوبَةِ يَـنْتَـسِـبْ مَنْ قَــالَ حَـادَ عَـنْ أَصْـلِـهِ أَوْ قَــالَ مَـاتَ فَـقَـدْ كَـذَبْ أَوْ رَامَ إِدْمَــــــاجًـــــا لَــــهُ رَامَ الْـمُحَـالَ مِنَ الطَّـلَـبْ وَارْفَــــعْ مَـــــنَــــارَ الْــــعَــــدْلِ وَالإِحْسَانِ وَاصْدُمْ مَنْ غَصَبْ وَاقْـلَــعْ جُــذُورَ الْــخَــائِــنِــيــنَ فَــمِــنْـــهُـــمُ كُـــلُّ الْــعَــطَــبْ شَـعْـبُ الْجَـزَائِـرِ مُــسْــلِــمٌ وَإِلىَ الْـعُـرُوبَةِ يَـنْتَـسِـبْ مَنْ قَــالَ حَـادَ عَـنْ أَصْـلِـهِ أَوْ قَــالَ مَـاتَ فَـقَـدْ كَـذَبْ أَوْ رَامَ إِدْمَــــــاجًـــــا لَــــهُ رَامَ الْـمُحَـالَ مِنَ الطَّـلَـبْ وَأَذِقْ نُـفُوسَ الـظَّــالِـمِـينَ سُـمًّـا يُـمْـزَجُ بِالرَّهَـبْ وَاهْـزُزْ نُـفُـوسَ الْجَـامِدِينَ فَرُبَّـمَـا حَـيَّ الْـخَـشَـبْ شَـعْـبُ الْجَـزَائِـرِ مُــسْــلِــمٌ وَإِلىَ الْـعُـرُوبَةِ يَـنْتَـسِـبْ مَنْ قَــالَ حَـادَ عَـنْ أَصْـلِـهِ أَوْ قَــالَ مَـاتَ فَـقَـدْ كَـذَبْ أَوْ رَامَ إِدْمَــــــاجًـــــا لَــــهُ رَامَ الْـمُحَـالَ مِنَ الطَّـلَـبْ مَنْ كَــانَ يَبْغِـي وُدَّنَــا فَعَلَى الْكَــرَامَــةِ وَالـرَّحَبْ أوْ كَـــانَ يَبْغِـي ذُلَّـنـَا فَلَهُ الْـمـَهَـانَـةُ وَالْـحَـرَبْ شَـعْـبُ الْجَـزَائِـرِ مُــسْــلِــمٌ وَإِلىَ الْـعُـرُوبَةِ يَـنْتَـسِـبْ مَنْ قَــالَ حَـادَ عَـنْ أَصْـلِـهِ أَوْ قَــالَ مَـاتَ فَـقَـدْ كَـذَبْ أَوْ رَامَ إِدْمَــــــاجًـــــا لَــــهُ رَامَ الْـمُحَـالَ مِنَ الطَّـلَـبْ هَـذَا نِـظَـامُ حَـيَـاتِـنَـا بِالـنُّـورِ خُــطَّ وَبِاللَّـهَـبْ حَتَّى يَعُودَ لِـقَــوْمِــنَـا مِنْ مَجْــدِهِمْ مَــا قَدْ ذَهَبْ شَـعْـبُ الْجَـزَائِـرِ مُــسْــلِــمٌ وَإِلىَ الْـعُـرُوبَةِ يَـنْتَـسِـبْ مَنْ قَــالَ حَـادَ عَـنْ أَصْـلِـهِ أَوْ قَــالَ مَـاتَ فَـقَـدْ كَـذَبْ أَوْ رَامَ إِدْمَــــــاجًـــــا لَــــهُ رَامَ الْـمُحَـالَ مِنَ الطَّـلَـبْ هَــذَا لَكُمْ عَـهْــدِي بِـهِ حَتَّى أُوَسَّــدَ فِي الـتُّـرَبْ فَــإِذَا هَلَكْتُ فَصَيْـحَـتِـي تَحْيـَا الْجَـزَائِـرُ وَالْـعَـرَبْ شَـعْـبُ الْجَـزَائِـرِ مُــسْــلِــمٌ وَإِلىَ الْـعُـرُوبَةِ يَـنْتَـسِـبْ مَنْ قَــالَ حَـادَ عَـنْ أَصْـلِـهِ أَوْ قَــالَ مَـاتَ فَـقَـدْ كَـذَبْ أَوْ رَامَ إِدْمَــــــاجًـــــا لَــــهُ رَامَ الْـمُحَـالَ مِنَ الطَّـلَـبْ
0807,Mohamed Mounir,حكمت الأقدار (Hekmat Lakdar),Maghrebi,حكمت الأقدار … الأقدار اللي ما رحمت قلبي ولا بغاتَنَي نبقى جواركم تِبرِد ناري حكمت الأقدار … الأقدار اللي ما رحمت قلبي ولا بغاتَنَي نبقى جواركم تِبرِد ناري ناري … نبقى جواركم تِبرِد ناري ناري ناري ناري … نبقى جواركم تِبرِد ناري ناري ناري ما لقيتك كيف ما ضنيتِك خويتي بيي احس بغيتِك ما لقيتك كيف ما ضنيتِك خويتي بيي احس بغيتِك ما لقيتك كيف ما ضنيتِك خويتي بيي احس بغيتِك ما لقيتك كيف ما ضنيتِك خويتي بيي احس بغيتِك على شمالي هاوية على يميني الجمار تجيني رياح قوية عاصفة ليل و نهار على شمالي هاوية على يميني الجمار تجيني رياح قوية عاصفة ليل و نهار ناري … نبقى جواركم تِبرِد ناري ناري ناري ناري … نبقى جواركم تِبرِد ناري ناري ناري حكمت الأقدار … الأقدار اللي ما رحمت قلبي ولا بغاتَنَي نبقى جواركم تِبرِد ناري حكمت الأقدار … الأقدار اللي ما رحمت قلبي ولا بغاتَنَي نبقى جواركم تِبرِد ناري ناري … نبقى جواركم تِبرِد ناري ناري ناري ناري … نبقى جواركم تِبرِد ناري ناري ناري ناري … نبقى جواركم تِبرِد ناري ناري ناري ناري … نبقى جواركم تِبرِد ناري ناري ناري
0808,Hamza Namira,وين أيامك وين (Wein Ayamak Wein),Maghrebi,يا لالالي يا لالالي يا لالالي يا لالالي يا لالالي يا لالالي يا لالالي يا لالالي يا لالالي وين أيامك وين يا غايب عالعين وين أيامك وين يا غايب عالعين قلبي عاش حزين والله عاش حزين في بعادك يا زين وين وين أيامك وين يا غايب عالعين وين أيامك وين يا غايب عالعين قلبي عاش حزين والله عاش حزين في بعادك يا زين وين يا لالالي يا لالالي يا لالالي يا لالالي يا لالالي يا لالالي يا لالالي يا لالالي يا لالالي حبيتك يا غالي وسهرت الليالي حبيتك يا غالي وسهرت الليالي قِلْت وين تجيني وترجع حنيني وتجمع قلبين وين وين أيامك وين يا غايب عالعين وين أيامك وين يا غايب عالعين قلبي عاش حزين والله عاش حزين في بعادك يا زين يا غايب عالعين يا لالالي يا لالالي يا لالالي وين أيامك وين يا غايب عالعين قلبي عاش حزين والله عاش حزين في بعادك يا زين يا غايب عالعين
0809,Ko Shin Moon,الغالي (Al Ghali),Maghrebi,ع الغالي يا عين ع الغالي يا عين ع الغالي اللي سافر ما رد عليّ يا عين ع الغالي يا عين ع الغالي يا عين ع الغالي اللي سافر ما رد عليّ يا عين ع الغالي الغلا لَلّي ربيته خلاني ع الغالي الغلا لَلّي ربيته خلاني لي غويته و اتبعد عني و جفاني يا عين ع الغالي يا عين ع الغالي يا عين ع الغالي اللي سافر ما رد عليّ يا عين ع الغالي يا عين ع الغالي يا عين ع الغالي اللي سافر ما رد عليّ يا عين ع الغالي يا عين ع الغالي يا عين ع الغالي اللي سافر ما رد عليّ يا عين ع الغالي يا عين ع الغالي يا عين ع الغالي اللي سافر ما رد عليّ يا عين ع الغالي الغالي هُو به ما نسيتَ نِحط إيدي ع الغالي الغالي هُو به ما نسيتَ نِحط إيدي من فوق إيده و نرحل بهالبر التاني يا عين ع الغالي يا عين ع الغالي يا عين ع الغالي اللي سافر ما رد عليّ يا عين
0810,Hatim Ammor,Psychologue,Maghrebi,La tsa2lni la tsawlni 3la 7al ennas 3yiti ma twsl lklam bayna Allah y7d lbas Ya mali w malhom 7ali w 7alhom Wallah ma yqddo ydkhlo li had rras 3yit njarrb kol lila chi khtrat Nshrb anaya kisan f lbar w nsali bshi ntrat Ya qalo maloh 7kayto 7kaya Kandor bin fam ennas ya wddi wah 7ta dakh rras w 3ad bda yshki hammi Ntfkr lbare7 ta khoyi wla ddydi
0811,Lotfi DK,Rap Lourd,Maghrebi,دوكة نبدا bien، نكتب ڨد ڨد كلام كامل، قادر ومڨدّد انا كلامي ندڨدڨ نديڨلانڨي ندڨل كي تڨدّم ما تكدّب انا كلامي هيبة، موهبة، مهيبلة مهدهد مهم ما نهدّد ما نهدر بلا ما ننهدّم ما نهدّأ مي ديما مهدّد مالا تهدّن ! (تهدن) تربّى ياباد مع اولاد عنّابة پاپا والفنا الغربة من صغرنا وخاطينا البلابلابلابلا بنّة والظرافة والرطابة تتبلّى علينا، تتربّى ضربة على ضربة كل مرة؛ طبرا تاطرا تطلع برّة بكري سمّاونا الفلّاڨة من سطيف لڨالمة لخرّاطة واليوم كي جبدنا الفنّة دة اهم ڨالوا علينا خلّاطة وڨّفنا ضد المخطّطات خيطوا الخطّة بالخِطابة تغرقوا الغاشي في الخطّاطة زطلة غبرة كل خبّاطة رجعوا الشبيبة مغمّضة ماذابيهم تخطي البوليتيك تيلمو عيّينا ملّينا ولّينا كلنا بوليميك احكي على التِكنيك ـles déclicsـ les piques lyrics ـ ولّا les répliques ـl'équipeـ la clique ولّا عالـpublic ـles bites rythmiques ولا البريك بيت هذايا راپ Lourd راپ fool راپ غول راپ hool راپ boom راپ تاع واحد مهبول راپ ديما engagé، والله شي او ديما اونڨاجي ـenragé، راه ديما ساجي باش يتفاجي عالغاشي (X2) رولي رولي، من بكري كانوا يڨولوا عليّا حنكولي كانوا يڨولوا بلّي هاو يبريكولي وكلماته كل كوپيي كولي كنّنا نبانوا كابرين تڨول في كوري بـ la dictature كيما لاكوري 1 وانا ديما من كاپ كاناڥِران كلامي يديكوني يديكولي راپ كروني اني ڨلتها بكري كاش ياك غنايا بلا ميساج كي شغل فوطو بلا الفلاش كِشغل جندي بلا الكلاش ولّا جيجل بلا ذوك les plages كِشغل دحمان بلا الحرّاش ولّا Guns N'Roses بلا السلاش يعني باينة ماتصلحش كل كلمة تجي معاها كلمة كِشغل نڨولّك سطيف، تقولّ لي جميلة ومعاه العلمة معلوم العلّة راهي عنّا وعالمعموم راهي عند العامّة نعطيكم معلومة عنها معايا تدير ثقافة عامّة كي نڨولّك الأنبياء تڨول لي: الشّام وبلاد فارس كي نڨولّك الـNBA تڨول لي: les bolls و les leakers نڨولّك Bob ـ: les Wailers California ـ: les Eagles وكي نڨولّك الروك تڨول لّي الـStones و les Beatles كل حاجة عنوانها بارز من الروم للـEmpire des Perses الحقد ديما يتبارز والحق لازم له فارس الحڨرة راهي كي تتمارس تتحايد ولّا تتحاوز تحبّك حازن وحابس مالا اسمع باه تزيد تتحمّس اني مواطن 'لي يباطي يكومباطي الظلم ولّا الباطل مشني بطل جامي نبطل حتّى نبدّل ما هو باطن ماضي نناضل نبادر، نهدر قلبي نابض للمناظر هوما مرضى، ولّاو ماربر باردين perdu في المنابر درك راني نناظر ونحاضن نحاول نكون حاضر ونحذّر حايب نحارب ونحاذر من لحمي حبري ينحدر وانت راك حامل المحاين في حياتك حالم راك حايب بصح محال راك تتحايل على ذيكة فيا راك حاير هذايا راپ Lourd راپ fool راپ غول راپ hool راپ boom راپ تاع واحد مهبول راپ ديما engagé، والله شي او ديما اونڨاجي ـenragé، راه ديما ساجي باش يتفاجي عالغاشي (X2) الغنا حلال ولّا حرام انا ما نفتي ما نحاسب كاين وش قال ابن تيمية و وش قال ابن حزم القضية كي التحزب كل واحد بقناعته المهم الدين مبني على خمسة ولازم نحافظوا على قواعده ما تكونش كيما دوك 'لي يقعدوا في شوكة متشددين الشارع شايع وشبّع بشباب متشردين الكاشي شرّه كبير الشراب كِشغل اهو بير والـjeune اهم جرّوا بحياته شعلت كِتشرنوبيل اه دير وش تدير تنصح تصلح وتكون الصح بصح الناس راحَة تقسح يڨولوا انت 'لي ما تصلح اسمع صوتك راح يتصدّع تصبح انسان قاسي ومنسي عاصي ومرزي بسيف بسيف تخطي راسي ونفسي نفسي راح يڨولوا باطار راح يڨولوا غدّار راح يڨولوا هدّار راح يڨولوا حڨّار راح يڨولوا طروطار راه عڨب رادار درك جيب الكبران يهبطوا المطار راح يڨولوا خربها وهردها هدّد، هدّمها وندبها حاب يلهبها ويتهنّى يحكي على همها ويتهمّها كيما انا ڨالوا عليا: راه fool راه mort، راه يموت راه يكسّر les tabous ڨالوا عليا: راه يدور راه يبور راه يذوب راه اليوم كلماته Tabou ڨالوا خايب خاين دراپو كفنه دفنه حفروا دراپو قف في الطابور ركب في باطو طردوه طردوه طردوه فض كيما كريم طابو كاين 'لي يڨولوا حڨروه كاين 'لي يڨولوا حركوه كاين 'لي يڨولوا حرضوه كاين 'لي يڨولوا حظروه كاين 'لي يڨولوا حذروه كاين 'لي يڨولوا حاربوه كاين 'لي يڨولوا راه معَوّل بالعاني على العالم يعاير المعالِيم بعمايله ربح غير الدعاوي يعاني مي معاه الرب العالي هذايا راپ Lourd راپ fool راپ غول راپ hool راپ boom راپ تاع واحد مهبول راپ ديما engagé، والله شي او ديما اونڨاجي ـenragé، راه ديما ساجي باش يتفاجي عالغاشي (X2) 1. كوريا شمالية
0812,Si Lemhaf,Fok 3aad,Maghrebi,"3arqi chertellah, masbout fi bit laq3aad Nbarbech fel connection, qallek tekhdem sa3aat L karhba en panne mlaw7a men nhar la7ad (7ad) (7ad) L'ordina(teur) mhattek-tek-tek-tek maqal 7ad 7ad Korsi il birou 7moum tqoul qa3ed fe stade W el lavabou mazdoud qoddemou tqoul qa3ed nestad Zla3t seqi fi 3adhra, chahrine la tawa ma brat 7oumti kol mitrou 7ofra, bellehi fok 3aad F f f Fok 3aaaad, Fok 3aaaad-Fok 3aaad F f f Fok 3aaaad, Fo Fok 3aaaad-Ti Fok 3aaad F f f Fok 3aaaad, Fok 3aaaad-Fok 3aaad F f f Fok 3aaaad, Fo Fok 3aaaad-Ti Fok 3aaad Ki tchatti chwaya nji nsurfi f il faydhanet (net) (net) B jambi el koll tetdhammer, kbar zghar wled webnet 3andi lista sitet, enjarreb la page mchet Qrit fi lycee mdammer, la7yout 7achek papier toilette Qtates w kleb tartine fel keyeset W ki na3mel telifoun, tqoul notlob fi robowet Tah qolli chnowa l7al, en3ani meresowet W haw echarge wfet, bellehi fok 3ed F f f Fok 3eeeed, Fok 3eeeed-Fok 3eeed F f f Fok 3eeeed, Fok 3eeeed-Ti Fok 3eeed F f f Fok 3eeeed, Fok 3eeeed-Fok 3eeed F f f Fok 3eeeed, Fok 3eeeed-Ti Fok 3eeed Nachta7 kima n7eb hani nbambi ki waka waka Msakker fomi wnerkez w chqawlek behichi haka Jey nbaddel f ejjaou, okhti mouch jey bech netchakka W idha ma 3ajbekchi, hiz dabchek w barra ettakka. F f f Fok 3eeeed, Fok 3eeeed-Fok 3eeed F f f Fok 3eeeed, Fok 3eeeed-Ti Fok 3eeed F f f Fok 3eeeed, Fok 3eeeed-Fok 3eeed F f f Fok 3eeeed, Fok 3eeeed-Ti Fok 3eeed Yezzitchi tawa?"
0813,Sarit Hadad,לערוסה/עתונילקס (La'arusa),Maghrebi,לכל המרוקאים שנמצאים כאן איתנו בצרפת... אנא לערוסה אנא טילאלי וויגה בבה ג'אווה ורג'לי סובין סאללה לעריס לעריס אנא לערוסה ראסי לריס נוזל בסאללה סובילגרדו ... עטיווני אלקאס אלחבאב עטיווני אלקאס עטיווני אלקאס פאש אלמולי שואש ארוני אלקאס אלחבאב עטיווני אלקאס ודאק אלקאס נמנסיק לא מנה כאס ויס פיה האלא חבאב מא פי והלי שרבתו עלא מעאק לראיב ודבייבי ודהו יאמו ודביב ועמלי וירג’א יאול חביב עטיווני אלקאס אלחבאב עטיווני אלקאס עטיווני אלקאס פאש אלמולי שואש ארוני אלקאס אלחבאב עטיווני אלקאס ודאק אלקאס נמנסיק לא מנה וולויסקי סודהיה ואמתי ודיהיה לא מיניש נאי שווי עני ומטח ללג’בל אלעדאלי עטיווני אלקאס אלחבאב עטיווני אלקאס עטיווני אלקאס פאש אלמולי שואש ארוני אלקאס אלחבאב עטיווני אלקאס ודאק אלקאס נמנסיק לא מנה מוסיקא
0814,Oulahlou,حرقونا (Hommage à Djamel Bensmail) (Hargouna),Maghrebi,بسم الله نبدا بصلاتي وسلامي مفتاح الابيات يا ناس الغيوان اياتي والسهرة معاكم حيات وصغري 'دّى يا البنات والقعدة معاكم حلات والقعدة معاكم حلات في الماية والزيداني وداني، داني، داني كي كنت على ديداني وداني، داني، داني ودار الزمن وبقيته حلاني اليلة ومعاك الليلة خير من الف ليلة وليلة انا وياك يا الخليلة ودموع اوطارك الحنينة بحجر الظلمة تخبينا تحت النجوم شحال غنينا تحت النجوم شحال غنينا في الماية والزيداني وداني، داني، داني كي كنت على ديداني وداني، داني، داني ودار الزمن وبقيته حلاني في بحر الماضي تخلوينا موجة دوقة تسايل السفينة ياويلك يا وجه النوارة ويلك يا اخدود الياسمين عيى عين الفوارة كي تفكرتك يا الاميمة كي تفكرتك يا الاميمة في الماية والزيداني وداني، داني، داني كي كنت على ديداني وداني، داني، داني ودار الزمن وبقيته حلاني طار الحمام، راح وخلاني لوكان خير معاه دّاني نشوف المنكر عيناني وَلا نضربوا بالمعاني اهوَ بجيوش وفرساني اش ندير انا باقلامي اش ندير انا باقلامي في الماية والزيداني وداني، داني، داني كي كنت على ديداني وداني، داني، داني ودار الزمن وبقيته حلاني حرقونا الشمايت حرقونا حرقونا اولاد الحرام حرقونا حيين حرقونا الطف بينا يا رحمن حرقونا وحرقوك معانا ربي يرحمك يا جمال 1 ربي يرحمك يا جمال 1 في الماية والزيداني وداني، داني، داني كي كنت على ديداني وداني، داني، داني ودار الزمن وبقيته حلاني اه داني، داني، داني داك الواد الواد داني وداني، داني، داني كبحر الطوفان رماني وداني، داني، داني كي كنت على ديداني وداني، داني، داني ودار الزمن وبقيته حلاني (x4) 1. a. b. جمال بن سماعيل
0815,Si Lemhaf,آه (Ah),Maghrebi,"آه، آه، آه، آه! آه، آه، آه، آه! نزلت على جروح مش ناوية تبلح نجبد مروح ونخرج أوجاع من داخل مضروب و نداوي بالنجاح وشنوة المطلوب بش بلي يرتاح؟ كبرت مع الضرب و مصنف بحدود نطاوع في العرف و الفكر المحدود فاش قام المجهود و فاش قام الدرس أش خبى المرفوض و أش صنع الهمز؟ أش تعرف مل ورد يا عاشق السلاح؟ ما تطلب إسمح كان فمك عال الفرد أش منطق القلب كي جاوب الحيوت؟ شربحنا من حرب كي تبقى الأشباح؟ خارج عالعسار ب و خايف مل وقت حاسس بالبرد و عارق بالضغط معادش نتعلم لي يحسن و يفيد لازمني نتبهّم لا ندخل في حيط ما فدش سكات كملته في الطويل ما فدش عياط و دباير الليل لحرابش ل أشعب و شكونو الـ ""psy""؟ وينك يا الرب و ليدعا لك حزين غلطوني في المكتب، في الدار و في الدين يساري لي تكتب حبوها لليمين طمعو بمستقبل جرّوني كالخيل قدّاش باش نستحمل خليوني ترانكيل آه، آه، آه، آه! آه، آه، آه، آه! شركة في الرقبة و مزالنا العبيد نحلّو في العقدة و لازمنا تجديد كي الدولة كي الشعب من نفس النفاق حصلوا في الخدعة و يسبّوا لي فاق ردع و يسّق و بالسيف عليك كل خطوة بحساب و الحاجز في الطريق نتقاسوا بأملاك و سوم كسويك معادش أذواق وحياتنا تسويق عندي هال فنّ و العائلة القريبة معالج الآلام و الضحكة تواتيني صحة البدن و قعدت في جنينة ما حاشتي بمحن اللي فمة مزّزيني في وذني الألحان و ركّشت لتالي فاهم اللي خان، اللي تخانوا و زنّي فاهم اللي عطى و فهمت الأنانية فارز الحرام الحلال و الإنساني نعرف اللي تضِيض و وزنت الأماني مغمض العين و لسانها في لساني نعمل في العيب حزامها في حزامي نعرف اللي صعيب باش تفهم أحزاني نخذك قد عقلك ارتاحلي و يلزمني نخمم في راسي و نضمهم لصدري خمّم في عقلك معادش مستني مسلّم في نفسي و بيناتهم كالدمي نكتبلك من توا هال أسطر اللي تعني تو يوصلوا بالمدة و كي يرجع الوعي المعنى و رميتو و إحساسي مشجعني وحدي في البيت و ستايلو طاوعني آه!"
0816,Hameed Al-Shaery,جيت يا شتا (Jeet Ya Sheta),Maghrebi,ياني ياني، ياني ياني جيت يا شتا، شايل معاك أسرار جيت يا شتا، احكي ع اللي صار جيت يا شتا، شايل معاك أسرار جيت يا شتا، احكي ع اللي صار جيت من بعيد، من أرض أجدادي شايل معاك دمعة من الوادي جيت من بعيد، من أرض أجدادي شايل معاك دمعة من الوادي جيت يا شتا، جيت يا شتا جيت يا شتا، جيت يا شتا شايل معاك أسرار شايل معاك أسرار جيت يا شتا، شايل معاك أسرار جيت يا شتا، احكي ع اللي صار جيت يا شتا، شايل معاك أسرار جيت يا شتا، احكي ع اللي صار احكيلي عن صبية، خليت معاها فؤادي من صغري أنا و هي، شربنا نبع الوادي احكيلي عن صبية، خليت معاها فؤادي من صغري أنا و هي، شربنا نبع الوادي احكيلي مهما كان فرقنا هالزمان و بقيت في النسيان جيت يا شتا، جيت يا شتا جيت يا شتا، جيت يا شتا شايل معاك أسرار شايل معاك أسرار جيت يا شتا، شايل معاك أسرار جيت يا شتا، احكي ع اللي صار جيت يا شتا، شايل معاك أسرار جيت يا شتا، احكي ع اللي صار جيت يا شتا، شايل معاك أسرار جيت يا شتا، احكي ع اللي صار جيت يا شتا
0817,Yousra Saouf,بغيتو حلالي (Bghito Halali),Maghrebi,خطفتو ولقلبي بغيتو حلالي اجي لعندي يا روحي انت غالي نتمنى نبقى جنبك وتكون ديالي اويلي من حبك ويلي يا غزالي خطفتو ولقلبي بغيتو حلالي اجي لعندي يا روحي انت غالي نتمنى نبقى جنبك وتكون ديالي اويلي من حبك ويلي يا غزالي الشوق بقلبي ديما يكبر ويزيد كثر عنو ما نصبر لا ولا نقدر نعيش منغير حبو لي حلمت بيه نبغيه نبغيه ولا نبغي غيرو هذا حلمي وبغيتو جنبي طول عمري ايدي بيديه خطفتو ولقلبي بغيتو حلالي اجي لعندي يا روحي انت غالي نتمنى نبقى جنبك وتكون ديالي اويلي من حبك ويلي يا غزالي هو حبيبي الزين ديالي شوفو حالي راه ادا عقلي ومتلفني وبحبو تبليت انا تكويت غير هو الي يعرف كيفاش يداوني تبان في عيوني بلي يبغيني هو عمري هو عمري خطفتو ولقلبي بغيتو حلالي اجي لعندي يا روحي انت غالي نتمنى نبقى جنبك وتكون ديالي اويلي من حبك ويلي يا غزالي خطفتو ولقلبي بغيتو حلالي اجي لعندي يا روحي انت غالي نتمنى نبقى جنبك وتكون ديالي اويلي من حبك ويلي يا غزالي
0818,Manal (Morocco),دنيا (Denia),Maghrebi,الدنيا غدارة و الناس حكارة والسوايع بدالة والفلك يدور مرضات النفوس عبدات الفلوس لاناهي ولا من يخاف القدوس غر الناس الطمع وغلب عليهم الجشع هادا ينصب هادا و هادا يزور الشهادة الدنيا ما تدوم وإلا دامت للفرعون راجع نفسك وخاف وخفف شوية على الكتاف والناقة ما ترضع الخروف والتراب هو لي يعمر الجوف الدنيا غدارة و الناس حكارة والسوايع بدالة والفلك يدور مرضات النفوس عبدات الفلوس لاناهي ولا من يخاف القدوس دير الخير ونساه دوز ليام وتلقاه فوض أمزك لله هو لكبير سبحانه الدنيا ما تدوم وإلا دامت للفرعون راجع نفسك وخاف وخفف شوية على الكتاف والناقة ما ترضع الخروف والتراب هو لي يعمر الجوف الدنيا غدارة و الناس حكارة والسوايع بدالة والفلك يدور مرضات النفوس عبدات الفلوس لاناهي ولا من يخاف القدوس
0819,Weld Lgriya,عاش الشعب (3acha cha3b),Maghrebi,[المقدمة : لزعر] لزعر، لڭناوي، لڭرية عاش الشعب غير قولى واش غنسكتو على خلا دار بها ولا على للي خور جدودنا بجددو وكلاها مغا يكفيكم معنا تهريب.. مغيكفيكم معنا قرطاس حالفين بربي ما غانتفاكو .. حتا نقبضو اللفعة من الراس [المقطع الأول : لزعر] ماجيتش نلحس ولا نعيش .. جيت نعطيك القنبول الا ما قادش تحس بهدرتي يالاه تنحا وزول شي كايخاف من هدرتنا .. وشي كايخاف من لسانا ما عارفيناش بلي مدبوحين .. والأزمة لي مهدرانا انا المقصح.. انا المذبوح.. انا المهضوم انا المواطن المغربي لي عمقتو جرحو نتوم انا لى بايعت وتباعيت.. انا لى تيقت وتخانيت انا لى جيبت الاستقلال.. وعمرى بيه ما حسيت انا الأم لي ماتوا ولادها.. فالبحور ياما بكيت انا الأب اللى رميتوه فالحدادة وبولادي ضحيت انا المواطن المقهور .. انا الدرويش المحكور انا الموجز المضروب.. انا المتعاقد المنبوذ انا الموطف لى رديتوه بالاقتطاعات مخنوق انا الحر.. لى مور الكرية مشدود انا الريفي لى كانحلم يزيان الريف انا الجبلي لى خليتو قدامو غي الكيف بلا ما تسولنى على الثروة.. شكون لي كلا فينا المال شكون لى مستافد من جوج بحور ومقالع الرمال شكون طاحن الفوسفاط.. وكاسب كاع الشركات الكبرى شكون طاحن البلاد طحين.. وباقي كايقلب على الثروة صباح الخير اشريف.. را صيفنا ولا خريف لا كنا 40 مليون.. را 30 كالسين معاك غي بالسيف كانأمنو بالله كنبغيو الوطن وكنموتو عالشعب ماغيبقاش الفقر..حيتاش كولشي غايهرب الهربة 2020 [اللازمة : لزعر] بإسم الشعب.. عاش الشعب..وعاش لي درويش ياما رانى ساخط.. كي بغيتنى ما ندويش غرقونا بالحشيش.. ودمرو حياتنا بالفانيد مينطو حلامنا ولاد الكلب .. باش نبقاو ليهم غير عبيد بإسم الشعب.. عاش الشعب..وعاش لي درويش ياما رانى ساخط.. كي بغيتنى ما ندويش غرقونا بالحشيش.. ودمرو حياتنا بالفانيد مينطو حلامنا ولاد الكلب .. باش نبقاو ليهم غير عبيد [المقطع الثاني : لڭناوي] ما باغي والو من هاد البلاد.. باغي غي نرتاح باغي التعادل وما ناكل وربحو بالرباح قطعنا اليأس من النجاح.. وبحينا بالصياح كاتأديونا وطلبونا نطلبو منكم السماح جيت للدنيا لقيت واليديا مفرشين كاشا على الضس وبا بتامارا مكرفس.. ومي كتجوع باش دس وكبرنا بأتاى والخبز.. والنهار المزوهر العدس لوبيا وحمص.. ما شبعانين دتا قص وما عندى ما نلبس او دمنا كايتمص تهرسنا مالقينا الكبص.. مألمين وقاطعين الحس غاديين غا بجنب الحيط .. هاكاك ومشينا للحبس غتاصبتو لينا الكرامة.. وكسرتو فينا النفس خسرنا معاكم العمر.. مابقاش ليا علاش نخاف حنايا مالين الدار.. وعيشتونا فيها ضياف كيفاش غانحب هاد الوطن.. لي هاز عليا الكتاف كحلتو الدنيا فعينى.. حياة بدون هدَف [اللازمة : لزعر] بإسم الشعب.. عاش الشعب..وعاش لي درويش ياما رانى ساخط.. كي بغيتنى ما ندويش غرقونا بالحشيش.. ودمرو حياتنا بالفانيد مينطو حلامنا ولاد الكلب .. باش نبقاو ليهم غير عبيد بإسم الشعب.. عاش الشعب..وعاش لي درويش ياما رانى ساخط.. كي بغيتنى ما ندويش غرقونا بالحشيش.. ودمرو حياتنا بالفانيد مينطو حلامنا ولاد الكلب .. باش نبقاو ليهم غير عبيد [المقطع الثاني : ولد الڭرية] انا من الذل، الجوع والقهرة .. فين عليا بكات أمى كي السراط مشيت للشعرة.. كتبت حروفها من دمي جالا جات فكتاب القاري.. رسالة جات من عند أمى لى حامينا حرامينا.. كولشي فهم بلا ما نسمي عدنا أمير المدمنين.. لبس سلهام د الأسلام مستشار وعرق يهودى.. البرا الدروة اغولاى نصف الشعب رديتوه يسعي.. ونتا حتافل بفاتح ماي لي شادينها يعرفو الله.. اودي ميمتي غير نساي كلبنا سادسنا.. حاكمنا ضالمنا كلاب الكساوى قمعونا عطونا حقنا فهاد البلاد.. ولا جمعونا وعدمونا عطينى حقي ولا شارجي وتيري فيا سلاح الموت الله الوطن، الثالث يمشي.. هادا شعار ديال الخوت نموت لك راجل حسن ما تعيش.. عندك هوية فيها مشموت قلبي خوف من الله الأحد.. ماشي من ديكتاتور مكبوت غادى لعب بالخفيف.. بالي بلا منزيد نتقل هادو تلاتة لى فالبلاد.. دايرين كيف الضراس د العقل حكمنا كاع ما ساوى والو من غير بوليد وسقال غير خودونا غير عدمونا.. لوحونا فى البحر بالحجر والتقال غير لي هدر بإسم الشعب وقال العيب فلي حاكم ردوه اسلامي متطرف.. قالو ارهابي وغادى يساهم اشمن خير غادى تلقا.. فبلاد جدورها غير كزادم نهار شدو زمام الأمور.. سعاو فالطيلي 5 دراهم [اللازمة : لزعر] بإسم الشعب.. عاش الشعب..وعاش لي درويش ياما رانى ساخط.. كي بغيتنى ما ندويش غرقونا بالحشيش.. ودمرو حياتنا بالفانيد مينطو حلامنا ولاد الكلب .. باش نبقاو ليهم غير عبيد بإسم الشعب.. عاش الشعب..وعاش لي درويش ياما رانى ساخط.. كي بغيتنى ما ندويش غرقونا بالحشيش.. ودمرو حياتنا بالفانيد مينطو حلامنا ولاد الكلب .. باش نبقاو ليهم غير عبيد
0820,Yousra Saouf,حبيبي مختلف (Habiby Mokhtalef),Maghrebi,الكلام ما يوصف صفاته حبيبي في زينه اية في عزة نفسه وفي خطواته في نظرة صارت حكاية سلبني روحي وبكلماته حيرني سالى معايا هو قاضي يحكم بحكامه هو شاعر رواية أنا حبيبي مختلف خلى عقلي تالف كيندير يا ناس معاه أنا حبيبي مختلف يعجبني إلى غار علي يحسسني بالأمان راجل بالمعنى وسمية فكرني بروميو د زمان إلى امرني نفذ من غير ما نتردد عليه الناس لموني والحساد في تحسد أنا حبيبي مختلف خلى عاقلي تالف كيندير يا ناس معاه أنا حبيبي مختلف الكلام ما يوصف صفاته حبيبي في زينه اية في عزة نفسه وفي خطواته في نظرة صارت حكاية سلبني روحي وبكلماته حيرني سالى معايا هو قاضي يحكم بحكامه هو شاعر رواية
0821,Khaled,وهران لمارساي (أورا ميكس) (Oran Marseille (Oran Mix)),Maghrebi,قولوا لعمري وقلبي ما ينساكشي من وهران لمارساي دلّالي من وهران لمارساي دلّالي قولوا لعمري الكبدة اتقطعت بين زوج من وهران لمارساي دلّالي من وهران لمارساي دلّالي يانا بغيت لقليبي المحنة الفاكرة من وهران لمارساي دلّالي من وهران لمارساي دلّالي خلّوا البحَر ياكُلني ولّا زعافها من وهران لمارساي دلّالي من وهران لمارساي دلّالي يانا كليت الهمة يانا بيها نهنيها من وهران لمارساي دلّالي من وهران لمارساي دلّالي يانا كليت اللفعة يا بيها نسمّيها من أورا لمارساي دلّالي من وهران لمارساي دلّالي حتى نقول نبطّل وترضى لي علي من وهران لمارساي دلّالي من وهران لمارساي دلّالي تلمون نبغيها يا نبدا نجيبها من وهران لمارساي دلّالي من أورا لمارساي دلّالي واختي الزين العربي وتقول قوري من وهران لمارساي دلّالي من وهران لمارساي دلّالي يعطيكي محنة كي محَنتي تعديبك وآه من وهران لمارساي دلّالي من وهران لمارساي دلّالي
0822,Hatim Ammor,Psychologue,Maghrebi,La tsa2lni la tsawlni 3la 7al ennas 3yiti ma twsl lklam bayna Allah y7d lbas Ya mali w malhom 7ali w 7alhom Wallah ma yqddo ydkhlo li had rras 3yit njarrb kol lila chi khtrat Nshrb anaya kisan f lbar w nsali bshi ntrat Ya qalo maloh 7kayto 7kaya Kandor bin fam ennas ya wddi wah 7ta dakh rras w 3ad bda yshki hammi Ntfkr lbare7 ta khoyi wla ddydi
0823,Lotfi DK,Rap Lourd,Maghrebi,دوكة نبدا bien، نكتب ڨد ڨد كلام كامل، قادر ومڨدّد انا كلامي ندڨدڨ نديڨلانڨي ندڨل كي تڨدّم ما تكدّب انا كلامي هيبة، موهبة، مهيبلة مهدهد مهم ما نهدّد ما نهدر بلا ما ننهدّم ما نهدّأ مي ديما مهدّد مالا تهدّن ! (تهدن) تربّى ياباد مع اولاد عنّابة پاپا والفنا الغربة من صغرنا وخاطينا البلابلابلابلا بنّة والظرافة والرطابة تتبلّى علينا، تتربّى ضربة على ضربة كل مرة؛ طبرا تاطرا تطلع برّة بكري سمّاونا الفلّاڨة من سطيف لڨالمة لخرّاطة واليوم كي جبدنا الفنّة دة اهم ڨالوا علينا خلّاطة وڨّفنا ضد المخطّطات خيطوا الخطّة بالخِطابة تغرقوا الغاشي في الخطّاطة زطلة غبرة كل خبّاطة رجعوا الشبيبة مغمّضة ماذابيهم تخطي البوليتيك تيلمو عيّينا ملّينا ولّينا كلنا بوليميك احكي على التِكنيك ـles déclicsـ les piques lyrics ـ ولّا les répliques ـl'équipeـ la clique ولّا عالـpublic ـles bites rythmiques ولا البريك بيت هذايا راپ Lourd راپ fool راپ غول راپ hool راپ boom راپ تاع واحد مهبول راپ ديما engagé، والله شي او ديما اونڨاجي ـenragé، راه ديما ساجي باش يتفاجي عالغاشي (X2) رولي رولي، من بكري كانوا يڨولوا عليّا حنكولي كانوا يڨولوا بلّي هاو يبريكولي وكلماته كل كوپيي كولي كنّنا نبانوا كابرين تڨول في كوري بـ la dictature كيما لاكوري 1 وانا ديما من كاپ كاناڥِران كلامي يديكوني يديكولي راپ كروني اني ڨلتها بكري كاش ياك غنايا بلا ميساج كي شغل فوطو بلا الفلاش كِشغل جندي بلا الكلاش ولّا جيجل بلا ذوك les plages كِشغل دحمان بلا الحرّاش ولّا Guns N'Roses بلا السلاش يعني باينة ماتصلحش كل كلمة تجي معاها كلمة كِشغل نڨولّك سطيف، تقولّ لي جميلة ومعاه العلمة معلوم العلّة راهي عنّا وعالمعموم راهي عند العامّة نعطيكم معلومة عنها معايا تدير ثقافة عامّة كي نڨولّك الأنبياء تڨول لي: الشّام وبلاد فارس كي نڨولّك الـNBA تڨول لي: les bolls و les leakers نڨولّك Bob ـ: les Wailers California ـ: les Eagles وكي نڨولّك الروك تڨول لّي الـStones و les Beatles كل حاجة عنوانها بارز من الروم للـEmpire des Perses الحقد ديما يتبارز والحق لازم له فارس الحڨرة راهي كي تتمارس تتحايد ولّا تتحاوز تحبّك حازن وحابس مالا اسمع باه تزيد تتحمّس اني مواطن 'لي يباطي يكومباطي الظلم ولّا الباطل مشني بطل جامي نبطل حتّى نبدّل ما هو باطن ماضي نناضل نبادر، نهدر قلبي نابض للمناظر هوما مرضى، ولّاو ماربر باردين perdu في المنابر درك راني نناظر ونحاضن نحاول نكون حاضر ونحذّر حايب نحارب ونحاذر من لحمي حبري ينحدر وانت راك حامل المحاين في حياتك حالم راك حايب بصح محال راك تتحايل على ذيكة فيا راك حاير هذايا راپ Lourd راپ fool راپ غول راپ hool راپ boom راپ تاع واحد مهبول راپ ديما engagé، والله شي او ديما اونڨاجي ـenragé، راه ديما ساجي باش يتفاجي عالغاشي (X2) الغنا حلال ولّا حرام انا ما نفتي ما نحاسب كاين وش قال ابن تيمية و وش قال ابن حزم القضية كي التحزب كل واحد بقناعته المهم الدين مبني على خمسة ولازم نحافظوا على قواعده ما تكونش كيما دوك 'لي يقعدوا في شوكة متشددين الشارع شايع وشبّع بشباب متشردين الكاشي شرّه كبير الشراب كِشغل اهو بير والـjeune اهم جرّوا بحياته شعلت كِتشرنوبيل اه دير وش تدير تنصح تصلح وتكون الصح بصح الناس راحَة تقسح يڨولوا انت 'لي ما تصلح اسمع صوتك راح يتصدّع تصبح انسان قاسي ومنسي عاصي ومرزي بسيف بسيف تخطي راسي ونفسي نفسي راح يڨولوا باطار راح يڨولوا غدّار راح يڨولوا هدّار راح يڨولوا حڨّار راح يڨولوا طروطار راه عڨب رادار درك جيب الكبران يهبطوا المطار راح يڨولوا خربها وهردها هدّد، هدّمها وندبها حاب يلهبها ويتهنّى يحكي على همها ويتهمّها كيما انا ڨالوا عليا: راه fool راه mort، راه يموت راه يكسّر les tabous ڨالوا عليا: راه يدور راه يبور راه يذوب راه اليوم كلماته Tabou ڨالوا خايب خاين دراپو كفنه دفنه حفروا دراپو قف في الطابور ركب في باطو طردوه طردوه طردوه فض كيما كريم طابو كاين 'لي يڨولوا حڨروه كاين 'لي يڨولوا حركوه كاين 'لي يڨولوا حرضوه كاين 'لي يڨولوا حظروه كاين 'لي يڨولوا حذروه كاين 'لي يڨولوا حاربوه كاين 'لي يڨولوا راه معَوّل بالعاني على العالم يعاير المعالِيم بعمايله ربح غير الدعاوي يعاني مي معاه الرب العالي هذايا راپ Lourd راپ fool راپ غول راپ hool راپ boom راپ تاع واحد مهبول راپ ديما engagé، والله شي او ديما اونڨاجي ـenragé، راه ديما ساجي باش يتفاجي عالغاشي (X2) 1. كوريا شمالية
0824,Si Lemhaf,Fok 3aad,Maghrebi,"3arqi chertellah, masbout fi bit laq3aad Nbarbech fel connection, qallek tekhdem sa3aat L karhba en panne mlaw7a men nhar la7ad (7ad) (7ad) L'ordina(teur) mhattek-tek-tek-tek maqal 7ad 7ad Korsi il birou 7moum tqoul qa3ed fe stade W el lavabou mazdoud qoddemou tqoul qa3ed nestad Zla3t seqi fi 3adhra, chahrine la tawa ma brat 7oumti kol mitrou 7ofra, bellehi fok 3aad F f f Fok 3aaaad, Fok 3aaaad-Fok 3aaad F f f Fok 3aaaad, Fo Fok 3aaaad-Ti Fok 3aaad F f f Fok 3aaaad, Fok 3aaaad-Fok 3aaad F f f Fok 3aaaad, Fo Fok 3aaaad-Ti Fok 3aaad Ki tchatti chwaya nji nsurfi f il faydhanet (net) (net) B jambi el koll tetdhammer, kbar zghar wled webnet 3andi lista sitet, enjarreb la page mchet Qrit fi lycee mdammer, la7yout 7achek papier toilette Qtates w kleb tartine fel keyeset W ki na3mel telifoun, tqoul notlob fi robowet Tah qolli chnowa l7al, en3ani meresowet W haw echarge wfet, bellehi fok 3ed F f f Fok 3eeeed, Fok 3eeeed-Fok 3eeed F f f Fok 3eeeed, Fok 3eeeed-Ti Fok 3eeed F f f Fok 3eeeed, Fok 3eeeed-Fok 3eeed F f f Fok 3eeeed, Fok 3eeeed-Ti Fok 3eeed Nachta7 kima n7eb hani nbambi ki waka waka Msakker fomi wnerkez w chqawlek behichi haka Jey nbaddel f ejjaou, okhti mouch jey bech netchakka W idha ma 3ajbekchi, hiz dabchek w barra ettakka. F f f Fok 3eeeed, Fok 3eeeed-Fok 3eeed F f f Fok 3eeeed, Fok 3eeeed-Ti Fok 3eeed F f f Fok 3eeeed, Fok 3eeeed-Fok 3eeed F f f Fok 3eeeed, Fok 3eeeed-Ti Fok 3eeed Yezzitchi tawa?"
0825,Sarit Hadad,לערוסה/עתונילקס (La'arusa),Maghrebi,לכל המרוקאים שנמצאים כאן איתנו בצרפת... אנא לערוסה אנא טילאלי וויגה בבה ג'אווה ורג'לי סובין סאללה לעריס לעריס אנא לערוסה ראסי לריס נוזל בסאללה סובילגרדו ... עטיווני אלקאס אלחבאב עטיווני אלקאס עטיווני אלקאס פאש אלמולי שואש ארוני אלקאס אלחבאב עטיווני אלקאס ודאק אלקאס נמנסיק לא מנה כאס ויס פיה האלא חבאב מא פי והלי שרבתו עלא מעאק לראיב ודבייבי ודהו יאמו ודביב ועמלי וירג’א יאול חביב עטיווני אלקאס אלחבאב עטיווני אלקאס עטיווני אלקאס פאש אלמולי שואש ארוני אלקאס אלחבאב עטיווני אלקאס ודאק אלקאס נמנסיק לא מנה וולויסקי סודהיה ואמתי ודיהיה לא מיניש נאי שווי עני ומטח ללג’בל אלעדאלי עטיווני אלקאס אלחבאב עטיווני אלקאס עטיווני אלקאס פאש אלמולי שואש ארוני אלקאס אלחבאב עטיווני אלקאס ודאק אלקאס נמנסיק לא מנה מוסיקא
0826,Oulahlou,حرقونا (Hommage à Djamel Bensmail) (Hargouna),Maghrebi,بسم الله نبدا بصلاتي وسلامي مفتاح الابيات يا ناس الغيوان اياتي والسهرة معاكم حيات وصغري 'دّى يا البنات والقعدة معاكم حلات والقعدة معاكم حلات في الماية والزيداني وداني، داني، داني كي كنت على ديداني وداني، داني، داني ودار الزمن وبقيته حلاني اليلة ومعاك الليلة خير من الف ليلة وليلة انا وياك يا الخليلة ودموع اوطارك الحنينة بحجر الظلمة تخبينا تحت النجوم شحال غنينا تحت النجوم شحال غنينا في الماية والزيداني وداني، داني، داني كي كنت على ديداني وداني، داني، داني ودار الزمن وبقيته حلاني في بحر الماضي تخلوينا موجة دوقة تسايل السفينة ياويلك يا وجه النوارة ويلك يا اخدود الياسمين عيى عين الفوارة كي تفكرتك يا الاميمة كي تفكرتك يا الاميمة في الماية والزيداني وداني، داني، داني كي كنت على ديداني وداني، داني، داني ودار الزمن وبقيته حلاني طار الحمام، راح وخلاني لوكان خير معاه دّاني نشوف المنكر عيناني وَلا نضربوا بالمعاني اهوَ بجيوش وفرساني اش ندير انا باقلامي اش ندير انا باقلامي في الماية والزيداني وداني، داني، داني كي كنت على ديداني وداني، داني، داني ودار الزمن وبقيته حلاني حرقونا الشمايت حرقونا حرقونا اولاد الحرام حرقونا حيين حرقونا الطف بينا يا رحمن حرقونا وحرقوك معانا ربي يرحمك يا جمال 1 ربي يرحمك يا جمال 1 في الماية والزيداني وداني، داني، داني كي كنت على ديداني وداني، داني، داني ودار الزمن وبقيته حلاني اه داني، داني، داني داك الواد الواد داني وداني، داني، داني كبحر الطوفان رماني وداني، داني، داني كي كنت على ديداني وداني، داني، داني ودار الزمن وبقيته حلاني (x4) 1. a. b. جمال بن سماعيل
0827,Si Lemhaf,آه (Ah),Maghrebi,"آه، آه، آه، آه! آه، آه، آه، آه! نزلت على جروح مش ناوية تبلح نجبد مروح ونخرج أوجاع من داخل مضروب و نداوي بالنجاح وشنوة المطلوب بش بلي يرتاح؟ كبرت مع الضرب و مصنف بحدود نطاوع في العرف و الفكر المحدود فاش قام المجهود و فاش قام الدرس أش خبى المرفوض و أش صنع الهمز؟ أش تعرف مل ورد يا عاشق السلاح؟ ما تطلب إسمح كان فمك عال الفرد أش منطق القلب كي جاوب الحيوت؟ شربحنا من حرب كي تبقى الأشباح؟ خارج عالعسار ب و خايف مل وقت حاسس بالبرد و عارق بالضغط معادش نتعلم لي يحسن و يفيد لازمني نتبهّم لا ندخل في حيط ما فدش سكات كملته في الطويل ما فدش عياط و دباير الليل لحرابش ل أشعب و شكونو الـ ""psy""؟ وينك يا الرب و ليدعا لك حزين غلطوني في المكتب، في الدار و في الدين يساري لي تكتب حبوها لليمين طمعو بمستقبل جرّوني كالخيل قدّاش باش نستحمل خليوني ترانكيل آه، آه، آه، آه! آه، آه، آه، آه! شركة في الرقبة و مزالنا العبيد نحلّو في العقدة و لازمنا تجديد كي الدولة كي الشعب من نفس النفاق حصلوا في الخدعة و يسبّوا لي فاق ردع و يسّق و بالسيف عليك كل خطوة بحساب و الحاجز في الطريق نتقاسوا بأملاك و سوم كسويك معادش أذواق وحياتنا تسويق عندي هال فنّ و العائلة القريبة معالج الآلام و الضحكة تواتيني صحة البدن و قعدت في جنينة ما حاشتي بمحن اللي فمة مزّزيني في وذني الألحان و ركّشت لتالي فاهم اللي خان، اللي تخانوا و زنّي فاهم اللي عطى و فهمت الأنانية فارز الحرام الحلال و الإنساني نعرف اللي تضِيض و وزنت الأماني مغمض العين و لسانها في لساني نعمل في العيب حزامها في حزامي نعرف اللي صعيب باش تفهم أحزاني نخذك قد عقلك ارتاحلي و يلزمني نخمم في راسي و نضمهم لصدري خمّم في عقلك معادش مستني مسلّم في نفسي و بيناتهم كالدمي نكتبلك من توا هال أسطر اللي تعني تو يوصلوا بالمدة و كي يرجع الوعي المعنى و رميتو و إحساسي مشجعني وحدي في البيت و ستايلو طاوعني آه!"
0828,Hameed Al-Shaery,جيت يا شتا (Jeet Ya Sheta),Maghrebi,ياني ياني، ياني ياني جيت يا شتا، شايل معاك أسرار جيت يا شتا، احكي ع اللي صار جيت يا شتا، شايل معاك أسرار جيت يا شتا، احكي ع اللي صار جيت من بعيد، من أرض أجدادي شايل معاك دمعة من الوادي جيت من بعيد، من أرض أجدادي شايل معاك دمعة من الوادي جيت يا شتا، جيت يا شتا جيت يا شتا، جيت يا شتا شايل معاك أسرار شايل معاك أسرار جيت يا شتا، شايل معاك أسرار جيت يا شتا، احكي ع اللي صار جيت يا شتا، شايل معاك أسرار جيت يا شتا، احكي ع اللي صار احكيلي عن صبية، خليت معاها فؤادي من صغري أنا و هي، شربنا نبع الوادي احكيلي عن صبية، خليت معاها فؤادي من صغري أنا و هي، شربنا نبع الوادي احكيلي مهما كان فرقنا هالزمان و بقيت في النسيان جيت يا شتا، جيت يا شتا جيت يا شتا، جيت يا شتا شايل معاك أسرار شايل معاك أسرار جيت يا شتا، شايل معاك أسرار جيت يا شتا، احكي ع اللي صار جيت يا شتا، شايل معاك أسرار جيت يا شتا، احكي ع اللي صار جيت يا شتا، شايل معاك أسرار جيت يا شتا، احكي ع اللي صار جيت يا شتا
0829,Yousra Saouf,بغيتو حلالي (Bghito Halali),Maghrebi,خطفتو ولقلبي بغيتو حلالي اجي لعندي يا روحي انت غالي نتمنى نبقى جنبك وتكون ديالي اويلي من حبك ويلي يا غزالي خطفتو ولقلبي بغيتو حلالي اجي لعندي يا روحي انت غالي نتمنى نبقى جنبك وتكون ديالي اويلي من حبك ويلي يا غزالي الشوق بقلبي ديما يكبر ويزيد كثر عنو ما نصبر لا ولا نقدر نعيش منغير حبو لي حلمت بيه نبغيه نبغيه ولا نبغي غيرو هذا حلمي وبغيتو جنبي طول عمري ايدي بيديه خطفتو ولقلبي بغيتو حلالي اجي لعندي يا روحي انت غالي نتمنى نبقى جنبك وتكون ديالي اويلي من حبك ويلي يا غزالي هو حبيبي الزين ديالي شوفو حالي راه ادا عقلي ومتلفني وبحبو تبليت انا تكويت غير هو الي يعرف كيفاش يداوني تبان في عيوني بلي يبغيني هو عمري هو عمري خطفتو ولقلبي بغيتو حلالي اجي لعندي يا روحي انت غالي نتمنى نبقى جنبك وتكون ديالي اويلي من حبك ويلي يا غزالي خطفتو ولقلبي بغيتو حلالي اجي لعندي يا روحي انت غالي نتمنى نبقى جنبك وتكون ديالي اويلي من حبك ويلي يا غزالي
0830,Manal (Morocco),دنيا (Denia),Maghrebi,الدنيا غدارة و الناس حكارة والسوايع بدالة والفلك يدور مرضات النفوس عبدات الفلوس لاناهي ولا من يخاف القدوس غر الناس الطمع وغلب عليهم الجشع هادا ينصب هادا و هادا يزور الشهادة الدنيا ما تدوم وإلا دامت للفرعون راجع نفسك وخاف وخفف شوية على الكتاف والناقة ما ترضع الخروف والتراب هو لي يعمر الجوف الدنيا غدارة و الناس حكارة والسوايع بدالة والفلك يدور مرضات النفوس عبدات الفلوس لاناهي ولا من يخاف القدوس دير الخير ونساه دوز ليام وتلقاه فوض أمزك لله هو لكبير سبحانه الدنيا ما تدوم وإلا دامت للفرعون راجع نفسك وخاف وخفف شوية على الكتاف والناقة ما ترضع الخروف والتراب هو لي يعمر الجوف الدنيا غدارة و الناس حكارة والسوايع بدالة والفلك يدور مرضات النفوس عبدات الفلوس لاناهي ولا من يخاف القدوس
0831,Weld Lgriya,عاش الشعب (3acha cha3b),Maghrebi,[المقدمة : لزعر] لزعر، لڭناوي، لڭرية عاش الشعب غير قولى واش غنسكتو على خلا دار بها ولا على للي خور جدودنا بجددو وكلاها مغا يكفيكم معنا تهريب.. مغيكفيكم معنا قرطاس حالفين بربي ما غانتفاكو .. حتا نقبضو اللفعة من الراس [المقطع الأول : لزعر] ماجيتش نلحس ولا نعيش .. جيت نعطيك القنبول الا ما قادش تحس بهدرتي يالاه تنحا وزول شي كايخاف من هدرتنا .. وشي كايخاف من لسانا ما عارفيناش بلي مدبوحين .. والأزمة لي مهدرانا انا المقصح.. انا المذبوح.. انا المهضوم انا المواطن المغربي لي عمقتو جرحو نتوم انا لى بايعت وتباعيت.. انا لى تيقت وتخانيت انا لى جيبت الاستقلال.. وعمرى بيه ما حسيت انا الأم لي ماتوا ولادها.. فالبحور ياما بكيت انا الأب اللى رميتوه فالحدادة وبولادي ضحيت انا المواطن المقهور .. انا الدرويش المحكور انا الموجز المضروب.. انا المتعاقد المنبوذ انا الموطف لى رديتوه بالاقتطاعات مخنوق انا الحر.. لى مور الكرية مشدود انا الريفي لى كانحلم يزيان الريف انا الجبلي لى خليتو قدامو غي الكيف بلا ما تسولنى على الثروة.. شكون لي كلا فينا المال شكون لى مستافد من جوج بحور ومقالع الرمال شكون طاحن الفوسفاط.. وكاسب كاع الشركات الكبرى شكون طاحن البلاد طحين.. وباقي كايقلب على الثروة صباح الخير اشريف.. را صيفنا ولا خريف لا كنا 40 مليون.. را 30 كالسين معاك غي بالسيف كانأمنو بالله كنبغيو الوطن وكنموتو عالشعب ماغيبقاش الفقر..حيتاش كولشي غايهرب الهربة 2020 [اللازمة : لزعر] بإسم الشعب.. عاش الشعب..وعاش لي درويش ياما رانى ساخط.. كي بغيتنى ما ندويش غرقونا بالحشيش.. ودمرو حياتنا بالفانيد مينطو حلامنا ولاد الكلب .. باش نبقاو ليهم غير عبيد بإسم الشعب.. عاش الشعب..وعاش لي درويش ياما رانى ساخط.. كي بغيتنى ما ندويش غرقونا بالحشيش.. ودمرو حياتنا بالفانيد مينطو حلامنا ولاد الكلب .. باش نبقاو ليهم غير عبيد [المقطع الثاني : لڭناوي] ما باغي والو من هاد البلاد.. باغي غي نرتاح باغي التعادل وما ناكل وربحو بالرباح قطعنا اليأس من النجاح.. وبحينا بالصياح كاتأديونا وطلبونا نطلبو منكم السماح جيت للدنيا لقيت واليديا مفرشين كاشا على الضس وبا بتامارا مكرفس.. ومي كتجوع باش دس وكبرنا بأتاى والخبز.. والنهار المزوهر العدس لوبيا وحمص.. ما شبعانين دتا قص وما عندى ما نلبس او دمنا كايتمص تهرسنا مالقينا الكبص.. مألمين وقاطعين الحس غاديين غا بجنب الحيط .. هاكاك ومشينا للحبس غتاصبتو لينا الكرامة.. وكسرتو فينا النفس خسرنا معاكم العمر.. مابقاش ليا علاش نخاف حنايا مالين الدار.. وعيشتونا فيها ضياف كيفاش غانحب هاد الوطن.. لي هاز عليا الكتاف كحلتو الدنيا فعينى.. حياة بدون هدَف [اللازمة : لزعر] بإسم الشعب.. عاش الشعب..وعاش لي درويش ياما رانى ساخط.. كي بغيتنى ما ندويش غرقونا بالحشيش.. ودمرو حياتنا بالفانيد مينطو حلامنا ولاد الكلب .. باش نبقاو ليهم غير عبيد بإسم الشعب.. عاش الشعب..وعاش لي درويش ياما رانى ساخط.. كي بغيتنى ما ندويش غرقونا بالحشيش.. ودمرو حياتنا بالفانيد مينطو حلامنا ولاد الكلب .. باش نبقاو ليهم غير عبيد [المقطع الثاني : ولد الڭرية] انا من الذل، الجوع والقهرة .. فين عليا بكات أمى كي السراط مشيت للشعرة.. كتبت حروفها من دمي جالا جات فكتاب القاري.. رسالة جات من عند أمى لى حامينا حرامينا.. كولشي فهم بلا ما نسمي عدنا أمير المدمنين.. لبس سلهام د الأسلام مستشار وعرق يهودى.. البرا الدروة اغولاى نصف الشعب رديتوه يسعي.. ونتا حتافل بفاتح ماي لي شادينها يعرفو الله.. اودي ميمتي غير نساي كلبنا سادسنا.. حاكمنا ضالمنا كلاب الكساوى قمعونا عطونا حقنا فهاد البلاد.. ولا جمعونا وعدمونا عطينى حقي ولا شارجي وتيري فيا سلاح الموت الله الوطن، الثالث يمشي.. هادا شعار ديال الخوت نموت لك راجل حسن ما تعيش.. عندك هوية فيها مشموت قلبي خوف من الله الأحد.. ماشي من ديكتاتور مكبوت غادى لعب بالخفيف.. بالي بلا منزيد نتقل هادو تلاتة لى فالبلاد.. دايرين كيف الضراس د العقل حكمنا كاع ما ساوى والو من غير بوليد وسقال غير خودونا غير عدمونا.. لوحونا فى البحر بالحجر والتقال غير لي هدر بإسم الشعب وقال العيب فلي حاكم ردوه اسلامي متطرف.. قالو ارهابي وغادى يساهم اشمن خير غادى تلقا.. فبلاد جدورها غير كزادم نهار شدو زمام الأمور.. سعاو فالطيلي 5 دراهم [اللازمة : لزعر] بإسم الشعب.. عاش الشعب..وعاش لي درويش ياما رانى ساخط.. كي بغيتنى ما ندويش غرقونا بالحشيش.. ودمرو حياتنا بالفانيد مينطو حلامنا ولاد الكلب .. باش نبقاو ليهم غير عبيد بإسم الشعب.. عاش الشعب..وعاش لي درويش ياما رانى ساخط.. كي بغيتنى ما ندويش غرقونا بالحشيش.. ودمرو حياتنا بالفانيد مينطو حلامنا ولاد الكلب .. باش نبقاو ليهم غير عبيد
0832,Yousra Saouf,حبيبي مختلف (Habiby Mokhtalef),Maghrebi,الكلام ما يوصف صفاته حبيبي في زينه اية في عزة نفسه وفي خطواته في نظرة صارت حكاية سلبني روحي وبكلماته حيرني سالى معايا هو قاضي يحكم بحكامه هو شاعر رواية أنا حبيبي مختلف خلى عقلي تالف كيندير يا ناس معاه أنا حبيبي مختلف يعجبني إلى غار علي يحسسني بالأمان راجل بالمعنى وسمية فكرني بروميو د زمان إلى امرني نفذ من غير ما نتردد عليه الناس لموني والحساد في تحسد أنا حبيبي مختلف خلى عاقلي تالف كيندير يا ناس معاه أنا حبيبي مختلف الكلام ما يوصف صفاته حبيبي في زينه اية في عزة نفسه وفي خطواته في نظرة صارت حكاية سلبني روحي وبكلماته حيرني سالى معايا هو قاضي يحكم بحكامه هو شاعر رواية
0833,Khaled,وهران لمارساي (أورا ميكس) (Oran Marseille (Oran Mix)),Maghrebi,قولوا لعمري وقلبي ما ينساكشي من وهران لمارساي دلّالي من وهران لمارساي دلّالي قولوا لعمري الكبدة اتقطعت بين زوج من وهران لمارساي دلّالي من وهران لمارساي دلّالي يانا بغيت لقليبي المحنة الفاكرة من وهران لمارساي دلّالي من وهران لمارساي دلّالي خلّوا البحَر ياكُلني ولّا زعافها من وهران لمارساي دلّالي من وهران لمارساي دلّالي يانا كليت الهمة يانا بيها نهنيها من وهران لمارساي دلّالي من وهران لمارساي دلّالي يانا كليت اللفعة يا بيها نسمّيها من أورا لمارساي دلّالي من وهران لمارساي دلّالي حتى نقول نبطّل وترضى لي علي من وهران لمارساي دلّالي من وهران لمارساي دلّالي تلمون نبغيها يا نبدا نجيبها من وهران لمارساي دلّالي من أورا لمارساي دلّالي واختي الزين العربي وتقول قوري من وهران لمارساي دلّالي من وهران لمارساي دلّالي يعطيكي محنة كي محَنتي تعديبك وآه من وهران لمارساي دلّالي من وهران لمارساي دلّالي
0834,Hatim Ammor,Psychologue,Maghrebi,La tsa2lni la tsawlni 3la 7al ennas 3yiti ma twsl lklam bayna Allah y7d lbas Ya mali w malhom 7ali w 7alhom Wallah ma yqddo ydkhlo li had rras 3yit njarrb kol lila chi khtrat Nshrb anaya kisan f lbar w nsali bshi ntrat Ya qalo maloh 7kayto 7kaya Kandor bin fam ennas ya wddi wah 7ta dakh rras w 3ad bda yshki hammi Ntfkr lbare7 ta khoyi wla ddydi
0835,Lotfi DK,Rap Lourd,Maghrebi,دوكة نبدا bien، نكتب ڨد ڨد كلام كامل، قادر ومڨدّد انا كلامي ندڨدڨ نديڨلانڨي ندڨل كي تڨدّم ما تكدّب انا كلامي هيبة، موهبة، مهيبلة مهدهد مهم ما نهدّد ما نهدر بلا ما ننهدّم ما نهدّأ مي ديما مهدّد مالا تهدّن ! (تهدن) تربّى ياباد مع اولاد عنّابة پاپا والفنا الغربة من صغرنا وخاطينا البلابلابلابلا بنّة والظرافة والرطابة تتبلّى علينا، تتربّى ضربة على ضربة كل مرة؛ طبرا تاطرا تطلع برّة بكري سمّاونا الفلّاڨة من سطيف لڨالمة لخرّاطة واليوم كي جبدنا الفنّة دة اهم ڨالوا علينا خلّاطة وڨّفنا ضد المخطّطات خيطوا الخطّة بالخِطابة تغرقوا الغاشي في الخطّاطة زطلة غبرة كل خبّاطة رجعوا الشبيبة مغمّضة ماذابيهم تخطي البوليتيك تيلمو عيّينا ملّينا ولّينا كلنا بوليميك احكي على التِكنيك ـles déclicsـ les piques lyrics ـ ولّا les répliques ـl'équipeـ la clique ولّا عالـpublic ـles bites rythmiques ولا البريك بيت هذايا راپ Lourd راپ fool راپ غول راپ hool راپ boom راپ تاع واحد مهبول راپ ديما engagé، والله شي او ديما اونڨاجي ـenragé، راه ديما ساجي باش يتفاجي عالغاشي (X2) رولي رولي، من بكري كانوا يڨولوا عليّا حنكولي كانوا يڨولوا بلّي هاو يبريكولي وكلماته كل كوپيي كولي كنّنا نبانوا كابرين تڨول في كوري بـ la dictature كيما لاكوري 1 وانا ديما من كاپ كاناڥِران كلامي يديكوني يديكولي راپ كروني اني ڨلتها بكري كاش ياك غنايا بلا ميساج كي شغل فوطو بلا الفلاش كِشغل جندي بلا الكلاش ولّا جيجل بلا ذوك les plages كِشغل دحمان بلا الحرّاش ولّا Guns N'Roses بلا السلاش يعني باينة ماتصلحش كل كلمة تجي معاها كلمة كِشغل نڨولّك سطيف، تقولّ لي جميلة ومعاه العلمة معلوم العلّة راهي عنّا وعالمعموم راهي عند العامّة نعطيكم معلومة عنها معايا تدير ثقافة عامّة كي نڨولّك الأنبياء تڨول لي: الشّام وبلاد فارس كي نڨولّك الـNBA تڨول لي: les bolls و les leakers نڨولّك Bob ـ: les Wailers California ـ: les Eagles وكي نڨولّك الروك تڨول لّي الـStones و les Beatles كل حاجة عنوانها بارز من الروم للـEmpire des Perses الحقد ديما يتبارز والحق لازم له فارس الحڨرة راهي كي تتمارس تتحايد ولّا تتحاوز تحبّك حازن وحابس مالا اسمع باه تزيد تتحمّس اني مواطن 'لي يباطي يكومباطي الظلم ولّا الباطل مشني بطل جامي نبطل حتّى نبدّل ما هو باطن ماضي نناضل نبادر، نهدر قلبي نابض للمناظر هوما مرضى، ولّاو ماربر باردين perdu في المنابر درك راني نناظر ونحاضن نحاول نكون حاضر ونحذّر حايب نحارب ونحاذر من لحمي حبري ينحدر وانت راك حامل المحاين في حياتك حالم راك حايب بصح محال راك تتحايل على ذيكة فيا راك حاير هذايا راپ Lourd راپ fool راپ غول راپ hool راپ boom راپ تاع واحد مهبول راپ ديما engagé، والله شي او ديما اونڨاجي ـenragé، راه ديما ساجي باش يتفاجي عالغاشي (X2) الغنا حلال ولّا حرام انا ما نفتي ما نحاسب كاين وش قال ابن تيمية و وش قال ابن حزم القضية كي التحزب كل واحد بقناعته المهم الدين مبني على خمسة ولازم نحافظوا على قواعده ما تكونش كيما دوك 'لي يقعدوا في شوكة متشددين الشارع شايع وشبّع بشباب متشردين الكاشي شرّه كبير الشراب كِشغل اهو بير والـjeune اهم جرّوا بحياته شعلت كِتشرنوبيل اه دير وش تدير تنصح تصلح وتكون الصح بصح الناس راحَة تقسح يڨولوا انت 'لي ما تصلح اسمع صوتك راح يتصدّع تصبح انسان قاسي ومنسي عاصي ومرزي بسيف بسيف تخطي راسي ونفسي نفسي راح يڨولوا باطار راح يڨولوا غدّار راح يڨولوا هدّار راح يڨولوا حڨّار راح يڨولوا طروطار راه عڨب رادار درك جيب الكبران يهبطوا المطار راح يڨولوا خربها وهردها هدّد، هدّمها وندبها حاب يلهبها ويتهنّى يحكي على همها ويتهمّها كيما انا ڨالوا عليا: راه fool راه mort، راه يموت راه يكسّر les tabous ڨالوا عليا: راه يدور راه يبور راه يذوب راه اليوم كلماته Tabou ڨالوا خايب خاين دراپو كفنه دفنه حفروا دراپو قف في الطابور ركب في باطو طردوه طردوه طردوه فض كيما كريم طابو كاين 'لي يڨولوا حڨروه كاين 'لي يڨولوا حركوه كاين 'لي يڨولوا حرضوه كاين 'لي يڨولوا حظروه كاين 'لي يڨولوا حذروه كاين 'لي يڨولوا حاربوه كاين 'لي يڨولوا راه معَوّل بالعاني على العالم يعاير المعالِيم بعمايله ربح غير الدعاوي يعاني مي معاه الرب العالي هذايا راپ Lourd راپ fool راپ غول راپ hool راپ boom راپ تاع واحد مهبول راپ ديما engagé، والله شي او ديما اونڨاجي ـenragé، راه ديما ساجي باش يتفاجي عالغاشي (X2) 1. كوريا شمالية
0836,Si Lemhaf,Fok 3aad,Maghrebi,"3arqi chertellah, masbout fi bit laq3aad Nbarbech fel connection, qallek tekhdem sa3aat L karhba en panne mlaw7a men nhar la7ad (7ad) (7ad) L'ordina(teur) mhattek-tek-tek-tek maqal 7ad 7ad Korsi il birou 7moum tqoul qa3ed fe stade W el lavabou mazdoud qoddemou tqoul qa3ed nestad Zla3t seqi fi 3adhra, chahrine la tawa ma brat 7oumti kol mitrou 7ofra, bellehi fok 3aad F f f Fok 3aaaad, Fok 3aaaad-Fok 3aaad F f f Fok 3aaaad, Fo Fok 3aaaad-Ti Fok 3aaad F f f Fok 3aaaad, Fok 3aaaad-Fok 3aaad F f f Fok 3aaaad, Fo Fok 3aaaad-Ti Fok 3aaad Ki tchatti chwaya nji nsurfi f il faydhanet (net) (net) B jambi el koll tetdhammer, kbar zghar wled webnet 3andi lista sitet, enjarreb la page mchet Qrit fi lycee mdammer, la7yout 7achek papier toilette Qtates w kleb tartine fel keyeset W ki na3mel telifoun, tqoul notlob fi robowet Tah qolli chnowa l7al, en3ani meresowet W haw echarge wfet, bellehi fok 3ed F f f Fok 3eeeed, Fok 3eeeed-Fok 3eeed F f f Fok 3eeeed, Fok 3eeeed-Ti Fok 3eeed F f f Fok 3eeeed, Fok 3eeeed-Fok 3eeed F f f Fok 3eeeed, Fok 3eeeed-Ti Fok 3eeed Nachta7 kima n7eb hani nbambi ki waka waka Msakker fomi wnerkez w chqawlek behichi haka Jey nbaddel f ejjaou, okhti mouch jey bech netchakka W idha ma 3ajbekchi, hiz dabchek w barra ettakka. F f f Fok 3eeeed, Fok 3eeeed-Fok 3eeed F f f Fok 3eeeed, Fok 3eeeed-Ti Fok 3eeed F f f Fok 3eeeed, Fok 3eeeed-Fok 3eeed F f f Fok 3eeeed, Fok 3eeeed-Ti Fok 3eeed Yezzitchi tawa?"
0837,Sarit Hadad,לערוסה/עתונילקס (La'arusa),Maghrebi,לכל המרוקאים שנמצאים כאן איתנו בצרפת... אנא לערוסה אנא טילאלי וויגה בבה ג'אווה ורג'לי סובין סאללה לעריס לעריס אנא לערוסה ראסי לריס נוזל בסאללה סובילגרדו ... עטיווני אלקאס אלחבאב עטיווני אלקאס עטיווני אלקאס פאש אלמולי שואש ארוני אלקאס אלחבאב עטיווני אלקאס ודאק אלקאס נמנסיק לא מנה כאס ויס פיה האלא חבאב מא פי והלי שרבתו עלא מעאק לראיב ודבייבי ודהו יאמו ודביב ועמלי וירג’א יאול חביב עטיווני אלקאס אלחבאב עטיווני אלקאס עטיווני אלקאס פאש אלמולי שואש ארוני אלקאס אלחבאב עטיווני אלקאס ודאק אלקאס נמנסיק לא מנה וולויסקי סודהיה ואמתי ודיהיה לא מיניש נאי שווי עני ומטח ללג’בל אלעדאלי עטיווני אלקאס אלחבאב עטיווני אלקאס עטיווני אלקאס פאש אלמולי שואש ארוני אלקאס אלחבאב עטיווני אלקאס ודאק אלקאס נמנסיק לא מנה מוסיקא
0838,Oulahlou,حرقونا (Hommage à Djamel Bensmail) (Hargouna),Maghrebi,بسم الله نبدا بصلاتي وسلامي مفتاح الابيات يا ناس الغيوان اياتي والسهرة معاكم حيات وصغري 'دّى يا البنات والقعدة معاكم حلات والقعدة معاكم حلات في الماية والزيداني وداني، داني، داني كي كنت على ديداني وداني، داني، داني ودار الزمن وبقيته حلاني اليلة ومعاك الليلة خير من الف ليلة وليلة انا وياك يا الخليلة ودموع اوطارك الحنينة بحجر الظلمة تخبينا تحت النجوم شحال غنينا تحت النجوم شحال غنينا في الماية والزيداني وداني، داني، داني كي كنت على ديداني وداني، داني، داني ودار الزمن وبقيته حلاني في بحر الماضي تخلوينا موجة دوقة تسايل السفينة ياويلك يا وجه النوارة ويلك يا اخدود الياسمين عيى عين الفوارة كي تفكرتك يا الاميمة كي تفكرتك يا الاميمة في الماية والزيداني وداني، داني، داني كي كنت على ديداني وداني، داني، داني ودار الزمن وبقيته حلاني طار الحمام، راح وخلاني لوكان خير معاه دّاني نشوف المنكر عيناني وَلا نضربوا بالمعاني اهوَ بجيوش وفرساني اش ندير انا باقلامي اش ندير انا باقلامي في الماية والزيداني وداني، داني، داني كي كنت على ديداني وداني، داني، داني ودار الزمن وبقيته حلاني حرقونا الشمايت حرقونا حرقونا اولاد الحرام حرقونا حيين حرقونا الطف بينا يا رحمن حرقونا وحرقوك معانا ربي يرحمك يا جمال 1 ربي يرحمك يا جمال 1 في الماية والزيداني وداني، داني، داني كي كنت على ديداني وداني، داني، داني ودار الزمن وبقيته حلاني اه داني، داني، داني داك الواد الواد داني وداني، داني، داني كبحر الطوفان رماني وداني، داني، داني كي كنت على ديداني وداني، داني، داني ودار الزمن وبقيته حلاني (x4) 1. a. b. جمال بن سماعيل
0839,Si Lemhaf,آه (Ah),Maghrebi,"آه، آه، آه، آه! آه، آه، آه، آه! نزلت على جروح مش ناوية تبلح نجبد مروح ونخرج أوجاع من داخل مضروب و نداوي بالنجاح وشنوة المطلوب بش بلي يرتاح؟ كبرت مع الضرب و مصنف بحدود نطاوع في العرف و الفكر المحدود فاش قام المجهود و فاش قام الدرس أش خبى المرفوض و أش صنع الهمز؟ أش تعرف مل ورد يا عاشق السلاح؟ ما تطلب إسمح كان فمك عال الفرد أش منطق القلب كي جاوب الحيوت؟ شربحنا من حرب كي تبقى الأشباح؟ خارج عالعسار ب و خايف مل وقت حاسس بالبرد و عارق بالضغط معادش نتعلم لي يحسن و يفيد لازمني نتبهّم لا ندخل في حيط ما فدش سكات كملته في الطويل ما فدش عياط و دباير الليل لحرابش ل أشعب و شكونو الـ ""psy""؟ وينك يا الرب و ليدعا لك حزين غلطوني في المكتب، في الدار و في الدين يساري لي تكتب حبوها لليمين طمعو بمستقبل جرّوني كالخيل قدّاش باش نستحمل خليوني ترانكيل آه، آه، آه، آه! آه، آه، آه، آه! شركة في الرقبة و مزالنا العبيد نحلّو في العقدة و لازمنا تجديد كي الدولة كي الشعب من نفس النفاق حصلوا في الخدعة و يسبّوا لي فاق ردع و يسّق و بالسيف عليك كل خطوة بحساب و الحاجز في الطريق نتقاسوا بأملاك و سوم كسويك معادش أذواق وحياتنا تسويق عندي هال فنّ و العائلة القريبة معالج الآلام و الضحكة تواتيني صحة البدن و قعدت في جنينة ما حاشتي بمحن اللي فمة مزّزيني في وذني الألحان و ركّشت لتالي فاهم اللي خان، اللي تخانوا و زنّي فاهم اللي عطى و فهمت الأنانية فارز الحرام الحلال و الإنساني نعرف اللي تضِيض و وزنت الأماني مغمض العين و لسانها في لساني نعمل في العيب حزامها في حزامي نعرف اللي صعيب باش تفهم أحزاني نخذك قد عقلك ارتاحلي و يلزمني نخمم في راسي و نضمهم لصدري خمّم في عقلك معادش مستني مسلّم في نفسي و بيناتهم كالدمي نكتبلك من توا هال أسطر اللي تعني تو يوصلوا بالمدة و كي يرجع الوعي المعنى و رميتو و إحساسي مشجعني وحدي في البيت و ستايلو طاوعني آه!"
0840,Hameed Al-Shaery,جيت يا شتا (Jeet Ya Sheta),Maghrebi,ياني ياني، ياني ياني جيت يا شتا، شايل معاك أسرار جيت يا شتا، احكي ع اللي صار جيت يا شتا، شايل معاك أسرار جيت يا شتا، احكي ع اللي صار جيت من بعيد، من أرض أجدادي شايل معاك دمعة من الوادي جيت من بعيد، من أرض أجدادي شايل معاك دمعة من الوادي جيت يا شتا، جيت يا شتا جيت يا شتا، جيت يا شتا شايل معاك أسرار شايل معاك أسرار جيت يا شتا، شايل معاك أسرار جيت يا شتا، احكي ع اللي صار جيت يا شتا، شايل معاك أسرار جيت يا شتا، احكي ع اللي صار احكيلي عن صبية، خليت معاها فؤادي من صغري أنا و هي، شربنا نبع الوادي احكيلي عن صبية، خليت معاها فؤادي من صغري أنا و هي، شربنا نبع الوادي احكيلي مهما كان فرقنا هالزمان و بقيت في النسيان جيت يا شتا، جيت يا شتا جيت يا شتا، جيت يا شتا شايل معاك أسرار شايل معاك أسرار جيت يا شتا، شايل معاك أسرار جيت يا شتا، احكي ع اللي صار جيت يا شتا، شايل معاك أسرار جيت يا شتا، احكي ع اللي صار جيت يا شتا، شايل معاك أسرار جيت يا شتا، احكي ع اللي صار جيت يا شتا
0841,Yousra Saouf,بغيتو حلالي (Bghito Halali),Maghrebi,خطفتو ولقلبي بغيتو حلالي اجي لعندي يا روحي انت غالي نتمنى نبقى جنبك وتكون ديالي اويلي من حبك ويلي يا غزالي خطفتو ولقلبي بغيتو حلالي اجي لعندي يا روحي انت غالي نتمنى نبقى جنبك وتكون ديالي اويلي من حبك ويلي يا غزالي الشوق بقلبي ديما يكبر ويزيد كثر عنو ما نصبر لا ولا نقدر نعيش منغير حبو لي حلمت بيه نبغيه نبغيه ولا نبغي غيرو هذا حلمي وبغيتو جنبي طول عمري ايدي بيديه خطفتو ولقلبي بغيتو حلالي اجي لعندي يا روحي انت غالي نتمنى نبقى جنبك وتكون ديالي اويلي من حبك ويلي يا غزالي هو حبيبي الزين ديالي شوفو حالي راه ادا عقلي ومتلفني وبحبو تبليت انا تكويت غير هو الي يعرف كيفاش يداوني تبان في عيوني بلي يبغيني هو عمري هو عمري خطفتو ولقلبي بغيتو حلالي اجي لعندي يا روحي انت غالي نتمنى نبقى جنبك وتكون ديالي اويلي من حبك ويلي يا غزالي خطفتو ولقلبي بغيتو حلالي اجي لعندي يا روحي انت غالي نتمنى نبقى جنبك وتكون ديالي اويلي من حبك ويلي يا غزالي
0842,Manal (Morocco),دنيا (Denia),Maghrebi,الدنيا غدارة و الناس حكارة والسوايع بدالة والفلك يدور مرضات النفوس عبدات الفلوس لاناهي ولا من يخاف القدوس غر الناس الطمع وغلب عليهم الجشع هادا ينصب هادا و هادا يزور الشهادة الدنيا ما تدوم وإلا دامت للفرعون راجع نفسك وخاف وخفف شوية على الكتاف والناقة ما ترضع الخروف والتراب هو لي يعمر الجوف الدنيا غدارة و الناس حكارة والسوايع بدالة والفلك يدور مرضات النفوس عبدات الفلوس لاناهي ولا من يخاف القدوس دير الخير ونساه دوز ليام وتلقاه فوض أمزك لله هو لكبير سبحانه الدنيا ما تدوم وإلا دامت للفرعون راجع نفسك وخاف وخفف شوية على الكتاف والناقة ما ترضع الخروف والتراب هو لي يعمر الجوف الدنيا غدارة و الناس حكارة والسوايع بدالة والفلك يدور مرضات النفوس عبدات الفلوس لاناهي ولا من يخاف القدوس
0843,Weld Lgriya,عاش الشعب (3acha cha3b),Maghrebi,[المقدمة : لزعر] لزعر، لڭناوي، لڭرية عاش الشعب غير قولى واش غنسكتو على خلا دار بها ولا على للي خور جدودنا بجددو وكلاها مغا يكفيكم معنا تهريب.. مغيكفيكم معنا قرطاس حالفين بربي ما غانتفاكو .. حتا نقبضو اللفعة من الراس [المقطع الأول : لزعر] ماجيتش نلحس ولا نعيش .. جيت نعطيك القنبول الا ما قادش تحس بهدرتي يالاه تنحا وزول شي كايخاف من هدرتنا .. وشي كايخاف من لسانا ما عارفيناش بلي مدبوحين .. والأزمة لي مهدرانا انا المقصح.. انا المذبوح.. انا المهضوم انا المواطن المغربي لي عمقتو جرحو نتوم انا لى بايعت وتباعيت.. انا لى تيقت وتخانيت انا لى جيبت الاستقلال.. وعمرى بيه ما حسيت انا الأم لي ماتوا ولادها.. فالبحور ياما بكيت انا الأب اللى رميتوه فالحدادة وبولادي ضحيت انا المواطن المقهور .. انا الدرويش المحكور انا الموجز المضروب.. انا المتعاقد المنبوذ انا الموطف لى رديتوه بالاقتطاعات مخنوق انا الحر.. لى مور الكرية مشدود انا الريفي لى كانحلم يزيان الريف انا الجبلي لى خليتو قدامو غي الكيف بلا ما تسولنى على الثروة.. شكون لي كلا فينا المال شكون لى مستافد من جوج بحور ومقالع الرمال شكون طاحن الفوسفاط.. وكاسب كاع الشركات الكبرى شكون طاحن البلاد طحين.. وباقي كايقلب على الثروة صباح الخير اشريف.. را صيفنا ولا خريف لا كنا 40 مليون.. را 30 كالسين معاك غي بالسيف كانأمنو بالله كنبغيو الوطن وكنموتو عالشعب ماغيبقاش الفقر..حيتاش كولشي غايهرب الهربة 2020 [اللازمة : لزعر] بإسم الشعب.. عاش الشعب..وعاش لي درويش ياما رانى ساخط.. كي بغيتنى ما ندويش غرقونا بالحشيش.. ودمرو حياتنا بالفانيد مينطو حلامنا ولاد الكلب .. باش نبقاو ليهم غير عبيد بإسم الشعب.. عاش الشعب..وعاش لي درويش ياما رانى ساخط.. كي بغيتنى ما ندويش غرقونا بالحشيش.. ودمرو حياتنا بالفانيد مينطو حلامنا ولاد الكلب .. باش نبقاو ليهم غير عبيد [المقطع الثاني : لڭناوي] ما باغي والو من هاد البلاد.. باغي غي نرتاح باغي التعادل وما ناكل وربحو بالرباح قطعنا اليأس من النجاح.. وبحينا بالصياح كاتأديونا وطلبونا نطلبو منكم السماح جيت للدنيا لقيت واليديا مفرشين كاشا على الضس وبا بتامارا مكرفس.. ومي كتجوع باش دس وكبرنا بأتاى والخبز.. والنهار المزوهر العدس لوبيا وحمص.. ما شبعانين دتا قص وما عندى ما نلبس او دمنا كايتمص تهرسنا مالقينا الكبص.. مألمين وقاطعين الحس غاديين غا بجنب الحيط .. هاكاك ومشينا للحبس غتاصبتو لينا الكرامة.. وكسرتو فينا النفس خسرنا معاكم العمر.. مابقاش ليا علاش نخاف حنايا مالين الدار.. وعيشتونا فيها ضياف كيفاش غانحب هاد الوطن.. لي هاز عليا الكتاف كحلتو الدنيا فعينى.. حياة بدون هدَف [اللازمة : لزعر] بإسم الشعب.. عاش الشعب..وعاش لي درويش ياما رانى ساخط.. كي بغيتنى ما ندويش غرقونا بالحشيش.. ودمرو حياتنا بالفانيد مينطو حلامنا ولاد الكلب .. باش نبقاو ليهم غير عبيد بإسم الشعب.. عاش الشعب..وعاش لي درويش ياما رانى ساخط.. كي بغيتنى ما ندويش غرقونا بالحشيش.. ودمرو حياتنا بالفانيد مينطو حلامنا ولاد الكلب .. باش نبقاو ليهم غير عبيد [المقطع الثاني : ولد الڭرية] انا من الذل، الجوع والقهرة .. فين عليا بكات أمى كي السراط مشيت للشعرة.. كتبت حروفها من دمي جالا جات فكتاب القاري.. رسالة جات من عند أمى لى حامينا حرامينا.. كولشي فهم بلا ما نسمي عدنا أمير المدمنين.. لبس سلهام د الأسلام مستشار وعرق يهودى.. البرا الدروة اغولاى نصف الشعب رديتوه يسعي.. ونتا حتافل بفاتح ماي لي شادينها يعرفو الله.. اودي ميمتي غير نساي كلبنا سادسنا.. حاكمنا ضالمنا كلاب الكساوى قمعونا عطونا حقنا فهاد البلاد.. ولا جمعونا وعدمونا عطينى حقي ولا شارجي وتيري فيا سلاح الموت الله الوطن، الثالث يمشي.. هادا شعار ديال الخوت نموت لك راجل حسن ما تعيش.. عندك هوية فيها مشموت قلبي خوف من الله الأحد.. ماشي من ديكتاتور مكبوت غادى لعب بالخفيف.. بالي بلا منزيد نتقل هادو تلاتة لى فالبلاد.. دايرين كيف الضراس د العقل حكمنا كاع ما ساوى والو من غير بوليد وسقال غير خودونا غير عدمونا.. لوحونا فى البحر بالحجر والتقال غير لي هدر بإسم الشعب وقال العيب فلي حاكم ردوه اسلامي متطرف.. قالو ارهابي وغادى يساهم اشمن خير غادى تلقا.. فبلاد جدورها غير كزادم نهار شدو زمام الأمور.. سعاو فالطيلي 5 دراهم [اللازمة : لزعر] بإسم الشعب.. عاش الشعب..وعاش لي درويش ياما رانى ساخط.. كي بغيتنى ما ندويش غرقونا بالحشيش.. ودمرو حياتنا بالفانيد مينطو حلامنا ولاد الكلب .. باش نبقاو ليهم غير عبيد بإسم الشعب.. عاش الشعب..وعاش لي درويش ياما رانى ساخط.. كي بغيتنى ما ندويش غرقونا بالحشيش.. ودمرو حياتنا بالفانيد مينطو حلامنا ولاد الكلب .. باش نبقاو ليهم غير عبيد
0844,Yousra Saouf,حبيبي مختلف (Habiby Mokhtalef),Maghrebi,الكلام ما يوصف صفاته حبيبي في زينه اية في عزة نفسه وفي خطواته في نظرة صارت حكاية سلبني روحي وبكلماته حيرني سالى معايا هو قاضي يحكم بحكامه هو شاعر رواية أنا حبيبي مختلف خلى عقلي تالف كيندير يا ناس معاه أنا حبيبي مختلف يعجبني إلى غار علي يحسسني بالأمان راجل بالمعنى وسمية فكرني بروميو د زمان إلى امرني نفذ من غير ما نتردد عليه الناس لموني والحساد في تحسد أنا حبيبي مختلف خلى عاقلي تالف كيندير يا ناس معاه أنا حبيبي مختلف الكلام ما يوصف صفاته حبيبي في زينه اية في عزة نفسه وفي خطواته في نظرة صارت حكاية سلبني روحي وبكلماته حيرني سالى معايا هو قاضي يحكم بحكامه هو شاعر رواية
0845,Khaled,وهران لمارساي (أورا ميكس) (Oran Marseille (Oran Mix)),Maghrebi,قولوا لعمري وقلبي ما ينساكشي من وهران لمارساي دلّالي من وهران لمارساي دلّالي قولوا لعمري الكبدة اتقطعت بين زوج من وهران لمارساي دلّالي من وهران لمارساي دلّالي يانا بغيت لقليبي المحنة الفاكرة من وهران لمارساي دلّالي من وهران لمارساي دلّالي خلّوا البحَر ياكُلني ولّا زعافها من وهران لمارساي دلّالي من وهران لمارساي دلّالي يانا كليت الهمة يانا بيها نهنيها من وهران لمارساي دلّالي من وهران لمارساي دلّالي يانا كليت اللفعة يا بيها نسمّيها من أورا لمارساي دلّالي من وهران لمارساي دلّالي حتى نقول نبطّل وترضى لي علي من وهران لمارساي دلّالي من وهران لمارساي دلّالي تلمون نبغيها يا نبدا نجيبها من وهران لمارساي دلّالي من أورا لمارساي دلّالي واختي الزين العربي وتقول قوري من وهران لمارساي دلّالي من وهران لمارساي دلّالي يعطيكي محنة كي محَنتي تعديبك وآه من وهران لمارساي دلّالي من وهران لمارساي دلّالي
0846,Hatim Ammor,Psychologue,Maghrebi,La tsa2lni la tsawlni 3la 7al ennas 3yiti ma twsl lklam bayna Allah y7d lbas Ya mali w malhom 7ali w 7alhom Wallah ma yqddo ydkhlo li had rras 3yit njarrb kol lila chi khtrat Nshrb anaya kisan f lbar w nsali bshi ntrat Ya qalo maloh 7kayto 7kaya Kandor bin fam ennas ya wddi wah 7ta dakh rras w 3ad bda yshki hammi Ntfkr lbare7 ta khoyi wla ddydi
0847,Lotfi DK,Rap Lourd,Maghrebi,دوكة نبدا bien، نكتب ڨد ڨد كلام كامل، قادر ومڨدّد انا كلامي ندڨدڨ نديڨلانڨي ندڨل كي تڨدّم ما تكدّب انا كلامي هيبة، موهبة، مهيبلة مهدهد مهم ما نهدّد ما نهدر بلا ما ننهدّم ما نهدّأ مي ديما مهدّد مالا تهدّن ! (تهدن) تربّى ياباد مع اولاد عنّابة پاپا والفنا الغربة من صغرنا وخاطينا البلابلابلابلا بنّة والظرافة والرطابة تتبلّى علينا، تتربّى ضربة على ضربة كل مرة؛ طبرا تاطرا تطلع برّة بكري سمّاونا الفلّاڨة من سطيف لڨالمة لخرّاطة واليوم كي جبدنا الفنّة دة اهم ڨالوا علينا خلّاطة وڨّفنا ضد المخطّطات خيطوا الخطّة بالخِطابة تغرقوا الغاشي في الخطّاطة زطلة غبرة كل خبّاطة رجعوا الشبيبة مغمّضة ماذابيهم تخطي البوليتيك تيلمو عيّينا ملّينا ولّينا كلنا بوليميك احكي على التِكنيك ـles déclicsـ les piques lyrics ـ ولّا les répliques ـl'équipeـ la clique ولّا عالـpublic ـles bites rythmiques ولا البريك بيت هذايا راپ Lourd راپ fool راپ غول راپ hool راپ boom راپ تاع واحد مهبول راپ ديما engagé، والله شي او ديما اونڨاجي ـenragé، راه ديما ساجي باش يتفاجي عالغاشي (X2) رولي رولي، من بكري كانوا يڨولوا عليّا حنكولي كانوا يڨولوا بلّي هاو يبريكولي وكلماته كل كوپيي كولي كنّنا نبانوا كابرين تڨول في كوري بـ la dictature كيما لاكوري 1 وانا ديما من كاپ كاناڥِران كلامي يديكوني يديكولي راپ كروني اني ڨلتها بكري كاش ياك غنايا بلا ميساج كي شغل فوطو بلا الفلاش كِشغل جندي بلا الكلاش ولّا جيجل بلا ذوك les plages كِشغل دحمان بلا الحرّاش ولّا Guns N'Roses بلا السلاش يعني باينة ماتصلحش كل كلمة تجي معاها كلمة كِشغل نڨولّك سطيف، تقولّ لي جميلة ومعاه العلمة معلوم العلّة راهي عنّا وعالمعموم راهي عند العامّة نعطيكم معلومة عنها معايا تدير ثقافة عامّة كي نڨولّك الأنبياء تڨول لي: الشّام وبلاد فارس كي نڨولّك الـNBA تڨول لي: les bolls و les leakers نڨولّك Bob ـ: les Wailers California ـ: les Eagles وكي نڨولّك الروك تڨول لّي الـStones و les Beatles كل حاجة عنوانها بارز من الروم للـEmpire des Perses الحقد ديما يتبارز والحق لازم له فارس الحڨرة راهي كي تتمارس تتحايد ولّا تتحاوز تحبّك حازن وحابس مالا اسمع باه تزيد تتحمّس اني مواطن 'لي يباطي يكومباطي الظلم ولّا الباطل مشني بطل جامي نبطل حتّى نبدّل ما هو باطن ماضي نناضل نبادر، نهدر قلبي نابض للمناظر هوما مرضى، ولّاو ماربر باردين perdu في المنابر درك راني نناظر ونحاضن نحاول نكون حاضر ونحذّر حايب نحارب ونحاذر من لحمي حبري ينحدر وانت راك حامل المحاين في حياتك حالم راك حايب بصح محال راك تتحايل على ذيكة فيا راك حاير هذايا راپ Lourd راپ fool راپ غول راپ hool راپ boom راپ تاع واحد مهبول راپ ديما engagé، والله شي او ديما اونڨاجي ـenragé، راه ديما ساجي باش يتفاجي عالغاشي (X2) الغنا حلال ولّا حرام انا ما نفتي ما نحاسب كاين وش قال ابن تيمية و وش قال ابن حزم القضية كي التحزب كل واحد بقناعته المهم الدين مبني على خمسة ولازم نحافظوا على قواعده ما تكونش كيما دوك 'لي يقعدوا في شوكة متشددين الشارع شايع وشبّع بشباب متشردين الكاشي شرّه كبير الشراب كِشغل اهو بير والـjeune اهم جرّوا بحياته شعلت كِتشرنوبيل اه دير وش تدير تنصح تصلح وتكون الصح بصح الناس راحَة تقسح يڨولوا انت 'لي ما تصلح اسمع صوتك راح يتصدّع تصبح انسان قاسي ومنسي عاصي ومرزي بسيف بسيف تخطي راسي ونفسي نفسي راح يڨولوا باطار راح يڨولوا غدّار راح يڨولوا هدّار راح يڨولوا حڨّار راح يڨولوا طروطار راه عڨب رادار درك جيب الكبران يهبطوا المطار راح يڨولوا خربها وهردها هدّد، هدّمها وندبها حاب يلهبها ويتهنّى يحكي على همها ويتهمّها كيما انا ڨالوا عليا: راه fool راه mort، راه يموت راه يكسّر les tabous ڨالوا عليا: راه يدور راه يبور راه يذوب راه اليوم كلماته Tabou ڨالوا خايب خاين دراپو كفنه دفنه حفروا دراپو قف في الطابور ركب في باطو طردوه طردوه طردوه فض كيما كريم طابو كاين 'لي يڨولوا حڨروه كاين 'لي يڨولوا حركوه كاين 'لي يڨولوا حرضوه كاين 'لي يڨولوا حظروه كاين 'لي يڨولوا حذروه كاين 'لي يڨولوا حاربوه كاين 'لي يڨولوا راه معَوّل بالعاني على العالم يعاير المعالِيم بعمايله ربح غير الدعاوي يعاني مي معاه الرب العالي هذايا راپ Lourd راپ fool راپ غول راپ hool راپ boom راپ تاع واحد مهبول راپ ديما engagé، والله شي او ديما اونڨاجي ـenragé، راه ديما ساجي باش يتفاجي عالغاشي (X2) 1. كوريا شمالية
0848,Si Lemhaf,Fok 3aad,Maghrebi,"3arqi chertellah, masbout fi bit laq3aad Nbarbech fel connection, qallek tekhdem sa3aat L karhba en panne mlaw7a men nhar la7ad (7ad) (7ad) L'ordina(teur) mhattek-tek-tek-tek maqal 7ad 7ad Korsi il birou 7moum tqoul qa3ed fe stade W el lavabou mazdoud qoddemou tqoul qa3ed nestad Zla3t seqi fi 3adhra, chahrine la tawa ma brat 7oumti kol mitrou 7ofra, bellehi fok 3aad F f f Fok 3aaaad, Fok 3aaaad-Fok 3aaad F f f Fok 3aaaad, Fo Fok 3aaaad-Ti Fok 3aaad F f f Fok 3aaaad, Fok 3aaaad-Fok 3aaad F f f Fok 3aaaad, Fo Fok 3aaaad-Ti Fok 3aaad Ki tchatti chwaya nji nsurfi f il faydhanet (net) (net) B jambi el koll tetdhammer, kbar zghar wled webnet 3andi lista sitet, enjarreb la page mchet Qrit fi lycee mdammer, la7yout 7achek papier toilette Qtates w kleb tartine fel keyeset W ki na3mel telifoun, tqoul notlob fi robowet Tah qolli chnowa l7al, en3ani meresowet W haw echarge wfet, bellehi fok 3ed F f f Fok 3eeeed, Fok 3eeeed-Fok 3eeed F f f Fok 3eeeed, Fok 3eeeed-Ti Fok 3eeed F f f Fok 3eeeed, Fok 3eeeed-Fok 3eeed F f f Fok 3eeeed, Fok 3eeeed-Ti Fok 3eeed Nachta7 kima n7eb hani nbambi ki waka waka Msakker fomi wnerkez w chqawlek behichi haka Jey nbaddel f ejjaou, okhti mouch jey bech netchakka W idha ma 3ajbekchi, hiz dabchek w barra ettakka. F f f Fok 3eeeed, Fok 3eeeed-Fok 3eeed F f f Fok 3eeeed, Fok 3eeeed-Ti Fok 3eeed F f f Fok 3eeeed, Fok 3eeeed-Fok 3eeed F f f Fok 3eeeed, Fok 3eeeed-Ti Fok 3eeed Yezzitchi tawa?"
0849,Sarit Hadad,לערוסה/עתונילקס (La'arusa),Maghrebi,לכל המרוקאים שנמצאים כאן איתנו בצרפת... אנא לערוסה אנא טילאלי וויגה בבה ג'אווה ורג'לי סובין סאללה לעריס לעריס אנא לערוסה ראסי לריס נוזל בסאללה סובילגרדו ... עטיווני אלקאס אלחבאב עטיווני אלקאס עטיווני אלקאס פאש אלמולי שואש ארוני אלקאס אלחבאב עטיווני אלקאס ודאק אלקאס נמנסיק לא מנה כאס ויס פיה האלא חבאב מא פי והלי שרבתו עלא מעאק לראיב ודבייבי ודהו יאמו ודביב ועמלי וירג’א יאול חביב עטיווני אלקאס אלחבאב עטיווני אלקאס עטיווני אלקאס פאש אלמולי שואש ארוני אלקאס אלחבאב עטיווני אלקאס ודאק אלקאס נמנסיק לא מנה וולויסקי סודהיה ואמתי ודיהיה לא מיניש נאי שווי עני ומטח ללג’בל אלעדאלי עטיווני אלקאס אלחבאב עטיווני אלקאס עטיווני אלקאס פאש אלמולי שואש ארוני אלקאס אלחבאב עטיווני אלקאס ודאק אלקאס נמנסיק לא מנה מוסיקא
0850,Oulahlou,حرقونا (Hommage à Djamel Bensmail) (Hargouna),Maghrebi,بسم الله نبدا بصلاتي وسلامي مفتاح الابيات يا ناس الغيوان اياتي والسهرة معاكم حيات وصغري 'دّى يا البنات والقعدة معاكم حلات والقعدة معاكم حلات في الماية والزيداني وداني، داني، داني كي كنت على ديداني وداني، داني، داني ودار الزمن وبقيته حلاني اليلة ومعاك الليلة خير من الف ليلة وليلة انا وياك يا الخليلة ودموع اوطارك الحنينة بحجر الظلمة تخبينا تحت النجوم شحال غنينا تحت النجوم شحال غنينا في الماية والزيداني وداني، داني، داني كي كنت على ديداني وداني، داني، داني ودار الزمن وبقيته حلاني في بحر الماضي تخلوينا موجة دوقة تسايل السفينة ياويلك يا وجه النوارة ويلك يا اخدود الياسمين عيى عين الفوارة كي تفكرتك يا الاميمة كي تفكرتك يا الاميمة في الماية والزيداني وداني، داني، داني كي كنت على ديداني وداني، داني، داني ودار الزمن وبقيته حلاني طار الحمام، راح وخلاني لوكان خير معاه دّاني نشوف المنكر عيناني وَلا نضربوا بالمعاني اهوَ بجيوش وفرساني اش ندير انا باقلامي اش ندير انا باقلامي في الماية والزيداني وداني، داني، داني كي كنت على ديداني وداني، داني، داني ودار الزمن وبقيته حلاني حرقونا الشمايت حرقونا حرقونا اولاد الحرام حرقونا حيين حرقونا الطف بينا يا رحمن حرقونا وحرقوك معانا ربي يرحمك يا جمال 1 ربي يرحمك يا جمال 1 في الماية والزيداني وداني، داني، داني كي كنت على ديداني وداني، داني، داني ودار الزمن وبقيته حلاني اه داني، داني، داني داك الواد الواد داني وداني، داني، داني كبحر الطوفان رماني وداني، داني، داني كي كنت على ديداني وداني، داني، داني ودار الزمن وبقيته حلاني (x4) 1. a. b. جمال بن سماعيل
0851,Si Lemhaf,آه (Ah),Maghrebi,"آه، آه، آه، آه! آه، آه، آه، آه! نزلت على جروح مش ناوية تبلح نجبد مروح ونخرج أوجاع من داخل مضروب و نداوي بالنجاح وشنوة المطلوب بش بلي يرتاح؟ كبرت مع الضرب و مصنف بحدود نطاوع في العرف و الفكر المحدود فاش قام المجهود و فاش قام الدرس أش خبى المرفوض و أش صنع الهمز؟ أش تعرف مل ورد يا عاشق السلاح؟ ما تطلب إسمح كان فمك عال الفرد أش منطق القلب كي جاوب الحيوت؟ شربحنا من حرب كي تبقى الأشباح؟ خارج عالعسار ب و خايف مل وقت حاسس بالبرد و عارق بالضغط معادش نتعلم لي يحسن و يفيد لازمني نتبهّم لا ندخل في حيط ما فدش سكات كملته في الطويل ما فدش عياط و دباير الليل لحرابش ل أشعب و شكونو الـ ""psy""؟ وينك يا الرب و ليدعا لك حزين غلطوني في المكتب، في الدار و في الدين يساري لي تكتب حبوها لليمين طمعو بمستقبل جرّوني كالخيل قدّاش باش نستحمل خليوني ترانكيل آه، آه، آه، آه! آه، آه، آه، آه! شركة في الرقبة و مزالنا العبيد نحلّو في العقدة و لازمنا تجديد كي الدولة كي الشعب من نفس النفاق حصلوا في الخدعة و يسبّوا لي فاق ردع و يسّق و بالسيف عليك كل خطوة بحساب و الحاجز في الطريق نتقاسوا بأملاك و سوم كسويك معادش أذواق وحياتنا تسويق عندي هال فنّ و العائلة القريبة معالج الآلام و الضحكة تواتيني صحة البدن و قعدت في جنينة ما حاشتي بمحن اللي فمة مزّزيني في وذني الألحان و ركّشت لتالي فاهم اللي خان، اللي تخانوا و زنّي فاهم اللي عطى و فهمت الأنانية فارز الحرام الحلال و الإنساني نعرف اللي تضِيض و وزنت الأماني مغمض العين و لسانها في لساني نعمل في العيب حزامها في حزامي نعرف اللي صعيب باش تفهم أحزاني نخذك قد عقلك ارتاحلي و يلزمني نخمم في راسي و نضمهم لصدري خمّم في عقلك معادش مستني مسلّم في نفسي و بيناتهم كالدمي نكتبلك من توا هال أسطر اللي تعني تو يوصلوا بالمدة و كي يرجع الوعي المعنى و رميتو و إحساسي مشجعني وحدي في البيت و ستايلو طاوعني آه!"
0852,Hameed Al-Shaery,جيت يا شتا (Jeet Ya Sheta),Maghrebi,ياني ياني، ياني ياني جيت يا شتا، شايل معاك أسرار جيت يا شتا، احكي ع اللي صار جيت يا شتا، شايل معاك أسرار جيت يا شتا، احكي ع اللي صار جيت من بعيد، من أرض أجدادي شايل معاك دمعة من الوادي جيت من بعيد، من أرض أجدادي شايل معاك دمعة من الوادي جيت يا شتا، جيت يا شتا جيت يا شتا، جيت يا شتا شايل معاك أسرار شايل معاك أسرار جيت يا شتا، شايل معاك أسرار جيت يا شتا، احكي ع اللي صار جيت يا شتا، شايل معاك أسرار جيت يا شتا، احكي ع اللي صار احكيلي عن صبية، خليت معاها فؤادي من صغري أنا و هي، شربنا نبع الوادي احكيلي عن صبية، خليت معاها فؤادي من صغري أنا و هي، شربنا نبع الوادي احكيلي مهما كان فرقنا هالزمان و بقيت في النسيان جيت يا شتا، جيت يا شتا جيت يا شتا، جيت يا شتا شايل معاك أسرار شايل معاك أسرار جيت يا شتا، شايل معاك أسرار جيت يا شتا، احكي ع اللي صار جيت يا شتا، شايل معاك أسرار جيت يا شتا، احكي ع اللي صار جيت يا شتا، شايل معاك أسرار جيت يا شتا، احكي ع اللي صار جيت يا شتا
0853,Yousra Saouf,بغيتو حلالي (Bghito Halali),Maghrebi,خطفتو ولقلبي بغيتو حلالي اجي لعندي يا روحي انت غالي نتمنى نبقى جنبك وتكون ديالي اويلي من حبك ويلي يا غزالي خطفتو ولقلبي بغيتو حلالي اجي لعندي يا روحي انت غالي نتمنى نبقى جنبك وتكون ديالي اويلي من حبك ويلي يا غزالي الشوق بقلبي ديما يكبر ويزيد كثر عنو ما نصبر لا ولا نقدر نعيش منغير حبو لي حلمت بيه نبغيه نبغيه ولا نبغي غيرو هذا حلمي وبغيتو جنبي طول عمري ايدي بيديه خطفتو ولقلبي بغيتو حلالي اجي لعندي يا روحي انت غالي نتمنى نبقى جنبك وتكون ديالي اويلي من حبك ويلي يا غزالي هو حبيبي الزين ديالي شوفو حالي راه ادا عقلي ومتلفني وبحبو تبليت انا تكويت غير هو الي يعرف كيفاش يداوني تبان في عيوني بلي يبغيني هو عمري هو عمري خطفتو ولقلبي بغيتو حلالي اجي لعندي يا روحي انت غالي نتمنى نبقى جنبك وتكون ديالي اويلي من حبك ويلي يا غزالي خطفتو ولقلبي بغيتو حلالي اجي لعندي يا روحي انت غالي نتمنى نبقى جنبك وتكون ديالي اويلي من حبك ويلي يا غزالي
0854,Manal (Morocco),دنيا (Denia),Maghrebi,الدنيا غدارة و الناس حكارة والسوايع بدالة والفلك يدور مرضات النفوس عبدات الفلوس لاناهي ولا من يخاف القدوس غر الناس الطمع وغلب عليهم الجشع هادا ينصب هادا و هادا يزور الشهادة الدنيا ما تدوم وإلا دامت للفرعون راجع نفسك وخاف وخفف شوية على الكتاف والناقة ما ترضع الخروف والتراب هو لي يعمر الجوف الدنيا غدارة و الناس حكارة والسوايع بدالة والفلك يدور مرضات النفوس عبدات الفلوس لاناهي ولا من يخاف القدوس دير الخير ونساه دوز ليام وتلقاه فوض أمزك لله هو لكبير سبحانه الدنيا ما تدوم وإلا دامت للفرعون راجع نفسك وخاف وخفف شوية على الكتاف والناقة ما ترضع الخروف والتراب هو لي يعمر الجوف الدنيا غدارة و الناس حكارة والسوايع بدالة والفلك يدور مرضات النفوس عبدات الفلوس لاناهي ولا من يخاف القدوس
0855,Weld Lgriya,عاش الشعب (3acha cha3b),Maghrebi,[المقدمة : لزعر] لزعر، لڭناوي، لڭرية عاش الشعب غير قولى واش غنسكتو على خلا دار بها ولا على للي خور جدودنا بجددو وكلاها مغا يكفيكم معنا تهريب.. مغيكفيكم معنا قرطاس حالفين بربي ما غانتفاكو .. حتا نقبضو اللفعة من الراس [المقطع الأول : لزعر] ماجيتش نلحس ولا نعيش .. جيت نعطيك القنبول الا ما قادش تحس بهدرتي يالاه تنحا وزول شي كايخاف من هدرتنا .. وشي كايخاف من لسانا ما عارفيناش بلي مدبوحين .. والأزمة لي مهدرانا انا المقصح.. انا المذبوح.. انا المهضوم انا المواطن المغربي لي عمقتو جرحو نتوم انا لى بايعت وتباعيت.. انا لى تيقت وتخانيت انا لى جيبت الاستقلال.. وعمرى بيه ما حسيت انا الأم لي ماتوا ولادها.. فالبحور ياما بكيت انا الأب اللى رميتوه فالحدادة وبولادي ضحيت انا المواطن المقهور .. انا الدرويش المحكور انا الموجز المضروب.. انا المتعاقد المنبوذ انا الموطف لى رديتوه بالاقتطاعات مخنوق انا الحر.. لى مور الكرية مشدود انا الريفي لى كانحلم يزيان الريف انا الجبلي لى خليتو قدامو غي الكيف بلا ما تسولنى على الثروة.. شكون لي كلا فينا المال شكون لى مستافد من جوج بحور ومقالع الرمال شكون طاحن الفوسفاط.. وكاسب كاع الشركات الكبرى شكون طاحن البلاد طحين.. وباقي كايقلب على الثروة صباح الخير اشريف.. را صيفنا ولا خريف لا كنا 40 مليون.. را 30 كالسين معاك غي بالسيف كانأمنو بالله كنبغيو الوطن وكنموتو عالشعب ماغيبقاش الفقر..حيتاش كولشي غايهرب الهربة 2020 [اللازمة : لزعر] بإسم الشعب.. عاش الشعب..وعاش لي درويش ياما رانى ساخط.. كي بغيتنى ما ندويش غرقونا بالحشيش.. ودمرو حياتنا بالفانيد مينطو حلامنا ولاد الكلب .. باش نبقاو ليهم غير عبيد بإسم الشعب.. عاش الشعب..وعاش لي درويش ياما رانى ساخط.. كي بغيتنى ما ندويش غرقونا بالحشيش.. ودمرو حياتنا بالفانيد مينطو حلامنا ولاد الكلب .. باش نبقاو ليهم غير عبيد [المقطع الثاني : لڭناوي] ما باغي والو من هاد البلاد.. باغي غي نرتاح باغي التعادل وما ناكل وربحو بالرباح قطعنا اليأس من النجاح.. وبحينا بالصياح كاتأديونا وطلبونا نطلبو منكم السماح جيت للدنيا لقيت واليديا مفرشين كاشا على الضس وبا بتامارا مكرفس.. ومي كتجوع باش دس وكبرنا بأتاى والخبز.. والنهار المزوهر العدس لوبيا وحمص.. ما شبعانين دتا قص وما عندى ما نلبس او دمنا كايتمص تهرسنا مالقينا الكبص.. مألمين وقاطعين الحس غاديين غا بجنب الحيط .. هاكاك ومشينا للحبس غتاصبتو لينا الكرامة.. وكسرتو فينا النفس خسرنا معاكم العمر.. مابقاش ليا علاش نخاف حنايا مالين الدار.. وعيشتونا فيها ضياف كيفاش غانحب هاد الوطن.. لي هاز عليا الكتاف كحلتو الدنيا فعينى.. حياة بدون هدَف [اللازمة : لزعر] بإسم الشعب.. عاش الشعب..وعاش لي درويش ياما رانى ساخط.. كي بغيتنى ما ندويش غرقونا بالحشيش.. ودمرو حياتنا بالفانيد مينطو حلامنا ولاد الكلب .. باش نبقاو ليهم غير عبيد بإسم الشعب.. عاش الشعب..وعاش لي درويش ياما رانى ساخط.. كي بغيتنى ما ندويش غرقونا بالحشيش.. ودمرو حياتنا بالفانيد مينطو حلامنا ولاد الكلب .. باش نبقاو ليهم غير عبيد [المقطع الثاني : ولد الڭرية] انا من الذل، الجوع والقهرة .. فين عليا بكات أمى كي السراط مشيت للشعرة.. كتبت حروفها من دمي جالا جات فكتاب القاري.. رسالة جات من عند أمى لى حامينا حرامينا.. كولشي فهم بلا ما نسمي عدنا أمير المدمنين.. لبس سلهام د الأسلام مستشار وعرق يهودى.. البرا الدروة اغولاى نصف الشعب رديتوه يسعي.. ونتا حتافل بفاتح ماي لي شادينها يعرفو الله.. اودي ميمتي غير نساي كلبنا سادسنا.. حاكمنا ضالمنا كلاب الكساوى قمعونا عطونا حقنا فهاد البلاد.. ولا جمعونا وعدمونا عطينى حقي ولا شارجي وتيري فيا سلاح الموت الله الوطن، الثالث يمشي.. هادا شعار ديال الخوت نموت لك راجل حسن ما تعيش.. عندك هوية فيها مشموت قلبي خوف من الله الأحد.. ماشي من ديكتاتور مكبوت غادى لعب بالخفيف.. بالي بلا منزيد نتقل هادو تلاتة لى فالبلاد.. دايرين كيف الضراس د العقل حكمنا كاع ما ساوى والو من غير بوليد وسقال غير خودونا غير عدمونا.. لوحونا فى البحر بالحجر والتقال غير لي هدر بإسم الشعب وقال العيب فلي حاكم ردوه اسلامي متطرف.. قالو ارهابي وغادى يساهم اشمن خير غادى تلقا.. فبلاد جدورها غير كزادم نهار شدو زمام الأمور.. سعاو فالطيلي 5 دراهم [اللازمة : لزعر] بإسم الشعب.. عاش الشعب..وعاش لي درويش ياما رانى ساخط.. كي بغيتنى ما ندويش غرقونا بالحشيش.. ودمرو حياتنا بالفانيد مينطو حلامنا ولاد الكلب .. باش نبقاو ليهم غير عبيد بإسم الشعب.. عاش الشعب..وعاش لي درويش ياما رانى ساخط.. كي بغيتنى ما ندويش غرقونا بالحشيش.. ودمرو حياتنا بالفانيد مينطو حلامنا ولاد الكلب .. باش نبقاو ليهم غير عبيد
0856,Yousra Saouf,حبيبي مختلف (Habiby Mokhtalef),Maghrebi,الكلام ما يوصف صفاته حبيبي في زينه اية في عزة نفسه وفي خطواته في نظرة صارت حكاية سلبني روحي وبكلماته حيرني سالى معايا هو قاضي يحكم بحكامه هو شاعر رواية أنا حبيبي مختلف خلى عقلي تالف كيندير يا ناس معاه أنا حبيبي مختلف يعجبني إلى غار علي يحسسني بالأمان راجل بالمعنى وسمية فكرني بروميو د زمان إلى امرني نفذ من غير ما نتردد عليه الناس لموني والحساد في تحسد أنا حبيبي مختلف خلى عاقلي تالف كيندير يا ناس معاه أنا حبيبي مختلف الكلام ما يوصف صفاته حبيبي في زينه اية في عزة نفسه وفي خطواته في نظرة صارت حكاية سلبني روحي وبكلماته حيرني سالى معايا هو قاضي يحكم بحكامه هو شاعر رواية
0857,Khaled,وهران لمارساي (أورا ميكس) (Oran Marseille (Oran Mix)),Maghrebi,قولوا لعمري وقلبي ما ينساكشي من وهران لمارساي دلّالي من وهران لمارساي دلّالي قولوا لعمري الكبدة اتقطعت بين زوج من وهران لمارساي دلّالي من وهران لمارساي دلّالي يانا بغيت لقليبي المحنة الفاكرة من وهران لمارساي دلّالي من وهران لمارساي دلّالي خلّوا البحَر ياكُلني ولّا زعافها من وهران لمارساي دلّالي من وهران لمارساي دلّالي يانا كليت الهمة يانا بيها نهنيها من وهران لمارساي دلّالي من وهران لمارساي دلّالي يانا كليت اللفعة يا بيها نسمّيها من أورا لمارساي دلّالي من وهران لمارساي دلّالي حتى نقول نبطّل وترضى لي علي من وهران لمارساي دلّالي من وهران لمارساي دلّالي تلمون نبغيها يا نبدا نجيبها من وهران لمارساي دلّالي من أورا لمارساي دلّالي واختي الزين العربي وتقول قوري من وهران لمارساي دلّالي من وهران لمارساي دلّالي يعطيكي محنة كي محَنتي تعديبك وآه من وهران لمارساي دلّالي من وهران لمارساي دلّالي
